{
    "sentiment_analysis": [
        {
            "positive": [
                {
                    "sentiment": "amazing",
                    "topic": null,
                    "score": 0.92918022736709,
                    "original_text": "This is amazing!",
                    "original_length": 16,
                    "normalized_text": "This is amazing!",
                    "normalized_length": 16,
                    "offset": 0
                },
                {
                    "sentiment": "Great job",
                    "topic": null,
                    "score": 0.48140488590501,
                    "original_text": "Great job",
                    "original_length": 9,
                    "normalized_text": "Great job",
                    "normalized_length": 9,
                    "offset": 17
                },
                {
                    "sentiment": "rational",
                    "topic": null,
                    "score": 0.79233520429398,
                    "original_text": "you're being rational",
                    "original_length": 21,
                    "normalized_text": "you're being rational",
                    "normalized_length": 21,
                    "offset": 697
                },
                {
                    "sentiment": "gorgeous",
                    "topic": "That framerate",
                    "score": 0.92918022736709,
                    "original_text": "That framerate is gorgeous!",
                    "original_length": 27,
                    "normalized_text": "That framerate is gorgeous!",
                    "normalized_length": 27,
                    "offset": 757
                }
            ],
            "negative": [
                {
                    "sentiment": "just a really bad name",
                    "topic": null,
                    "score": -0.95721724191135,
                    "original_text": "but that's just a really bad name",
                    "original_length": 33,
                    "normalized_text": "but that's just a really bad name",
                    "normalized_length": 33,
                    "offset": 719
                },
                {
                    "sentiment": "noticed a few errors",
                    "topic": null,
                    "score": -0.53737911752644,
                    "original_text": "noticed a few errors",
                    "original_length": 20,
                    "normalized_text": "noticed a few errors",
                    "normalized_length": 20,
                    "offset": 816
                },
                {
                    "sentiment": "incorrect",
                    "topic": null,
                    "score": -0.79233520429398,
                    "original_text": "it is incorrect",
                    "original_length": 15,
                    "normalized_text": "it is incorrect",
                    "normalized_length": 15,
                    "offset": 979
                },
                {
                    "sentiment": "rocky",
                    "topic": null,
                    "score": -0.57345066344102,
                    "original_text": "it is rocky",
                    "original_length": 11,
                    "normalized_text": "it is rocky",
                    "normalized_length": 11,
                    "offset": 1048
                }
            ],
            "aggregate": {
                "sentiment": "slightly positive",
                "score": 0.033964789720048
            }
        }
    ]
}