[
    {
        "number": "1",
        "stopTime": "00:00:03,360",
        "startTime": "00:00:00,000",
        "text": "our lonely patch of the sky just got a\n"
    },
    {
        "number": "2",
        "stopTime": "00:00:05,580",
        "startTime": "00:00:02,070",
        "text": "little less lonely with the\n"
    },
    {
        "number": "3",
        "stopTime": "00:00:07,770",
        "startTime": "00:00:03,360",
        "text": "identification of a rocky earth-sized\n"
    },
    {
        "number": "4",
        "stopTime": "00:00:10,950",
        "startTime": "00:00:05,580",
        "text": "planet neighboring the star closest to\n"
    },
    {
        "number": "5",
        "stopTime": "00:00:13,349",
        "startTime": "00:00:07,770",
        "text": "our own Sun on August twenty-fourth 2016\n"
    },
    {
        "number": "6",
        "stopTime": "00:00:15,299",
        "startTime": "00:00:10,950",
        "text": "researchers announced the exciting news\n"
    },
    {
        "number": "7",
        "stopTime": "00:00:18,060",
        "startTime": "00:00:13,349",
        "text": "that they had positively identified a\n"
    },
    {
        "number": "8",
        "stopTime": "00:00:20,250",
        "startTime": "00:00:15,299",
        "text": "planet about 1.3 times the size of Earth\n"
    },
    {
        "number": "9",
        "stopTime": "00:00:29,580",
        "startTime": "00:00:18,060",
        "text": "orbiting the red dwarf star Proxima\n"
    },
    {
        "number": "10",
        "stopTime": "00:00:31,230",
        "startTime": "00:00:20,250",
        "text": "Centauri 4.2 light-years away the\n"
    },
    {
        "number": "11",
        "stopTime": "00:00:33,030",
        "startTime": "00:00:29,580",
        "text": "researchers made the discovery by\n"
    },
    {
        "number": "12",
        "stopTime": "00:00:35,340",
        "startTime": "00:00:31,230",
        "text": "observing the star carefully over long\n"
    },
    {
        "number": "13",
        "stopTime": "00:00:38,040",
        "startTime": "00:00:33,030",
        "text": "periods of time they found that once\n"
    },
    {
        "number": "14",
        "stopTime": "00:00:40,440",
        "startTime": "00:00:35,340",
        "text": "every 11.2 days the light from the star\n"
    },
    {
        "number": "15",
        "stopTime": "00:00:42,960",
        "startTime": "00:00:38,040",
        "text": "shifted ever so slightly a variation\n"
    },
    {
        "number": "16",
        "stopTime": "00:00:44,820",
        "startTime": "00:00:40,440",
        "text": "called a Doppler shift during which the\n"
    },
    {
        "number": "17",
        "stopTime": "00:00:46,379",
        "startTime": "00:00:42,960",
        "text": "star appeared to be moving toward Earth\n"
    },
    {
        "number": "18",
        "stopTime": "00:00:48,690",
        "startTime": "00:00:44,820",
        "text": "slightly and then away from Earth\n"
    },
    {
        "number": "19",
        "stopTime": "00:00:51,059",
        "startTime": "00:00:46,379",
        "text": "slightly that wobble indicated the\n"
    },
    {
        "number": "20",
        "stopTime": "00:00:53,100",
        "startTime": "00:00:48,690",
        "text": "presence of a planet but it's closest to\n"
    },
    {
        "number": "21",
        "stopTime": "00:00:55,500",
        "startTime": "00:00:51,059",
        "text": "us in distance and size isn't the only\n"
    },
    {
        "number": "22",
        "stopTime": "00:00:57,360",
        "startTime": "00:00:53,100",
        "text": "thrilling thing about the discovery the\n"
    },
    {
        "number": "23",
        "stopTime": "00:00:59,399",
        "startTime": "00:00:55,500",
        "text": "researchers also pointed out that the\n"
    },
    {
        "number": "24",
        "stopTime": "00:01:02,100",
        "startTime": "00:00:57,360",
        "text": "planet orbits the star in an area that\n"
    },
    {
        "number": "25",
        "stopTime": "00:01:03,870",
        "startTime": "00:00:59,399",
        "text": "might be considered habitable if Proxima\n"
    },
    {
        "number": "26",
        "stopTime": "00:01:05,850",
        "startTime": "00:01:02,100",
        "text": "be has managed to hang on to an\n"
    },
    {
        "number": "27",
        "stopTime": "00:01:08,220",
        "startTime": "00:01:03,870",
        "text": "atmosphere and liquid water it might be\n"
    },
    {
        "number": "28",
        "stopTime": "00:01:10,530",
        "startTime": "00:01:05,850",
        "text": "hospitable to life there is no guarantee\n"
    },
    {
        "number": "29",
        "stopTime": "00:01:13,530",
        "startTime": "00:01:08,220",
        "text": "that the planet has either an atmosphere\n"
    },
    {
        "number": "30",
        "stopTime": "00:01:16,560",
        "startTime": "00:01:10,530",
        "text": "or water Proxima be orbits Proxima\n"
    },
    {
        "number": "31",
        "stopTime": "00:01:20,310",
        "startTime": "00:01:13,530",
        "text": "Centauri every 11.2 days at a distance\n"
    },
    {
        "number": "32",
        "stopTime": "00:01:21,780",
        "startTime": "00:01:16,560",
        "text": "of 7.5 million kilometers or about 5% of\n"
    },
    {
        "number": "33",
        "stopTime": "00:01:24,689",
        "startTime": "00:01:20,310",
        "text": "the distance between the Earth and the\n"
    },
    {
        "number": "34",
        "stopTime": "00:01:27,119",
        "startTime": "00:01:21,780",
        "text": "Sun for comparison mercury orbits the\n"
    },
    {
        "number": "35",
        "stopTime": "00:01:29,880",
        "startTime": "00:01:24,689",
        "text": "Sun at an average of fifty seven point\n"
    },
    {
        "number": "36",
        "stopTime": "00:01:31,890",
        "startTime": "00:01:27,119",
        "text": "nine million kilometers if Proxima\n"
    },
    {
        "number": "37",
        "stopTime": "00:01:33,329",
        "startTime": "00:01:29,880",
        "text": "Centauri were like the Sun the short\n"
    },
    {
        "number": "38",
        "stopTime": "00:01:36,090",
        "startTime": "00:01:31,890",
        "text": "distance between the two would be enough\n"
    },
    {
        "number": "39",
        "stopTime": "00:01:38,130",
        "startTime": "00:01:33,329",
        "text": "to at least fry the planet's surface but\n"
    },
    {
        "number": "40",
        "stopTime": "00:01:40,979",
        "startTime": "00:01:36,090",
        "text": "Proxima Centauri is a much dimmer\n"
    },
    {
        "number": "41",
        "stopTime": "00:01:42,960",
        "startTime": "00:01:38,130",
        "text": "smaller star and at that distance of\n"
    },
    {
        "number": "42",
        "stopTime": "00:01:44,759",
        "startTime": "00:01:40,979",
        "text": "less than eight million kilometers the\n"
    },
    {
        "number": "43",
        "stopTime": "00:01:46,619",
        "startTime": "00:01:42,960",
        "text": "researchers estimate that the planet\n"
    },
    {
        "number": "44",
        "stopTime": "00:01:48,840",
        "startTime": "00:01:44,759",
        "text": "would get about sixty-five percent of\n"
    },
    {
        "number": "45",
        "stopTime": "00:01:50,850",
        "startTime": "00:01:46,619",
        "text": "the radiation that the earth proceeds\n"
    },
    {
        "number": "46",
        "stopTime": "00:01:53,159",
        "startTime": "00:01:48,840",
        "text": "without an atmosphere the temperature\n"
    },
    {
        "number": "47",
        "stopTime": "00:01:56,189",
        "startTime": "00:01:50,850",
        "text": "and Proxima B would be about negative 40\n"
    },
    {
        "number": "48",
        "stopTime": "00:01:58,319",
        "startTime": "00:01:53,159",
        "text": "degrees Celsius that's really cold but\n"
    },
    {
        "number": "49",
        "stopTime": "00:02:00,299",
        "startTime": "00:01:56,189",
        "text": "if earth didn't have an atmosphere our\n"
    },
    {
        "number": "50",
        "stopTime": "00:02:02,819",
        "startTime": "00:01:58,319",
        "text": "planet would be a chill negative 20\n"
    },
    {
        "number": "51",
        "stopTime": "00:02:05,459",
        "startTime": "00:02:00,299",
        "text": "degrees Celsius so we can't really talk\n"
    },
    {
        "number": "52",
        "stopTime": "00:02:07,170",
        "startTime": "00:02:02,819",
        "text": "the distance is close enough that if the\n"
    },
    {
        "number": "53",
        "stopTime": "00:02:09,149",
        "startTime": "00:02:05,459",
        "text": "planet managed to hang on to an\n"
    },
    {
        "number": "54",
        "stopTime": "00:02:11,879",
        "startTime": "00:02:07,170",
        "text": "atmosphere it could potentially support\n"
    },
    {
        "number": "55",
        "stopTime": "00:02:13,920",
        "startTime": "00:02:09,149",
        "text": "water in a liquid state that's if the\n"
    },
    {
        "number": "56",
        "stopTime": "00:02:16,049",
        "startTime": "00:02:11,879",
        "text": "planet formed in such a way that water\n"
    },
    {
        "number": "57",
        "stopTime": "00:02:19,019",
        "startTime": "00:02:13,920",
        "text": "in the protoplanet didn't just vaporize\n"
    },
    {
        "number": "58",
        "stopTime": "00:02:20,760",
        "startTime": "00:02:16,049",
        "text": "in the early solar system or if it had\n"
    },
    {
        "number": "59",
        "stopTime": "00:02:23,130",
        "startTime": "00:02:19,019",
        "text": "water delivered to it by comments later\n"
    },
    {
        "number": "60",
        "stopTime": "00:02:25,319",
        "startTime": "00:02:20,760",
        "text": "in its life if you're noticing a lot of\n"
    },
    {
        "number": "61",
        "stopTime": "00:02:27,450",
        "startTime": "00:02:23,130",
        "text": "ifs that's because a lot is still\n"
    },
    {
        "number": "62",
        "stopTime": "00:02:29,250",
        "startTime": "00:02:25,319",
        "text": "unknown about our new neighbor while\n"
    },
    {
        "number": "63",
        "stopTime": "00:02:31,200",
        "startTime": "00:02:27,450",
        "text": "computer models suggest that the planet\n"
    },
    {
        "number": "64",
        "stopTime": "00:02:32,940",
        "startTime": "00:02:29,250",
        "text": "could hold water or an atmosphere or\n"
    },
    {
        "number": "65",
        "stopTime": "00:02:34,530",
        "startTime": "00:02:31,200",
        "text": "even a magnetic field which would help\n"
    },
    {
        "number": "66",
        "stopTime": "00:02:36,569",
        "startTime": "00:02:32,940",
        "text": "deflect deadly radiation from the\n"
    },
    {
        "number": "67",
        "stopTime": "00:02:39,810",
        "startTime": "00:02:34,530",
        "text": "planet's surface there is no evidence\n"
    },
    {
        "number": "68",
        "stopTime": "00:02:41,760",
        "startTime": "00:02:36,569",
        "text": "yet of any of those things unfortunately\n"
    },
    {
        "number": "69",
        "stopTime": "00:02:44,220",
        "startTime": "00:02:39,810",
        "text": "heading out to Proxima Centauri for a\n"
    },
    {
        "number": "70",
        "stopTime": "00:02:47,220",
        "startTime": "00:02:41,760",
        "text": "visit might take some time well it is\n"
    },
    {
        "number": "71",
        "stopTime": "00:02:49,680",
        "startTime": "00:02:44,220",
        "text": "the closest star 4.24 layers is still a\n"
    },
    {
        "number": "72",
        "stopTime": "00:02:51,599",
        "startTime": "00:02:47,220",
        "text": "very long way and getting there would\n"
    },
    {
        "number": "73",
        "stopTime": "00:02:53,940",
        "startTime": "00:02:49,680",
        "text": "take thousands of years with our current\n"
    },
    {
        "number": "74",
        "stopTime": "00:02:56,250",
        "startTime": "00:02:51,599",
        "text": "technology check out our episode on\n"
    },
    {
        "number": "75",
        "stopTime": "00:02:57,959",
        "startTime": "00:02:53,940",
        "text": "light speed travel which details the\n"
    },
    {
        "number": "76",
        "stopTime": "00:02:59,819",
        "startTime": "00:02:56,250",
        "text": "trip to Alpha Centauri and the\n"
    },
    {
        "number": "77",
        "stopTime": "00:03:02,549",
        "startTime": "00:02:57,959",
        "text": "difficulty human space and getting there\n"
    },
    {
        "number": "78",
        "stopTime": "00:03:04,260",
        "startTime": "00:02:59,819",
        "text": "until we can develop warp drive or some\n"
    },
    {
        "number": "79",
        "stopTime": "00:03:06,389",
        "startTime": "00:03:02,549",
        "text": "other awesome tech that would allow us\n"
    },
    {
        "number": "80",
        "stopTime": "00:03:08,790",
        "startTime": "00:03:04,260",
        "text": "to launch a robotic or manned mission to\n"
    },
    {
        "number": "81",
        "stopTime": "00:03:10,349",
        "startTime": "00:03:06,389",
        "text": "Proxima be we will have to content\n"
    },
    {
        "number": "82",
        "stopTime": "00:03:12,750",
        "startTime": "00:03:08,790",
        "text": "ourselves with telescope based\n"
    },
    {
        "number": "83",
        "stopTime": "00:03:14,730",
        "startTime": "00:03:10,349",
        "text": "observations of the planet and rely on\n"
    },
    {
        "number": "84",
        "stopTime": "00:03:16,440",
        "startTime": "00:03:12,750",
        "text": "those observations and models to tell us\n"
    },
    {
        "number": "85",
        "stopTime": "00:03:19,349",
        "startTime": "00:03:14,730",
        "text": "more about what our closest neighbor\n"
    },
    {
        "number": "86",
        "stopTime": "00:03:21,269",
        "startTime": "00:03:16,440",
        "text": "really looks like in the meantime our\n"
    },
    {
        "number": "87",
        "stopTime": "00:03:22,980",
        "startTime": "00:03:19,349",
        "text": "generation will be defined by the\n"
    },
    {
        "number": "88",
        "stopTime": "00:03:24,959",
        "startTime": "00:03:21,269",
        "text": "continued discoveries of other\n"
    },
    {
        "number": "89",
        "stopTime": "00:03:26,849",
        "startTime": "00:03:22,980",
        "text": "potentially habitable worlds and our\n"
    },
    {
        "number": "90",
        "stopTime": "00:03:29,370",
        "startTime": "00:03:24,959",
        "text": "continued quest to prove that there is\n"
    },
    {
        "number": "91",
        "stopTime": "00:03:31,980",
        "startTime": "00:03:26,849",
        "text": "other life in our universe as Carl Sagan\n"
    },
    {
        "number": "92",
        "stopTime": "00:03:34,430",
        "startTime": "00:03:29,370",
        "text": "once said somewhere something incredible\n"
    },
    {
        "number": "93",
        "stopTime": "00:03:40,489",
        "startTime": "00:03:31,980",
        "text": "is waiting to be known\n"
    },
    {
        "number": "94",
        "stopTime": "00:03:42,290",
        "startTime": "00:03:34,430",
        "text": "want more click here and watch our video\n"
    },
    {
        "number": "95",
        "stopTime": "00:03:44,239",
        "startTime": "00:03:40,489",
        "text": "about the possibility of traveling to\n"
    },
    {
        "number": "96",
        "stopTime": "00:03:47,920",
        "startTime": "00:03:42,290",
        "text": "Alpha Centauri and don't forget to\n"
    },
    {
        "number": "97",
        "stopTime": "00:03:47,920",
        "startTime": "00:03:44,239",
        "text": "subscribe thanks for watching\n"
    }
]