{
    "sentiment_analysis": [
        {
            "positive": [
                {
                    "sentiment": "the exciting",
                    "topic": "news",
                    "score": 0.71229529207806,
                    "original_text": "the exciting news",
                    "original_length": 17,
                    "normalized_text": "the exciting news",
                    "normalized_length": 17,
                    "offset": 404
                },
                {
                    "sentiment": "thrilling",
                    "topic": null,
                    "score": 0.76532426517104,
                    "original_text": "thrilling thing about the discovery",
                    "original_length": 35,
                    "normalized_text": "thrilling thing about the discovery",
                    "normalized_length": 35,
                    "offset": 1528
                },
                {
                    "sentiment": "hospitable",
                    "topic": null,
                    "score": 0.33614558251462,
                    "original_text": "hospitable",
                    "original_length": 10,
                    "normalized_text": "hospitable",
                    "normalized_length": 10,
                    "offset": 1962
                },
                {
                    "sentiment": "time well",
                    "topic": null,
                    "score": 0.77418135736804,
                    "original_text": "time well it",
                    "original_length": 12,
                    "normalized_text": "time well it",
                    "normalized_length": 12,
                    "offset": 5022
                },
                {
                    "sentiment": "other awesome",
                    "topic": "tech",
                    "score": 0.80736214697808,
                    "original_text": "other awesome tech",
                    "original_length": 18,
                    "normalized_text": "other awesome tech",
                    "normalized_length": 18,
                    "offset": 5648
                },
                {
                    "sentiment": "potentially habitable",
                    "topic": "worlds",
                    "score": 0.27833846094931,
                    "original_text": "potentially habitable worlds",
                    "original_length": 28,
                    "normalized_text": "potentially habitable worlds",
                    "normalized_length": 28,
                    "offset": 6354
                },
                {
                    "sentiment": "thanks for watching",
                    "topic": null,
                    "score": 0.67489840558231,
                    "original_text": "subscribe thanks for watching",
                    "original_length": 29,
                    "normalized_text": "subscribe thanks for watching",
                    "normalized_length": 29,
                    "offset": 6921
                }
            ],
            "negative": [
                {
                    "sentiment": "our lonely",
                    "topic": "patch of the sky",
                    "score": -0.62801457251814,
                    "original_text": "our lonely patch of the sky",
                    "original_length": 27,
                    "normalized_text": "our lonely patch of the sky",
                    "normalized_length": 27,
                    "offset": 32
                },
                {
                    "sentiment": "would be about negative 40",
                    "topic": null,
                    "score": -0.57345066344102,
                    "original_text": "would be about negative 40",
                    "original_length": 26,
                    "normalized_text": "would be about negative 40",
                    "normalized_length": 26,
                    "offset": 3350
                },
                {
                    "sentiment": "negative",
                    "topic": "20",
                    "score": -0.62801457251814,
                    "original_text": "negative 20",
                    "original_length": 11,
                    "normalized_text": "negative 20",
                    "normalized_length": 11,
                    "offset": 3581
                },
                {
                    "sentiment": "deadly",
                    "topic": "radiation",
                    "score": -0.62801457251814,
                    "original_text": "deadly radiation",
                    "original_length": 16,
                    "normalized_text": "deadly radiation",
                    "normalized_length": 16,
                    "offset": 4721
                },
                {
                    "sentiment": "unfortunately",
                    "topic": null,
                    "score": -0.56857996205272,
                    "original_text": "unfortunately",
                    "original_length": 13,
                    "normalized_text": "unfortunately",
                    "normalized_length": 13,
                    "offset": 4880
                },
                {
                    "sentiment": "warp",
                    "topic": "drive",
                    "score": -0.46377052838785,
                    "original_text": "warp drive",
                    "original_length": 10,
                    "normalized_text": "warp drive",
                    "normalized_length": 10,
                    "offset": 5595
                }
            ],
            "aggregate": {
                "sentiment": "slightly positive",
                "score": 0.066053895323497
            }
        }
    ]
}