[
    {
        "number": "1",
        "stopTime": "00:00:03,840",
        "startTime": "00:00:00,030",
        "text": "this is Eugenia Cooney's face from 2012\n"
    },
    {
        "number": "2",
        "stopTime": "00:00:05,549",
        "startTime": "00:00:02,310",
        "text": "she has a decently healthy-looking face\n"
    },
    {
        "number": "3",
        "stopTime": "00:00:07,020",
        "startTime": "00:00:03,840",
        "text": "and since then as you can see things\n"
    },
    {
        "number": "4",
        "stopTime": "00:00:08,130",
        "startTime": "00:00:05,549",
        "text": "have changed quite a bit since I started\n"
    },
    {
        "number": "5",
        "stopTime": "00:00:09,570",
        "startTime": "00:00:07,020",
        "text": "making videos addressing Eugenia\n"
    },
    {
        "number": "6",
        "stopTime": "00:00:10,889",
        "startTime": "00:00:08,130",
        "text": "Cooney's obvious eating disorder you\n"
    },
    {
        "number": "7",
        "stopTime": "00:00:12,929",
        "startTime": "00:00:09,570",
        "text": "guys have posted quite a bit about her\n"
    },
    {
        "number": "8",
        "stopTime": "00:00:14,730",
        "startTime": "00:00:10,889",
        "text": "to an EC on XYZ most messages people\n"
    },
    {
        "number": "9",
        "stopTime": "00:00:16,289",
        "startTime": "00:00:12,929",
        "text": "post both productive for myself and for\n"
    },
    {
        "number": "10",
        "stopTime": "00:00:17,760",
        "startTime": "00:00:14,730",
        "text": "Eugenia there are negative messages that\n"
    },
    {
        "number": "11",
        "stopTime": "00:00:19,260",
        "startTime": "00:00:16,289",
        "text": "people post as well people say things\n"
    },
    {
        "number": "12",
        "stopTime": "00:00:20,699",
        "startTime": "00:00:17,760",
        "text": "like it's horrible your video so you\n"
    },
    {
        "number": "13",
        "stopTime": "00:00:21,750",
        "startTime": "00:00:19,260",
        "text": "insult a girl with an illness but it's\n"
    },
    {
        "number": "14",
        "stopTime": "00:00:23,880",
        "startTime": "00:00:20,699",
        "text": "fairly clear they're ignoring the key\n"
    },
    {
        "number": "15",
        "stopTime": "00:00:25,289",
        "startTime": "00:00:21,750",
        "text": "points one clearly at least 9 out of 10\n"
    },
    {
        "number": "16",
        "stopTime": "00:00:26,580",
        "startTime": "00:00:23,880",
        "text": "people understand that Eugenia Cooney\n"
    },
    {
        "number": "17",
        "stopTime": "00:00:27,810",
        "startTime": "00:00:25,289",
        "text": "actually has an eating disorder and is\n"
    },
    {
        "number": "18",
        "stopTime": "00:00:29,220",
        "startTime": "00:00:26,580",
        "text": "lying when she says she doesn't have an\n"
    },
    {
        "number": "19",
        "stopTime": "00:00:30,630",
        "startTime": "00:00:27,810",
        "text": "eating disorder - he's been repeatedly\n"
    },
    {
        "number": "20",
        "stopTime": "00:00:32,340",
        "startTime": "00:00:29,220",
        "text": "proven that Eugenia Cooney making her\n"
    },
    {
        "number": "21",
        "stopTime": "00:00:34,350",
        "startTime": "00:00:30,630",
        "text": "outfit videos and numerous other videos\n"
    },
    {
        "number": "22",
        "stopTime": "00:00:36,120",
        "startTime": "00:00:32,340",
        "text": "showing off her on healthily skinny body\n"
    },
    {
        "number": "23",
        "stopTime": "00:00:37,559",
        "startTime": "00:00:34,350",
        "text": "is triggering numerous young girls who\n"
    },
    {
        "number": "24",
        "stopTime": "00:00:38,790",
        "startTime": "00:00:36,120",
        "text": "starve themselves as well so he has\n"
    },
    {
        "number": "25",
        "stopTime": "00:00:40,829",
        "startTime": "00:00:37,559",
        "text": "someone who's lying to us and someone\n"
    },
    {
        "number": "26",
        "stopTime": "00:00:42,480",
        "startTime": "00:00:38,790",
        "text": "who is irrefutably hurting others due to\n"
    },
    {
        "number": "27",
        "stopTime": "00:00:43,860",
        "startTime": "00:00:40,829",
        "text": "the clear evidence against her that she\n"
    },
    {
        "number": "28",
        "stopTime": "00:00:45,000",
        "startTime": "00:00:42,480",
        "text": "is in fact hurting others but 3\n"
    },
    {
        "number": "29",
        "stopTime": "00:00:46,410",
        "startTime": "00:00:43,860",
        "text": "something you should understand is that\n"
    },
    {
        "number": "30",
        "stopTime": "00:00:48,360",
        "startTime": "00:00:45,000",
        "text": "the point of me making these videos is\n"
    },
    {
        "number": "31",
        "stopTime": "00:00:49,950",
        "startTime": "00:00:46,410",
        "text": "not to hurt Eugenia Cooney but I want\n"
    },
    {
        "number": "32",
        "stopTime": "00:00:51,390",
        "startTime": "00:00:48,360",
        "text": "this to be my final video on Eugenia\n"
    },
    {
        "number": "33",
        "stopTime": "00:00:52,710",
        "startTime": "00:00:49,950",
        "text": "Cooney despite the fact that a huge\n"
    },
    {
        "number": "34",
        "stopTime": "00:00:54,120",
        "startTime": "00:00:51,390",
        "text": "amount of you have shown significant\n"
    },
    {
        "number": "35",
        "stopTime": "00:00:55,440",
        "startTime": "00:00:52,710",
        "text": "interest in the last two videos I made\n"
    },
    {
        "number": "36",
        "stopTime": "00:00:56,730",
        "startTime": "00:00:54,120",
        "text": "about her mostly because of the\n"
    },
    {
        "number": "37",
        "stopTime": "00:00:57,989",
        "startTime": "00:00:55,440",
        "text": "following you guys remember me talking\n"
    },
    {
        "number": "38",
        "stopTime": "00:00:59,489",
        "startTime": "00:00:56,730",
        "text": "about this screenshot were actually\n"
    },
    {
        "number": "39",
        "stopTime": "00:01:00,870",
        "startTime": "00:00:57,989",
        "text": "looked up the texting question to find\n"
    },
    {
        "number": "40",
        "stopTime": "00:01:02,219",
        "startTime": "00:00:59,489",
        "text": "out if it was legitimately from her\n"
    },
    {
        "number": "41",
        "stopTime": "00:01:03,629",
        "startTime": "00:01:00,870",
        "text": "tumblr and then I realized it was in\n"
    },
    {
        "number": "42",
        "stopTime": "00:01:05,129",
        "startTime": "00:01:02,219",
        "text": "fact from her tumblr I also noted that\n"
    },
    {
        "number": "43",
        "stopTime": "00:01:07,290",
        "startTime": "00:01:03,629",
        "text": "she had thousands of other posts on that\n"
    },
    {
        "number": "44",
        "stopTime": "00:01:09,060",
        "startTime": "00:01:05,129",
        "text": "tumblr dating all the way back to 2010\n"
    },
    {
        "number": "45",
        "stopTime": "00:01:11,310",
        "startTime": "00:01:07,290",
        "text": "what seems like there's a 99% chance\n"
    },
    {
        "number": "46",
        "stopTime": "00:01:13,020",
        "startTime": "00:01:09,060",
        "text": "that Eugenia found out about her tumblr\n"
    },
    {
        "number": "47",
        "stopTime": "00:01:14,850",
        "startTime": "00:01:11,310",
        "text": "being the Achilles heel to her story\n"
    },
    {
        "number": "48",
        "stopTime": "00:01:16,290",
        "startTime": "00:01:13,020",
        "text": "that she's not anorexic as someone on\n"
    },
    {
        "number": "49",
        "stopTime": "00:01:17,790",
        "startTime": "00:01:14,850",
        "text": "the forums brought to my attention it\n"
    },
    {
        "number": "50",
        "stopTime": "00:01:19,080",
        "startTime": "00:01:16,290",
        "text": "seems that Eugenia has deleted her\n"
    },
    {
        "number": "51",
        "stopTime": "00:01:20,580",
        "startTime": "00:01:17,790",
        "text": "tumblr and I ask you does that seem like\n"
    },
    {
        "number": "52",
        "stopTime": "00:01:22,049",
        "startTime": "00:01:19,080",
        "text": "the behavior of someone who has nothing\n"
    },
    {
        "number": "53",
        "stopTime": "00:01:23,310",
        "startTime": "00:01:20,580",
        "text": "to hide or the behavior of someone who's\n"
    },
    {
        "number": "54",
        "stopTime": "00:01:24,780",
        "startTime": "00:01:22,049",
        "text": "running from the truth you go to the\n"
    },
    {
        "number": "55",
        "stopTime": "00:01:26,369",
        "startTime": "00:01:23,310",
        "text": "tumblr that was linked directly from her\n"
    },
    {
        "number": "56",
        "stopTime": "00:01:28,530",
        "startTime": "00:01:24,780",
        "text": "own youtube channel at tumblr she's been\n"
    },
    {
        "number": "57",
        "stopTime": "00:01:30,390",
        "startTime": "00:01:26,369",
        "text": "working on since 2010 and it is now\n"
    },
    {
        "number": "58",
        "stopTime": "00:01:32,520",
        "startTime": "00:01:28,530",
        "text": "completely wiped out no links no\n"
    },
    {
        "number": "59",
        "stopTime": "00:01:33,990",
        "startTime": "00:01:30,390",
        "text": "pictures especially no posts of her\n"
    },
    {
        "number": "60",
        "stopTime": "00:01:35,549",
        "startTime": "00:01:32,520",
        "text": "talking about her disorder as someone\n"
    },
    {
        "number": "61",
        "stopTime": "00:01:37,290",
        "startTime": "00:01:33,990",
        "text": "responded with wayback machine saved it\n"
    },
    {
        "number": "62",
        "stopTime": "00:01:38,939",
        "startTime": "00:01:35,549",
        "text": "if you do in fact go to that URL you'll\n"
    },
    {
        "number": "63",
        "stopTime": "00:01:40,619",
        "startTime": "00:01:37,290",
        "text": "find lo and behold there's her tumblr\n"
    },
    {
        "number": "64",
        "stopTime": "00:01:42,119",
        "startTime": "00:01:38,939",
        "text": "significantly as it was before I made a\n"
    },
    {
        "number": "65",
        "stopTime": "00:01:44,009",
        "startTime": "00:01:40,619",
        "text": "video addressing the fact that she was\n"
    },
    {
        "number": "66",
        "stopTime": "00:01:45,390",
        "startTime": "00:01:42,119",
        "text": "lying to you guys and I say fact with\n"
    },
    {
        "number": "67",
        "stopTime": "00:01:47,159",
        "startTime": "00:01:44,009",
        "text": "little doubt at this point because an\n"
    },
    {
        "number": "68",
        "stopTime": "00:01:48,420",
        "startTime": "00:01:45,390",
        "text": "honest person doesn't delete their\n"
    },
    {
        "number": "69",
        "stopTime": "00:01:50,159",
        "startTime": "00:01:47,159",
        "text": "tumblr that's of course is something\n"
    },
    {
        "number": "70",
        "stopTime": "00:01:52,049",
        "startTime": "00:01:48,420",
        "text": "significantly shady going on again if\n"
    },
    {
        "number": "71",
        "stopTime": "00:01:53,189",
        "startTime": "00:01:50,159",
        "text": "you click on archive at that URL a small\n"
    },
    {
        "number": "72",
        "stopTime": "00:01:54,479",
        "startTime": "00:01:52,049",
        "text": "percentage of the post that she\n"
    },
    {
        "number": "73",
        "stopTime": "00:01:55,799",
        "startTime": "00:01:53,189",
        "text": "previously had still show up\n"
    },
    {
        "number": "74",
        "stopTime": "00:01:57,030",
        "startTime": "00:01:54,479",
        "text": "fortunately before Eugenia wiped out a\n"
    },
    {
        "number": "75",
        "stopTime": "00:01:58,680",
        "startTime": "00:01:55,799",
        "text": "lot of her posts forever this user\n"
    },
    {
        "number": "76",
        "stopTime": "00:02:00,329",
        "startTime": "00:01:57,030",
        "text": "already proven to post accurate screen\n"
    },
    {
        "number": "77",
        "stopTime": "00:02:01,680",
        "startTime": "00:01:58,680",
        "text": "caps in the past also more recently\n"
    },
    {
        "number": "78",
        "stopTime": "00:02:02,700",
        "startTime": "00:02:00,329",
        "text": "posted the following someone says so\n"
    },
    {
        "number": "79",
        "stopTime": "00:02:04,409",
        "startTime": "00:02:01,680",
        "text": "happy to see that you're putting on\n"
    },
    {
        "number": "80",
        "stopTime": "00:02:05,909",
        "startTime": "00:02:02,700",
        "text": "weight you look healthier she says um\n"
    },
    {
        "number": "81",
        "stopTime": "00:02:07,320",
        "startTime": "00:02:04,409",
        "text": "I'm not putting on weight someone says\n"
    },
    {
        "number": "82",
        "stopTime": "00:02:08,250",
        "startTime": "00:02:05,909",
        "text": "you're getting fat please stop eating\n"
    },
    {
        "number": "83",
        "stopTime": "00:02:09,840",
        "startTime": "00:02:07,320",
        "text": "she says I can't tell if you're being\n"
    },
    {
        "number": "84",
        "stopTime": "00:02:11,190",
        "startTime": "00:02:08,250",
        "text": "serious I haven't gained weight though\n"
    },
    {
        "number": "85",
        "stopTime": "00:02:12,510",
        "startTime": "00:02:09,840",
        "text": "so I don't know how I could be getting\n"
    },
    {
        "number": "86",
        "stopTime": "00:02:14,069",
        "startTime": "00:02:11,190",
        "text": "fat and sitting on the same as I was\n"
    },
    {
        "number": "87",
        "stopTime": "00:02:15,299",
        "startTime": "00:02:12,510",
        "text": "before the person says you're so pretty\n"
    },
    {
        "number": "88",
        "stopTime": "00:02:16,650",
        "startTime": "00:02:14,069",
        "text": "you really need to gain some weight your\n"
    },
    {
        "number": "89",
        "stopTime": "00:02:18,150",
        "startTime": "00:02:15,299",
        "text": "arms and legs look really strange she\n"
    },
    {
        "number": "90",
        "stopTime": "00:02:19,439",
        "startTime": "00:02:16,650",
        "text": "says haha ok well thanks for saying I'm\n"
    },
    {
        "number": "91",
        "stopTime": "00:02:20,879",
        "startTime": "00:02:18,150",
        "text": "pretty but saying my arms and legs look\n"
    },
    {
        "number": "92",
        "stopTime": "00:02:22,409",
        "startTime": "00:02:19,439",
        "text": "kind of strange is kind of rude whether\n"
    },
    {
        "number": "93",
        "stopTime": "00:02:23,790",
        "startTime": "00:02:20,879",
        "text": "one's a gain weight or not as my\n"
    },
    {
        "number": "94",
        "stopTime": "00:02:25,230",
        "startTime": "00:02:22,409",
        "text": "decision stop so here she is again\n"
    },
    {
        "number": "95",
        "stopTime": "00:02:26,609",
        "startTime": "00:02:23,790",
        "text": "admitting she doesn't have a medical\n"
    },
    {
        "number": "96",
        "stopTime": "00:02:27,900",
        "startTime": "00:02:25,230",
        "text": "condition is a clear contradiction to\n"
    },
    {
        "number": "97",
        "stopTime": "00:02:29,730",
        "startTime": "00:02:26,609",
        "text": "anyone saying that she's naturally\n"
    },
    {
        "number": "98",
        "stopTime": "00:02:31,019",
        "startTime": "00:02:27,900",
        "text": "skinny garlis within this message she\n"
    },
    {
        "number": "99",
        "stopTime": "00:02:32,280",
        "startTime": "00:02:29,730",
        "text": "admits that it's her choice as the one\n"
    },
    {
        "number": "100",
        "stopTime": "00:02:34,049",
        "startTime": "00:02:31,019",
        "text": "that she gains weight and she clearly\n"
    },
    {
        "number": "101",
        "stopTime": "00:02:35,969",
        "startTime": "00:02:32,280",
        "text": "states that she does not want to gain\n"
    },
    {
        "number": "102",
        "stopTime": "00:02:37,889",
        "startTime": "00:02:34,049",
        "text": "weight meaning she is clearly actively\n"
    },
    {
        "number": "103",
        "stopTime": "00:02:39,659",
        "startTime": "00:02:35,969",
        "text": "doing what's necessary to maintain the\n"
    },
    {
        "number": "104",
        "stopTime": "00:02:42,209",
        "startTime": "00:02:37,889",
        "text": "weight she admitted that she was around\n"
    },
    {
        "number": "105",
        "stopTime": "00:02:44,430",
        "startTime": "00:02:39,659",
        "text": "which is 84 pounds while also being what\n"
    },
    {
        "number": "106",
        "stopTime": "00:02:46,139",
        "startTime": "00:02:42,209",
        "text": "she admitted she is 5 foot 9 according\n"
    },
    {
        "number": "107",
        "stopTime": "00:02:47,969",
        "startTime": "00:02:44,430",
        "text": "to banner health calm the height you're\n"
    },
    {
        "number": "108",
        "stopTime": "00:02:50,430",
        "startTime": "00:02:46,139",
        "text": "supposed to be if you're that lights is\n"
    },
    {
        "number": "109",
        "stopTime": "00:02:53,129",
        "startTime": "00:02:47,969",
        "text": "4 foot 9 or 4 foot 10 meanwhile you Gina\n"
    },
    {
        "number": "110",
        "stopTime": "00:02:54,659",
        "startTime": "00:02:50,430",
        "text": "Cooney is supposed to be 131 to 160\n"
    },
    {
        "number": "111",
        "stopTime": "00:02:55,980",
        "startTime": "00:02:53,129",
        "text": "pounds so that means she's about half\n"
    },
    {
        "number": "112",
        "stopTime": "00:02:57,780",
        "startTime": "00:02:54,659",
        "text": "the way she's supposed to be I believe\n"
    },
    {
        "number": "113",
        "stopTime": "00:02:59,370",
        "startTime": "00:02:55,980",
        "text": "it's fair to call that certified dying\n"
    },
    {
        "number": "114",
        "stopTime": "00:03:00,870",
        "startTime": "00:02:57,780",
        "text": "here's a decently old photograph of\n"
    },
    {
        "number": "115",
        "stopTime": "00:03:02,400",
        "startTime": "00:02:59,370",
        "text": "Eugenia do you see how our legs are\n"
    },
    {
        "number": "116",
        "stopTime": "00:03:03,959",
        "startTime": "00:03:00,870",
        "text": "those legs almost look like they belong\n"
    },
    {
        "number": "117",
        "stopTime": "00:03:05,430",
        "startTime": "00:03:02,400",
        "text": "to a healthy human being let's see how\n"
    },
    {
        "number": "118",
        "stopTime": "00:03:06,930",
        "startTime": "00:03:03,959",
        "text": "our legs are doing more recently there\n"
    },
    {
        "number": "119",
        "stopTime": "00:03:08,849",
        "startTime": "00:03:05,430",
        "text": "yeah this is a picture from weeks ago\n"
    },
    {
        "number": "120",
        "stopTime": "00:03:09,870",
        "startTime": "00:03:06,930",
        "text": "and here's a side-by-side comparison and\n"
    },
    {
        "number": "121",
        "stopTime": "00:03:12,120",
        "startTime": "00:03:08,849",
        "text": "a lot of people feel like it's a\n"
    },
    {
        "number": "122",
        "stopTime": "00:03:13,680",
        "startTime": "00:03:09,870",
        "text": "solution to ignore her issues as if\n"
    },
    {
        "number": "123",
        "stopTime": "00:03:15,569",
        "startTime": "00:03:12,120",
        "text": "that'll somehow make her get better\n"
    },
    {
        "number": "124",
        "stopTime": "00:03:17,010",
        "startTime": "00:03:13,680",
        "text": "I assure you pretending like everything\n"
    },
    {
        "number": "125",
        "stopTime": "00:03:18,540",
        "startTime": "00:03:15,569",
        "text": "is okay to a person who's clearly\n"
    },
    {
        "number": "126",
        "stopTime": "00:03:20,759",
        "startTime": "00:03:17,010",
        "text": "suffering an eating disorder that will\n"
    },
    {
        "number": "127",
        "stopTime": "00:03:21,989",
        "startTime": "00:03:18,540",
        "text": "only aid in a bed their crimes against\n"
    },
    {
        "number": "128",
        "stopTime": "00:03:23,159",
        "startTime": "00:03:20,759",
        "text": "themselves there's another picture of\n"
    },
    {
        "number": "129",
        "stopTime": "00:03:24,509",
        "startTime": "00:03:21,989",
        "text": "how Eugenie used to look in this\n"
    },
    {
        "number": "130",
        "stopTime": "00:03:25,889",
        "startTime": "00:03:23,159",
        "text": "perspective she looks like a normal\n"
    },
    {
        "number": "131",
        "stopTime": "00:03:27,449",
        "startTime": "00:03:24,509",
        "text": "human being they're numerous videos on\n"
    },
    {
        "number": "132",
        "stopTime": "00:03:28,979",
        "startTime": "00:03:25,889",
        "text": "YouTube now that are even from friends\n"
    },
    {
        "number": "133",
        "stopTime": "00:03:30,329",
        "startTime": "00:03:27,449",
        "text": "of you genius who know her personally\n"
    },
    {
        "number": "134",
        "stopTime": "00:03:31,859",
        "startTime": "00:03:28,979",
        "text": "expressing concern for her well-being\n"
    },
    {
        "number": "135",
        "stopTime": "00:03:33,389",
        "startTime": "00:03:30,329",
        "text": "more people than I can recall who were\n"
    },
    {
        "number": "136",
        "stopTime": "00:03:34,799",
        "startTime": "00:03:31,859",
        "text": "formerly anorexic have come to me\n"
    },
    {
        "number": "137",
        "stopTime": "00:03:36,389",
        "startTime": "00:03:33,389",
        "text": "sharing their story and also their\n"
    },
    {
        "number": "138",
        "stopTime": "00:03:37,500",
        "startTime": "00:03:34,799",
        "text": "disappointment with Eugenia Cooney she's\n"
    },
    {
        "number": "139",
        "stopTime": "00:03:39,000",
        "startTime": "00:03:36,389",
        "text": "not listening to the tens if not\n"
    },
    {
        "number": "140",
        "stopTime": "00:03:40,319",
        "startTime": "00:03:37,500",
        "text": "hundreds of thousands of people telling\n"
    },
    {
        "number": "141",
        "stopTime": "00:03:41,879",
        "startTime": "00:03:39,000",
        "text": "her she has a problem and telling her\n"
    },
    {
        "number": "142",
        "stopTime": "00:03:43,349",
        "startTime": "00:03:40,319",
        "text": "that she is triggering others creating a\n"
    },
    {
        "number": "143",
        "stopTime": "00:03:44,909",
        "startTime": "00:03:41,879",
        "text": "potential lethal problem for them as\n"
    },
    {
        "number": "144",
        "stopTime": "00:03:46,409",
        "startTime": "00:03:43,349",
        "text": "well it's important to note that Eugenia\n"
    },
    {
        "number": "145",
        "stopTime": "00:03:47,430",
        "startTime": "00:03:44,909",
        "text": "Cooney's condition is so severe that a\n"
    },
    {
        "number": "146",
        "stopTime": "00:03:49,139",
        "startTime": "00:03:46,409",
        "text": "lot of the people who were formerly\n"
    },
    {
        "number": "147",
        "stopTime": "00:03:51,389",
        "startTime": "00:03:47,430",
        "text": "anorexic I've expressed sincere\n"
    },
    {
        "number": "148",
        "stopTime": "00:03:53,699",
        "startTime": "00:03:49,139",
        "text": "frustration as to how she at this point\n"
    },
    {
        "number": "149",
        "stopTime": "00:03:55,620",
        "startTime": "00:03:51,389",
        "text": "cannot admit the truth she's shown how\n"
    },
    {
        "number": "150",
        "stopTime": "00:03:57,120",
        "startTime": "00:03:53,699",
        "text": "dishonest she is by deleting her tumblr\n"
    },
    {
        "number": "151",
        "stopTime": "00:03:58,650",
        "startTime": "00:03:55,620",
        "text": "and doing other things that I pointed\n"
    },
    {
        "number": "152",
        "stopTime": "00:04:00,329",
        "startTime": "00:03:57,120",
        "text": "out in previous videos it's evidence in\n"
    },
    {
        "number": "153",
        "stopTime": "00:04:01,859",
        "startTime": "00:03:58,650",
        "text": "the mass majority that she is purely\n"
    },
    {
        "number": "154",
        "stopTime": "00:04:03,569",
        "startTime": "00:04:00,329",
        "text": "wrong it has been made clear to her\n"
    },
    {
        "number": "155",
        "stopTime": "00:04:05,459",
        "startTime": "00:04:01,859",
        "text": "without any doubt that what she's doing\n"
    },
    {
        "number": "156",
        "stopTime": "00:04:07,109",
        "startTime": "00:04:03,569",
        "text": "is hurting people this has even gotten\n"
    },
    {
        "number": "157",
        "stopTime": "00:04:08,699",
        "startTime": "00:04:05,459",
        "text": "so serious that news articles have been\n"
    },
    {
        "number": "158",
        "stopTime": "00:04:11,009",
        "startTime": "00:04:07,109",
        "text": "written petitions have been started and\n"
    },
    {
        "number": "159",
        "stopTime": "00:04:12,509",
        "startTime": "00:04:08,699",
        "text": "yes even the producers of dr. Phil tried\n"
    },
    {
        "number": "160",
        "stopTime": "00:04:14,219",
        "startTime": "00:04:11,009",
        "text": "to reach out to this girl who one\n"
    },
    {
        "number": "161",
        "stopTime": "00:04:15,959",
        "startTime": "00:04:12,509",
        "text": "exploit her for their own profit just\n"
    },
    {
        "number": "162",
        "stopTime": "00:04:17,280",
        "startTime": "00:04:14,219",
        "text": "like many people including myself have\n"
    },
    {
        "number": "163",
        "stopTime": "00:04:19,709",
        "startTime": "00:04:15,959",
        "text": "gained attention by talking about her\n"
    },
    {
        "number": "164",
        "stopTime": "00:04:21,840",
        "startTime": "00:04:17,280",
        "text": "and to as dr. Phil often does sit her\n"
    },
    {
        "number": "165",
        "stopTime": "00:04:22,170",
        "startTime": "00:04:19,709",
        "text": "down and tell her like it is he actually\n"
    },
    {
        "number": "166",
        "stopTime": "00:04:24,060",
        "startTime": "00:04:21,840",
        "text": "did\n"
    },
    {
        "number": "167",
        "stopTime": "00:04:26,760",
        "startTime": "00:04:22,170",
        "text": "reach out to me because producers or\n"
    },
    {
        "number": "168",
        "stopTime": "00:04:29,220",
        "startTime": "00:04:24,060",
        "text": "whatever but I don't really want to go\n"
    },
    {
        "number": "169",
        "stopTime": "00:04:31,230",
        "startTime": "00:04:26,760",
        "text": "in his show honestly cuz the reason I\n"
    },
    {
        "number": "170",
        "stopTime": "00:04:33,030",
        "startTime": "00:04:29,220",
        "text": "think he like wants me to go on is cuz\n"
    },
    {
        "number": "171",
        "stopTime": "00:04:35,160",
        "startTime": "00:04:31,230",
        "text": "of like all the crazy videos being made\n"
    },
    {
        "number": "172",
        "stopTime": "00:04:37,290",
        "startTime": "00:04:33,030",
        "text": "about me don't want dr. Phil I'm not\n"
    },
    {
        "number": "173",
        "stopTime": "00:04:38,910",
        "startTime": "00:04:35,160",
        "text": "going inductors hello guys if you just\n"
    },
    {
        "number": "174",
        "stopTime": "00:04:41,870",
        "startTime": "00:04:37,290",
        "text": "want to go on and be like friends or\n"
    },
    {
        "number": "175",
        "stopTime": "00:04:44,370",
        "startTime": "00:04:38,910",
        "text": "whatever like hey what's up dr. Phil\n"
    },
    {
        "number": "176",
        "stopTime": "00:04:46,320",
        "startTime": "00:04:41,870",
        "text": "that would be cool classic Eugenia\n"
    },
    {
        "number": "177",
        "stopTime": "00:04:48,030",
        "startTime": "00:04:44,370",
        "text": "running from the truth now if dr. Phil\n"
    },
    {
        "number": "178",
        "stopTime": "00:04:49,470",
        "startTime": "00:04:46,320",
        "text": "asked me to go on a show because he\n"
    },
    {
        "number": "179",
        "stopTime": "00:04:51,570",
        "startTime": "00:04:48,030",
        "text": "thought that I had a problem I would\n"
    },
    {
        "number": "180",
        "stopTime": "00:04:52,860",
        "startTime": "00:04:49,470",
        "text": "love to see what he had to say and you\n"
    },
    {
        "number": "181",
        "stopTime": "00:04:54,420",
        "startTime": "00:04:51,570",
        "text": "know what I would probably agree with\n"
    },
    {
        "number": "182",
        "stopTime": "00:04:56,100",
        "startTime": "00:04:52,860",
        "text": "half the stuff he said because I'm sure\n"
    },
    {
        "number": "183",
        "stopTime": "00:04:57,570",
        "startTime": "00:04:54,420",
        "text": "I'm not perfect and I'm sure there are\n"
    },
    {
        "number": "184",
        "stopTime": "00:04:59,760",
        "startTime": "00:04:56,100",
        "text": "things about me that could improve but\n"
    },
    {
        "number": "185",
        "stopTime": "00:05:01,200",
        "startTime": "00:04:57,570",
        "text": "Eugenia Cooney is terrified of admitting\n"
    },
    {
        "number": "186",
        "stopTime": "00:05:02,760",
        "startTime": "00:04:59,760",
        "text": "that she's anorexic thanks to her trying\n"
    },
    {
        "number": "187",
        "stopTime": "00:05:04,440",
        "startTime": "00:05:01,200",
        "text": "to cover up her Tumblr posts and it's\n"
    },
    {
        "number": "188",
        "stopTime": "00:05:06,390",
        "startTime": "00:05:02,760",
        "text": "more evident now than ever that you\n"
    },
    {
        "number": "189",
        "stopTime": "00:05:08,310",
        "startTime": "00:05:04,440",
        "text": "cannot trust her because people who are\n"
    },
    {
        "number": "190",
        "stopTime": "00:05:10,470",
        "startTime": "00:05:06,390",
        "text": "friends of the truth do not try to\n"
    },
    {
        "number": "191",
        "stopTime": "00:05:12,060",
        "startTime": "00:05:08,310",
        "text": "remove the truth from the internet again\n"
    },
    {
        "number": "192",
        "stopTime": "00:05:13,530",
        "startTime": "00:05:10,470",
        "text": "the examples go on and on but here's\n"
    },
    {
        "number": "193",
        "stopTime": "00:05:15,120",
        "startTime": "00:05:12,060",
        "text": "someone who posted I've lost 12 pounds\n"
    },
    {
        "number": "194",
        "stopTime": "00:05:16,800",
        "startTime": "00:05:13,530",
        "text": "and eat what I want as long as I have\n"
    },
    {
        "number": "195",
        "stopTime": "00:05:18,450",
        "startTime": "00:05:15,120",
        "text": "one meal a day I plan on trying to get\n"
    },
    {
        "number": "196",
        "stopTime": "00:05:19,800",
        "startTime": "00:05:16,800",
        "text": "as skinny as Eugenia Cooney she's so\n"
    },
    {
        "number": "197",
        "stopTime": "00:05:20,970",
        "startTime": "00:05:18,450",
        "text": "effing perv and they're asking other\n"
    },
    {
        "number": "198",
        "stopTime": "00:05:23,130",
        "startTime": "00:05:19,800",
        "text": "people how they lose weight there's a\n"
    },
    {
        "number": "199",
        "stopTime": "00:05:24,480",
        "startTime": "00:05:20,970",
        "text": "site called body visualizer calm here we\n"
    },
    {
        "number": "200",
        "stopTime": "00:05:25,830",
        "startTime": "00:05:23,130",
        "text": "have a pretty recent picture of Eugenia\n"
    },
    {
        "number": "201",
        "stopTime": "00:05:27,120",
        "startTime": "00:05:24,480",
        "text": "Cooney side by side this woman there's\n"
    },
    {
        "number": "202",
        "stopTime": "00:05:28,680",
        "startTime": "00:05:25,830",
        "text": "obviously a very significant difference\n"
    },
    {
        "number": "203",
        "stopTime": "00:05:30,690",
        "startTime": "00:05:27,120",
        "text": "let's go and modify things till they\n"
    },
    {
        "number": "204",
        "stopTime": "00:05:30,990",
        "startTime": "00:05:28,680",
        "text": "match up so a 5 foot tall person is 60\n"
    },
    {
        "number": "205",
        "stopTime": "00:05:32,910",
        "startTime": "00:05:30,690",
        "text": "inches\n"
    },
    {
        "number": "206",
        "stopTime": "00:05:34,200",
        "startTime": "00:05:30,990",
        "text": "Gina Cooney is 5 foot 9 though she's 69\n"
    },
    {
        "number": "207",
        "stopTime": "00:05:36,330",
        "startTime": "00:05:32,910",
        "text": "inches he is how we're definitely not\n"
    },
    {
        "number": "208",
        "stopTime": "00:05:38,040",
        "startTime": "00:05:34,200",
        "text": "154 pounds let's go and bring this down\n"
    },
    {
        "number": "209",
        "stopTime": "00:05:40,050",
        "startTime": "00:05:36,330",
        "text": "so it looks similar to her alright so\n"
    },
    {
        "number": "210",
        "stopTime": "00:05:41,370",
        "startTime": "00:05:38,040",
        "text": "the lowest let me drop her 259 pounds\n"
    },
    {
        "number": "211",
        "stopTime": "00:05:43,260",
        "startTime": "00:05:40,050",
        "text": "let's see what that looks like all right\n"
    },
    {
        "number": "212",
        "stopTime": "00:05:44,580",
        "startTime": "00:05:41,370",
        "text": "so that's what 5 9 and 59 pounds looks\n"
    },
    {
        "number": "213",
        "stopTime": "00:05:46,290",
        "startTime": "00:05:43,260",
        "text": "like let's compare the two you know what\n"
    },
    {
        "number": "214",
        "stopTime": "00:05:47,700",
        "startTime": "00:05:44,580",
        "text": "it might just be my opinion but Eugenia\n"
    },
    {
        "number": "215",
        "stopTime": "00:05:49,020",
        "startTime": "00:05:46,290",
        "text": "Cooney actually looks slightly skinnier\n"
    },
    {
        "number": "216",
        "stopTime": "00:05:50,700",
        "startTime": "00:05:47,700",
        "text": "eugenie on you now said that she was\n"
    },
    {
        "number": "217",
        "stopTime": "00:05:52,260",
        "startTime": "00:05:49,020",
        "text": "about 84 pounds according to body\n"
    },
    {
        "number": "218",
        "stopTime": "00:05:53,910",
        "startTime": "00:05:50,700",
        "text": "visualizer this is actually what five\n"
    },
    {
        "number": "219",
        "stopTime": "00:05:55,950",
        "startTime": "00:05:52,260",
        "text": "nine and 84 pounds looks like do another\n"
    },
    {
        "number": "220",
        "stopTime": "00:05:57,540",
        "startTime": "00:05:53,910",
        "text": "side-by-side ya know appears that among\n"
    },
    {
        "number": "221",
        "stopTime": "00:05:58,860",
        "startTime": "00:05:55,950",
        "text": "the many things Eugenia Cooney seems to\n"
    },
    {
        "number": "222",
        "stopTime": "00:05:59,940",
        "startTime": "00:05:57,540",
        "text": "be dishonest about her approximate\n"
    },
    {
        "number": "223",
        "stopTime": "00:06:01,320",
        "startTime": "00:05:58,860",
        "text": "weight could be added to the list\n"
    },
    {
        "number": "224",
        "stopTime": "00:06:03,510",
        "startTime": "00:05:59,940",
        "text": "unless of course by about she means\n"
    },
    {
        "number": "225",
        "stopTime": "00:06:05,310",
        "startTime": "00:06:01,320",
        "text": "within 25 pounds so that's not logical I\n"
    },
    {
        "number": "226",
        "stopTime": "00:06:06,870",
        "startTime": "00:06:03,510",
        "text": "weigh about 175 pounds and I'm not going\n"
    },
    {
        "number": "227",
        "stopTime": "00:06:08,250",
        "startTime": "00:06:05,310",
        "text": "to tell someone that I'm about 150\n"
    },
    {
        "number": "228",
        "stopTime": "00:06:09,720",
        "startTime": "00:06:06,870",
        "text": "pounds that would be a blatant lie\n"
    },
    {
        "number": "229",
        "stopTime": "00:06:11,460",
        "startTime": "00:06:08,250",
        "text": "regardless I know I can make plenty of\n"
    },
    {
        "number": "230",
        "stopTime": "00:06:12,990",
        "startTime": "00:06:09,720",
        "text": "more Eugenia videos to get millions upon\n"
    },
    {
        "number": "231",
        "stopTime": "00:06:14,610",
        "startTime": "00:06:11,460",
        "text": "millions of collective views from them\n"
    },
    {
        "number": "232",
        "stopTime": "00:06:16,260",
        "startTime": "00:06:12,990",
        "text": "but I am officially resigning from the\n"
    },
    {
        "number": "233",
        "stopTime": "00:06:17,760",
        "startTime": "00:06:14,610",
        "text": "topic anyone can help Eugenie at this\n"
    },
    {
        "number": "234",
        "stopTime": "00:06:19,230",
        "startTime": "00:06:16,260",
        "text": "point it's probably her mom and I'm\n"
    },
    {
        "number": "235",
        "stopTime": "00:06:20,760",
        "startTime": "00:06:17,760",
        "text": "simply not willing to reach out to her\n"
    },
    {
        "number": "236",
        "stopTime": "00:06:22,050",
        "startTime": "00:06:19,230",
        "text": "mom and contact her because to me that\n"
    },
    {
        "number": "237",
        "stopTime": "00:06:23,280",
        "startTime": "00:06:20,760",
        "text": "doesn't feel appropriate I also don't\n"
    },
    {
        "number": "238",
        "stopTime": "00:06:24,690",
        "startTime": "00:06:22,050",
        "text": "feel like it's appropriate to call the\n"
    },
    {
        "number": "239",
        "stopTime": "00:06:26,040",
        "startTime": "00:06:23,280",
        "text": "cops on her spite the fact that if\n"
    },
    {
        "number": "240",
        "stopTime": "00:06:27,600",
        "startTime": "00:06:24,690",
        "text": "someone did call the cops on her they\n"
    },
    {
        "number": "241",
        "stopTime": "00:06:29,220",
        "startTime": "00:06:26,040",
        "text": "would no doubt take her into custody as\n"
    },
    {
        "number": "242",
        "stopTime": "00:06:31,170",
        "startTime": "00:06:27,600",
        "text": "her behavior is obviously suicidal\n"
    },
    {
        "number": "243",
        "stopTime": "00:06:32,340",
        "startTime": "00:06:29,220",
        "text": "considering anorexia can take 25 years\n"
    },
    {
        "number": "244",
        "stopTime": "00:06:33,720",
        "startTime": "00:06:31,170",
        "text": "off your life and I personally seen\n"
    },
    {
        "number": "245",
        "stopTime": "00:06:35,550",
        "startTime": "00:06:32,340",
        "text": "police haul away people because their\n"
    },
    {
        "number": "246",
        "stopTime": "00:06:35,940",
        "startTime": "00:06:33,720",
        "text": "danger themselves before only to not let\n"
    },
    {
        "number": "247",
        "stopTime": "00:06:37,500",
        "startTime": "00:06:35,550",
        "text": "them\n"
    },
    {
        "number": "248",
        "stopTime": "00:06:39,060",
        "startTime": "00:06:35,940",
        "text": "until they felt like that person was no\n"
    },
    {
        "number": "249",
        "stopTime": "00:06:40,320",
        "startTime": "00:06:37,500",
        "text": "longer at a risk to themselves I could\n"
    },
    {
        "number": "250",
        "stopTime": "00:06:42,300",
        "startTime": "00:06:39,060",
        "text": "definitely do either of those things\n"
    },
    {
        "number": "251",
        "stopTime": "00:06:44,010",
        "startTime": "00:06:40,320",
        "text": "which would probably help her but I am\n"
    },
    {
        "number": "252",
        "stopTime": "00:06:45,630",
        "startTime": "00:06:42,300",
        "text": "NOT Eugenius personal friend so I will\n"
    },
    {
        "number": "253",
        "stopTime": "00:06:47,100",
        "startTime": "00:06:44,010",
        "text": "not personally contact people in her\n"
    },
    {
        "number": "254",
        "stopTime": "00:06:48,510",
        "startTime": "00:06:45,630",
        "text": "personal life I have done as much as I\n"
    },
    {
        "number": "255",
        "stopTime": "00:06:50,010",
        "startTime": "00:06:47,100",
        "text": "think is appropriate as someone who was\n"
    },
    {
        "number": "256",
        "stopTime": "00:06:51,750",
        "startTime": "00:06:48,510",
        "text": "her former online acquaintance by\n"
    },
    {
        "number": "257",
        "stopTime": "00:06:53,370",
        "startTime": "00:06:50,010",
        "text": "addressing this issue online exclusively\n"
    },
    {
        "number": "258",
        "stopTime": "00:06:55,110",
        "startTime": "00:06:51,750",
        "text": "we now know that Eugenia Cooney is in\n"
    },
    {
        "number": "259",
        "stopTime": "00:06:56,640",
        "startTime": "00:06:53,370",
        "text": "fact a danger to herself we also know\n"
    },
    {
        "number": "260",
        "stopTime": "00:06:57,900",
        "startTime": "00:06:55,110",
        "text": "that her condition is only getting worse\n"
    },
    {
        "number": "261",
        "stopTime": "00:06:59,280",
        "startTime": "00:06:56,640",
        "text": "so for the sake of her life and the\n"
    },
    {
        "number": "262",
        "stopTime": "00:07:00,990",
        "startTime": "00:06:57,900",
        "text": "lives of the countless young girls who\n"
    },
    {
        "number": "263",
        "stopTime": "00:07:02,460",
        "startTime": "00:06:59,280",
        "text": "are actively emulating her behavior\n"
    },
    {
        "number": "264",
        "stopTime": "00:07:04,610",
        "startTime": "00:07:00,990",
        "text": "truly do hope things work out for the\n"
    },
    {
        "number": "265",
        "stopTime": "00:07:04,610",
        "startTime": "00:07:02,460",
        "text": "best\n"
    }
]