{
    "sentiment_analysis": [
        {
            "positive": [
                {
                    "sentiment": "was legitimately from",
                    "topic": null,
                    "score": 0.088605680121973,
                    "original_text": "if it was legitimately from her",
                    "original_length": 31,
                    "normalized_text": "if it was legitimately from her",
                    "normalized_length": 31,
                    "offset": 1533
                },
                {
                    "sentiment": "saved",
                    "topic": "responded with wayback machine",
                    "score": 0.72746547139359,
                    "original_text": "responded with wayback machine saved it",
                    "original_length": 39,
                    "normalized_text": "responded with wayback machine saved it",
                    "normalized_length": 39,
                    "offset": 2351
                },
                {
                    "sentiment": "honest",
                    "topic": "person",
                    "score": 0.62801457251814,
                    "original_text": "honest person",
                    "original_length": 13,
                    "normalized_text": "honest person",
                    "normalized_length": 13,
                    "offset": 2631
                },
                {
                    "sentiment": "fortunately",
                    "topic": null,
                    "score": 0.56857996205272,
                    "original_text": "fortunately",
                    "original_length": 11,
                    "normalized_text": "fortunately",
                    "normalized_length": 11,
                    "offset": 2849
                },
                {
                    "sentiment": "accurate",
                    "topic": "screen",
                    "score": 0.62801457251814,
                    "original_text": "accurate screen",
                    "original_length": 15,
                    "normalized_text": "accurate screen",
                    "normalized_length": 15,
                    "offset": 2948
                },
                {
                    "sentiment": "happy",
                    "topic": null,
                    "score": 0.7614534295774,
                    "original_text": "happy to see",
                    "original_length": 12,
                    "normalized_text": "happy to see",
                    "normalized_length": 12,
                    "offset": 3040
                },
                {
                    "sentiment": "healthier",
                    "topic": null,
                    "score": 0.83035851058597,
                    "original_text": "you look healthier",
                    "original_length": 18,
                    "normalized_text": "you look healthier",
                    "normalized_length": 18,
                    "offset": 3084
                },
                {
                    "sentiment": "so pretty",
                    "topic": null,
                    "score": 0.88132594945742,
                    "original_text": "you're so pretty",
                    "original_length": 16,
                    "normalized_text": "you're so pretty",
                    "normalized_length": 16,
                    "offset": 3375
                },
                {
                    "sentiment": "well thanks for",
                    "topic": "saying",
                    "score": 0.8291546743629,
                    "original_text": "well thanks for saying",
                    "original_length": 22,
                    "normalized_text": "well thanks for saying",
                    "normalized_length": 22,
                    "offset": 3487
                },
                {
                    "sentiment": "gain",
                    "topic": null,
                    "score": 0.79233520429398,
                    "original_text": "gain weight",
                    "original_length": 11,
                    "normalized_text": "gain weight",
                    "normalized_length": 11,
                    "offset": 3605
                },
                {
                    "sentiment": "gains weight",
                    "topic": null,
                    "score": 0.79233520429398,
                    "original_text": "she gains weight",
                    "original_length": 16,
                    "normalized_text": "she gains weight",
                    "normalized_length": 16,
                    "offset": 3864
                },
                {
                    "sentiment": "fair",
                    "topic": null,
                    "score": 0.79233520429398,
                    "original_text": "it's fair",
                    "original_length": 9,
                    "normalized_text": "it's fair",
                    "normalized_length": 9,
                    "offset": 4380
                },
                {
                    "sentiment": "a decently old photograph",
                    "topic": null,
                    "score": 0.83035851058597,
                    "original_text": "here's a decently old photograph",
                    "original_length": 32,
                    "normalized_text": "here's a decently old photograph",
                    "normalized_length": 32,
                    "offset": 4420
                },
                {
                    "sentiment": "a healthy",
                    "topic": "human",
                    "score": 0.67489840558231,
                    "original_text": "a healthy human",
                    "original_length": 15,
                    "normalized_text": "a healthy human",
                    "normalized_length": 15,
                    "offset": 4538
                },
                {
                    "sentiment": "better",
                    "topic": null,
                    "score": 0.70933685150655,
                    "original_text": "get better",
                    "original_length": 10,
                    "normalized_text": "get better",
                    "normalized_length": 10,
                    "offset": 4792
                },
                {
                    "sentiment": "okay",
                    "topic": null,
                    "score": 0.4859387301891,
                    "original_text": "is okay",
                    "original_length": 7,
                    "normalized_text": "is okay",
                    "normalized_length": 7,
                    "offset": 4845
                },
                {
                    "sentiment": "without any doubt",
                    "topic": null,
                    "score": 0.58028039067278,
                    "original_text": "without any doubt that",
                    "original_length": 22,
                    "normalized_text": "without any doubt that",
                    "normalized_length": 22,
                    "offset": 6004
                },
                {
                    "sentiment": "gained",
                    "topic": null,
                    "score": 0.79233520429398,
                    "original_text": "gained attention by talking",
                    "original_length": 27,
                    "normalized_text": "gained attention by talking",
                    "normalized_length": 27,
                    "offset": 6323
                },
                {
                    "sentiment": "show honestly",
                    "topic": null,
                    "score": 0.7614534295774,
                    "original_text": "show honestly cuz the reason",
                    "original_length": 28,
                    "normalized_text": "show honestly cuz the reason",
                    "normalized_length": 28,
                    "offset": 6533
                },
                {
                    "sentiment": "like wants",
                    "topic": null,
                    "score": 0.60858454666352,
                    "original_text": "he like wants me",
                    "original_length": 16,
                    "normalized_text": "he like wants me",
                    "normalized_length": 16,
                    "offset": 6571
                },
                {
                    "sentiment": "cool classic",
                    "topic": null,
                    "score": 0.60858454666352,
                    "original_text": "that would be cool classic",
                    "original_length": 26,
                    "normalized_text": "that would be cool classic",
                    "normalized_length": 26,
                    "offset": 6800
                },
                {
                    "sentiment": "love to see",
                    "topic": null,
                    "score": 0.8401344326865,
                    "original_text": "love to see what",
                    "original_length": 16,
                    "normalized_text": "love to see what",
                    "normalized_length": 16,
                    "offset": 6951
                },
                {
                    "sentiment": "could improve",
                    "topic": null,
                    "score": 0.51909411237721,
                    "original_text": "that could improve",
                    "original_length": 18,
                    "normalized_text": "that could improve",
                    "normalized_length": 18,
                    "offset": 7127
                },
                {
                    "sentiment": "thanks to",
                    "topic": null,
                    "score": 0.67489840558231,
                    "original_text": "anorexic thanks to her",
                    "original_length": 22,
                    "normalized_text": "anorexic thanks to her",
                    "normalized_length": 22,
                    "offset": 7204
                },
                {
                    "sentiment": "have a pretty recent picture of Eugenia",
                    "topic": null,
                    "score": 0.79233520429398,
                    "original_text": "have a pretty recent picture of Eugenia",
                    "original_length": 39,
                    "normalized_text": "have a pretty recent picture of Eugenia",
                    "normalized_length": 39,
                    "offset": 7744
                },
                {
                    "sentiment": "like all right",
                    "topic": null,
                    "score": 0.61547201629168,
                    "original_text": "that looks like all right",
                    "original_length": 25,
                    "normalized_text": "that looks like all right",
                    "normalized_length": 25,
                    "offset": 8166
                },
                {
                    "sentiment": "can help",
                    "topic": "topic anyone",
                    "score": 0.40869778315017,
                    "original_text": "topic anyone can help Eugenie",
                    "original_length": 29,
                    "normalized_text": "topic anyone can help Eugenie",
                    "normalized_length": 29,
                    "offset": 9019
                },
                {
                    "sentiment": "appropriate",
                    "topic": null,
                    "score": 0.57345066344102,
                    "original_text": "it's appropriate",
                    "original_length": 16,
                    "normalized_text": "it's appropriate",
                    "normalized_length": 16,
                    "offset": 9224
                },
                {
                    "sentiment": "would no doubt take",
                    "topic": null,
                    "score": 0.39782016327653,
                    "original_text": "would no doubt take her",
                    "original_length": 23,
                    "normalized_text": "would no doubt take her",
                    "normalized_length": 23,
                    "offset": 9329
                },
                {
                    "sentiment": "appropriate",
                    "topic": null,
                    "score": 0.4859387301891,
                    "original_text": "is appropriate",
                    "original_length": 14,
                    "normalized_text": "is appropriate",
                    "normalized_length": 14,
                    "offset": 9853
                }
            ],
            "negative": [
                {
                    "sentiment": "are negative messages",
                    "topic": "Eugenia",
                    "score": -0.7614534295774,
                    "original_text": "Eugenia there are negative messages",
                    "original_length": 35,
                    "normalized_text": "Eugenia there are negative messages",
                    "normalized_length": 35,
                    "offset": 353
                },
                {
                    "sentiment": "horrible",
                    "topic": null,
                    "score": -0.85825242038059,
                    "original_text": "it's horrible",
                    "original_length": 13,
                    "normalized_text": "it's horrible",
                    "normalized_length": 13,
                    "offset": 439
                },
                {
                    "sentiment": "insult",
                    "topic": null,
                    "score": -0.83035851058597,
                    "original_text": "insult a girl with an illness",
                    "original_length": 29,
                    "normalized_text": "insult a girl with an illness",
                    "normalized_length": 29,
                    "offset": 472
                },
                {
                    "sentiment": "re ignoring",
                    "topic": "the key",
                    "score": -0.79233520429398,
                    "original_text": "they're ignoring the key",
                    "original_length": 24,
                    "normalized_text": "they're ignoring the key",
                    "normalized_length": 24,
                    "offset": 525
                },
                {
                    "sentiment": "hurting",
                    "topic": "irrefutably",
                    "score": -0.70933685150655,
                    "original_text": "irrefutably hurting others",
                    "original_length": 26,
                    "normalized_text": "irrefutably hurting others",
                    "normalized_length": 26,
                    "offset": 997
                },
                {
                    "sentiment": "hurting",
                    "topic": "fact",
                    "score": -0.70933685150655,
                    "original_text": "fact hurting others",
                    "original_length": 19,
                    "normalized_text": "fact hurting others",
                    "normalized_length": 19,
                    "offset": 1079
                },
                {
                    "sentiment": "hurt",
                    "topic": "Eugenia Cooney",
                    "score": -0.79233520429398,
                    "original_text": "hurt Eugenia Cooney",
                    "original_length": 19,
                    "normalized_text": "hurt Eugenia Cooney",
                    "normalized_length": 19,
                    "offset": 1194
                },
                {
                    "sentiment": "being the Achilles heel",
                    "topic": null,
                    "score": -0.7614534295774,
                    "original_text": "being the Achilles heel",
                    "original_length": 23,
                    "normalized_text": "being the Achilles heel",
                    "normalized_length": 23,
                    "offset": 1805
                },
                {
                    "sentiment": "little doubt at",
                    "topic": "this point",
                    "score": -0.39782016327653,
                    "original_text": "little doubt at this point",
                    "original_length": 26,
                    "normalized_text": "little doubt at this point",
                    "normalized_length": 26,
                    "offset": 2592
                },
                {
                    "sentiment": "fat",
                    "topic": null,
                    "score": -0.57345066344102,
                    "original_text": "you're getting fat",
                    "original_length": 18,
                    "normalized_text": "you're getting fat",
                    "normalized_length": 18,
                    "offset": 3156
                },
                {
                    "sentiment": "haven't gained weight",
                    "topic": null,
                    "score": -0.79233520429398,
                    "original_text": "I haven't gained weight",
                    "original_length": 23,
                    "normalized_text": "I haven't gained weight",
                    "normalized_length": 23,
                    "offset": 3242
                },
                {
                    "sentiment": "kind of rude",
                    "topic": null,
                    "score": -0.60678600135377,
                    "original_text": "is kind of rude",
                    "original_length": 15,
                    "normalized_text": "is kind of rude",
                    "normalized_length": 15,
                    "offset": 3572
                },
                {
                    "sentiment": "ignore",
                    "topic": "her issues",
                    "score": -0.79233520429398,
                    "original_text": "ignore her issues",
                    "original_length": 17,
                    "normalized_text": "ignore her issues",
                    "normalized_length": 17,
                    "offset": 4742
                },
                {
                    "sentiment": "suffering",
                    "topic": "an eating disorder",
                    "score": -0.75357729701026,
                    "original_text": "suffering an eating disorder",
                    "original_length": 28,
                    "normalized_text": "suffering an eating disorder",
                    "normalized_length": 28,
                    "offset": 4880
                },
                {
                    "sentiment": "concern",
                    "topic": "her well-being",
                    "score": -0.53406461032934,
                    "original_text": "concern for her well-being",
                    "original_length": 26,
                    "normalized_text": "concern for her well-being",
                    "normalized_length": 26,
                    "offset": 5200
                },
                {
                    "sentiment": "has a problem",
                    "topic": null,
                    "score": -0.72746547139359,
                    "original_text": "she has a problem",
                    "original_length": 17,
                    "normalized_text": "she has a problem",
                    "normalized_length": 17,
                    "offset": 5460
                },
                {
                    "sentiment": "lethal problem",
                    "topic": null,
                    "score": -0.85487924847001,
                    "original_text": "lethal problem for them",
                    "original_length": 23,
                    "normalized_text": "lethal problem for them",
                    "normalized_length": 23,
                    "offset": 5547
                },
                {
                    "sentiment": "so severe",
                    "topic": "Cooney's condition",
                    "score": -0.88132594945742,
                    "original_text": "Cooney's condition is so severe",
                    "original_length": 31,
                    "normalized_text": "Cooney's condition is so severe",
                    "normalized_length": 31,
                    "offset": 5617
                },
                {
                    "sentiment": "wrong",
                    "topic": null,
                    "score": -0.67489840558231,
                    "original_text": "wrong it",
                    "original_length": 8,
                    "normalized_text": "wrong it",
                    "normalized_length": 8,
                    "offset": 5967
                },
                {
                    "sentiment": "is hurting",
                    "topic": "people",
                    "score": -0.79233520429398,
                    "original_text": "is hurting people",
                    "original_length": 17,
                    "normalized_text": "is hurting people",
                    "normalized_length": 17,
                    "offset": 6045
                },
                {
                    "sentiment": "had a problem",
                    "topic": null,
                    "score": -0.72746547139359,
                    "original_text": "I had a problem",
                    "original_length": 15,
                    "normalized_text": "I had a problem",
                    "normalized_length": 15,
                    "offset": 6926
                },
                {
                    "sentiment": "m not perfect",
                    "topic": null,
                    "score": -0.81799703850088,
                    "original_text": "I'm not perfect",
                    "original_length": 15,
                    "normalized_text": "I'm not perfect",
                    "normalized_length": 15,
                    "offset": 7071
                },
                {
                    "sentiment": "is terrified of admitting",
                    "topic": null,
                    "score": -0.91971501452378,
                    "original_text": "Eugenia Cooney is terrified of admitting",
                    "original_length": 40,
                    "normalized_text": "Eugenia Cooney is terrified of admitting",
                    "normalized_length": 40,
                    "offset": 7151
                },
                {
                    "sentiment": "ve lost",
                    "topic": null,
                    "score": -0.61547201629168,
                    "original_text": "I've lost 12 pounds",
                    "original_length": 19,
                    "normalized_text": "I've lost 12 pounds",
                    "normalized_length": 19,
                    "offset": 7487
                },
                {
                    "sentiment": "lose weight there",
                    "topic": null,
                    "score": -0.57345066344102,
                    "original_text": "they lose weight there",
                    "original_length": 22,
                    "normalized_text": "they lose weight there",
                    "normalized_length": 22,
                    "offset": 7674
                },
                {
                    "sentiment": "dishonest",
                    "topic": null,
                    "score": -0.71594822248919,
                    "original_text": "be dishonest",
                    "original_length": 12,
                    "normalized_text": "be dishonest",
                    "normalized_length": 12,
                    "offset": 8593
                },
                {
                    "sentiment": "s not logical",
                    "topic": null,
                    "score": -0.70933685150655,
                    "original_text": "that's not logical",
                    "original_length": 18,
                    "normalized_text": "that's not logical",
                    "normalized_length": 18,
                    "offset": 8721
                },
                {
                    "sentiment": "not willing",
                    "topic": null,
                    "score": -0.62801457251814,
                    "original_text": "not willing",
                    "original_length": 11,
                    "normalized_text": "not willing",
                    "normalized_length": 11,
                    "offset": 9102
                },
                {
                    "sentiment": "doesn't feel appropriate",
                    "topic": null,
                    "score": -0.4065193645411,
                    "original_text": "doesn't feel appropriate",
                    "original_length": 24,
                    "normalized_text": "doesn't feel appropriate",
                    "normalized_length": 24,
                    "offset": 9175
                },
                {
                    "sentiment": "obviously suicidal",
                    "topic": "her behavior",
                    "score": -0.92575894300519,
                    "original_text": "her behavior is obviously suicidal",
                    "original_length": 34,
                    "normalized_text": "her behavior is obviously suicidal",
                    "normalized_length": 34,
                    "offset": 9370
                },
                {
                    "sentiment": "risk",
                    "topic": "themselves",
                    "score": -0.53406461032934,
                    "original_text": "risk to themselves",
                    "original_length": 18,
                    "normalized_text": "risk to themselves",
                    "normalized_length": 18,
                    "offset": 9623
                },
                {
                    "sentiment": "danger",
                    "topic": "herself",
                    "score": -0.53406461032934,
                    "original_text": "danger to herself",
                    "original_length": 17,
                    "normalized_text": "danger to herself",
                    "normalized_length": 17,
                    "offset": 10011
                },
                {
                    "sentiment": "worse",
                    "topic": null,
                    "score": -0.76532426517104,
                    "original_text": "getting worse",
                    "original_length": 13,
                    "normalized_text": "getting worse",
                    "normalized_length": 13,
                    "offset": 10070
                }
            ],
            "aggregate": {
                "sentiment": "slightly negative",
                "score": -0.060153593753423
            }
        }
    ]
}