{
    "sentiment_analysis": [
        {
            "positive": [
                {
                    "sentiment": "a brand new",
                    "topic": "palette",
                    "score": 0.62801457251814,
                    "original_text": "a brand new palette",
                    "original_length": 19,
                    "normalized_text": "a brand new palette",
                    "normalized_length": 19,
                    "offset": 93
                },
                {
                    "sentiment": "brand new",
                    "topic": null,
                    "score": 0.70933685150655,
                    "original_text": "is brand new",
                    "original_length": 12,
                    "normalized_text": "is brand new",
                    "normalized_length": 12,
                    "offset": 316
                },
                {
                    "sentiment": "pretty sure",
                    "topic": null,
                    "score": 0.0018688453578979,
                    "original_text": "I'm pretty sure",
                    "original_length": 15,
                    "normalized_text": "I'm pretty sure",
                    "normalized_length": 15,
                    "offset": 329
                },
                {
                    "sentiment": "super excited",
                    "topic": null,
                    "score": 0.95349890479405,
                    "original_text": "I was super excited",
                    "original_length": 19,
                    "normalized_text": "I was super excited",
                    "normalized_length": 19,
                    "offset": 404
                },
                {
                    "sentiment": "really liked",
                    "topic": "the pastel goth",
                    "score": 0.84484659729366,
                    "original_text": "because I really liked the pastel goth",
                    "original_length": 38,
                    "normalized_text": "because I really liked the pastel goth",
                    "normalized_length": 38,
                    "offset": 437
                },
                {
                    "sentiment": "a cool name",
                    "topic": null,
                    "score": 0.79233520429398,
                    "original_text": "that's a cool name",
                    "original_length": 18,
                    "normalized_text": "that's a cool name",
                    "normalized_length": 18,
                    "offset": 498
                },
                {
                    "sentiment": "always will love",
                    "topic": "colorful eyeshadow",
                    "score": 0.98246328803675,
                    "original_text": "always will love colorful eyeshadow",
                    "original_length": 35,
                    "normalized_text": "always will love colorful eyeshadow",
                    "normalized_length": 35,
                    "offset": 599
                },
                {
                    "sentiment": "really really cool",
                    "topic": null,
                    "score": 0.96393286906464,
                    "original_text": "it's really really cool",
                    "original_length": 23,
                    "normalized_text": "it's really really cool",
                    "normalized_length": 23,
                    "offset": 644
                },
                {
                    "sentiment": "kind of ",
                    "topic": null,
                    "score": 0.0016962376972446,
                    "original_text": "it's kind of ",
                    "original_length": 13,
                    "normalized_text": "it's kind of ",
                    "normalized_length": 13,
                    "offset": 891
                },
                {
                    "sentiment": "a really cool product",
                    "topic": null,
                    "score": 0.90258715778194,
                    "original_text": "it's a really cool product",
                    "original_length": 26,
                    "normalized_text": "it's a really cool product",
                    "normalized_length": 26,
                    "offset": 1069
                },
                {
                    "sentiment": "super",
                    "topic": null,
                    "score": 0.85825242038059,
                    "original_text": "it's super",
                    "original_length": 10,
                    "normalized_text": "it's super",
                    "normalized_length": 10,
                    "offset": 1170
                },
                {
                    "sentiment": "love",
                    "topic": null,
                    "score": 0.76532426517104,
                    "original_text": "because I love",
                    "original_length": 14,
                    "normalized_text": "because I love",
                    "normalized_length": 14,
                    "offset": 1288
                },
                {
                    "sentiment": "so excited",
                    "topic": null,
                    "score": 0.88132594945742,
                    "original_text": "I'm so excited",
                    "original_length": 14,
                    "normalized_text": "I'm so excited",
                    "normalized_length": 14,
                    "offset": 1326
                },
                {
                    "sentiment": "so cool",
                    "topic": "thought the package",
                    "score": 0.88132594945742,
                    "original_text": "thought the package is so cool",
                    "original_length": 30,
                    "normalized_text": "thought the package is so cool",
                    "normalized_length": 30,
                    "offset": 1380
                },
                {
                    "sentiment": "so cool",
                    "topic": null,
                    "score": 0.88132594945742,
                    "original_text": "here are so cool",
                    "original_length": 16,
                    "normalized_text": "here are so cool",
                    "normalized_length": 16,
                    "offset": 1458
                },
                {
                    "sentiment": "really like",
                    "topic": null,
                    "score": 0.7614534295774,
                    "original_text": "I really like",
                    "original_length": 13,
                    "normalized_text": "I really like",
                    "normalized_length": 13,
                    "offset": 1480
                },
                {
                    "sentiment": "super",
                    "topic": null,
                    "score": 0.85825242038059,
                    "original_text": "it was super",
                    "original_length": 12,
                    "normalized_text": "it was super",
                    "normalized_length": 12,
                    "offset": 1522
                },
                {
                    "sentiment": "so excited",
                    "topic": null,
                    "score": 0.88132594945742,
                    "original_text": "I'm so excited",
                    "original_length": 14,
                    "normalized_text": "I'm so excited",
                    "normalized_length": 14,
                    "offset": 1638
                },
                {
                    "sentiment": "always like to have",
                    "topic": null,
                    "score": 0.67489840558231,
                    "original_text": "because i always like to have",
                    "original_length": 29,
                    "normalized_text": "because i always like to have",
                    "normalized_length": 29,
                    "offset": 1663
                },
                {
                    "sentiment": "would love to have",
                    "topic": "a yellow eyeshadow",
                    "score": 0.66854502288664,
                    "original_text": "would love to have a yellow eyeshadow",
                    "original_length": 37,
                    "normalized_text": "would love to have a yellow eyeshadow",
                    "normalized_length": 37,
                    "offset": 1818
                },
                {
                    "sentiment": "the best credit",
                    "topic": null,
                    "score": 0.90258715778194,
                    "original_text": "it's the best credit",
                    "original_length": 20,
                    "normalized_text": "it's the best credit",
                    "normalized_length": 20,
                    "offset": 1915
                },
                {
                    "sentiment": "has this really cool shade",
                    "topic": null,
                    "score": 0.90258715778194,
                    "original_text": "has this really cool shade",
                    "original_length": 26,
                    "normalized_text": "has this really cool shade",
                    "normalized_length": 26,
                    "offset": 1937
                },
                {
                    "sentiment": "kind of ",
                    "topic": null,
                    "score": 0.0016962376972446,
                    "original_text": "it's kind of ",
                    "original_length": 13,
                    "normalized_text": "it's kind of ",
                    "normalized_length": 13,
                    "offset": 1987
                },
                {
                    "sentiment": "cute",
                    "topic": "cat",
                    "score": 0.62801457251814,
                    "original_text": "cute cat",
                    "original_length": 8,
                    "normalized_text": "cute cat",
                    "normalized_length": 8,
                    "offset": 2130
                },
                {
                    "sentiment": "cool",
                    "topic": "gloom",
                    "score": 0.62801457251814,
                    "original_text": "cool gloom",
                    "original_length": 10,
                    "normalized_text": "cool gloom",
                    "normalized_length": 10,
                    "offset": 2255
                },
                {
                    "sentiment": "well go",
                    "topic": null,
                    "score": 0.77418135736804,
                    "original_text": "well go nevermind skull huh",
                    "original_length": 27,
                    "normalized_text": "well go nevermind skull huh",
                    "normalized_length": 27,
                    "offset": 2340
                },
                {
                    "sentiment": "a lot better",
                    "topic": "colors",
                    "score": 0.63832364959591,
                    "original_text": "colors should appear a lot better",
                    "original_length": 33,
                    "normalized_text": "colors should appear a lot better",
                    "normalized_length": 33,
                    "offset": 3035
                },
                {
                    "sentiment": "kind of ",
                    "topic": null,
                    "score": 0.0016962376972446,
                    "original_text": "which is kind of ",
                    "original_length": 17,
                    "normalized_text": "which is kind of ",
                    "normalized_length": 17,
                    "offset": 3188
                },
                {
                    "sentiment": "really really like",
                    "topic": null,
                    "score": 0.88224907438536,
                    "original_text": "I really really like this",
                    "original_length": 25,
                    "normalized_text": "I really really like this",
                    "normalized_length": 25,
                    "offset": 3442
                },
                {
                    "sentiment": "really pretty",
                    "topic": null,
                    "score": 0.90258715778194,
                    "original_text": "it's really pretty",
                    "original_length": 18,
                    "normalized_text": "it's really pretty",
                    "normalized_length": 18,
                    "offset": 3487
                },
                {
                    "sentiment": "a really nice kind of ",
                    "topic": null,
                    "score": 0.0025866684206229,
                    "original_text": "it's a really nice kind of ",
                    "original_length": 27,
                    "normalized_text": "it's a really nice kind of ",
                    "normalized_length": 27,
                    "offset": 3507
                },
                {
                    "sentiment": "really cool",
                    "topic": null,
                    "score": 0.90258715778194,
                    "original_text": "it's really cool",
                    "original_length": 16,
                    "normalized_text": "it's really cool",
                    "normalized_length": 16,
                    "offset": 3564
                },
                {
                    "sentiment": "really like",
                    "topic": null,
                    "score": 0.7614534295774,
                    "original_text": "I really like this",
                    "original_length": 18,
                    "normalized_text": "I really like this",
                    "normalized_length": 18,
                    "offset": 3924
                },
                {
                    "sentiment": "really nice",
                    "topic": null,
                    "score": 0.9656568974098,
                    "original_text": "it's really nice really",
                    "original_length": 23,
                    "normalized_text": "it's really nice really",
                    "normalized_length": 23,
                    "offset": 3958
                },
                {
                    "sentiment": "blended well like really well",
                    "topic": null,
                    "score": 0.96218680802922,
                    "original_text": "blended well like really well together",
                    "original_length": 38,
                    "normalized_text": "blended well like really well together",
                    "normalized_length": 38,
                    "offset": 4104
                },
                {
                    "sentiment": "really like",
                    "topic": null,
                    "score": 0.7614534295774,
                    "original_text": "I really like",
                    "original_length": 13,
                    "normalized_text": "I really like",
                    "normalized_length": 13,
                    "offset": 4147
                },
                {
                    "sentiment": "super super nice",
                    "topic": null,
                    "score": 1,
                    "original_text": "it's super super nice",
                    "original_length": 21,
                    "normalized_text": "it's super super nice",
                    "normalized_length": 21,
                    "offset": 4402
                },
                {
                    "sentiment": "blends really really well at",
                    "topic": null,
                    "score": 0.95824435618746,
                    "original_text": "it blends really really well at",
                    "original_length": 31,
                    "normalized_text": "it blends really really well at",
                    "normalized_length": 31,
                    "offset": 4425
                },
                {
                    "sentiment": "like",
                    "topic": null,
                    "score": 0.60858454666352,
                    "original_text": "you like",
                    "original_length": 8,
                    "normalized_text": "you like",
                    "normalized_length": 8,
                    "offset": 4832
                },
                {
                    "sentiment": "kind of",
                    "topic": null,
                    "score": 0.0018334946608492,
                    "original_text": "I'm kind of just",
                    "original_length": 16,
                    "normalized_text": "I'm kind of just",
                    "normalized_length": 16,
                    "offset": 5185
                },
                {
                    "sentiment": "works really really good",
                    "topic": null,
                    "score": 0.95244055397425,
                    "original_text": "works really really good",
                    "original_length": 24,
                    "normalized_text": "works really really good",
                    "normalized_length": 24,
                    "offset": 5466
                },
                {
                    "sentiment": "a really really nice",
                    "topic": null,
                    "score": 0.99019474462712,
                    "original_text": "it's a really really nice really",
                    "original_length": 32,
                    "normalized_text": "it's a really really nice really",
                    "normalized_length": 32,
                    "offset": 5492
                },
                {
                    "sentiment": "really like",
                    "topic": "blue eye",
                    "score": 0.7614534295774,
                    "original_text": "I really like blue eye",
                    "original_length": 22,
                    "normalized_text": "I really like blue eye",
                    "normalized_length": 22,
                    "offset": 5546
                },
                {
                    "sentiment": "thought well",
                    "topic": null,
                    "score": 0.77418135736804,
                    "original_text": "I thought well",
                    "original_length": 14,
                    "normalized_text": "I thought well",
                    "normalized_length": 14,
                    "offset": 5928
                },
                {
                    "sentiment": "really really love",
                    "topic": null,
                    "score": 0.97685341884116,
                    "original_text": "i really really love",
                    "original_length": 20,
                    "normalized_text": "i really really love",
                    "normalized_length": 20,
                    "offset": 6020
                },
                {
                    "sentiment": "awesome",
                    "topic": "palette",
                    "score": 0.80736214697808,
                    "original_text": "awesome palette",
                    "original_length": 15,
                    "normalized_text": "awesome palette",
                    "normalized_length": 15,
                    "offset": 6092
                },
                {
                    "sentiment": "kind of ",
                    "topic": null,
                    "score": 0.0013526621893018,
                    "original_text": "it would be kind of ",
                    "original_length": 20,
                    "normalized_text": "it would be kind of ",
                    "normalized_length": 20,
                    "offset": 6323
                },
                {
                    "sentiment": "showed us really really well on",
                    "topic": null,
                    "score": 0.95824435618746,
                    "original_text": "they showed us really really well on",
                    "original_length": 36,
                    "normalized_text": "they showed us really really well on",
                    "normalized_length": 36,
                    "offset": 6522
                },
                {
                    "sentiment": "cool",
                    "topic": null,
                    "score": 0.79233520429398,
                    "original_text": "which is cool",
                    "original_length": 13,
                    "normalized_text": "which is cool",
                    "normalized_length": 13,
                    "offset": 6567
                },
                {
                    "sentiment": "order well backwards",
                    "topic": null,
                    "score": 0.77418135736804,
                    "original_text": "order well backwards order",
                    "original_length": 26,
                    "normalized_text": "order well backwards order",
                    "normalized_length": 26,
                    "offset": 6613
                },
                {
                    "sentiment": "like",
                    "topic": null,
                    "score": 0.60858454666352,
                    "original_text": "I like them",
                    "original_length": 11,
                    "normalized_text": "I like them",
                    "normalized_length": 11,
                    "offset": 6825
                },
                {
                    "sentiment": "really cool",
                    "topic": null,
                    "score": 0.90258715778194,
                    "original_text": "they're really cool here",
                    "original_length": 24,
                    "normalized_text": "they're really cool here",
                    "normalized_length": 24,
                    "offset": 6844
                },
                {
                    "sentiment": "good",
                    "topic": null,
                    "score": 0.79813669994825,
                    "original_text": "which is good",
                    "original_length": 13,
                    "normalized_text": "which is good",
                    "normalized_length": 13,
                    "offset": 7054
                },
                {
                    "sentiment": "really love",
                    "topic": "this palette",
                    "score": 0.93138008261934,
                    "original_text": "really love this palette",
                    "original_length": 24,
                    "normalized_text": "really love this palette",
                    "normalized_length": 24,
                    "offset": 7114
                },
                {
                    "sentiment": "super pretty",
                    "topic": "like all the colors",
                    "score": 0.96527079760336,
                    "original_text": "like all the colors are super pretty",
                    "original_length": 36,
                    "normalized_text": "like all the colors are super pretty",
                    "normalized_length": 36,
                    "offset": 7154
                },
                {
                    "sentiment": "really cool",
                    "topic": null,
                    "score": 0.90258715778194,
                    "original_text": "they're really cool",
                    "original_length": 19,
                    "normalized_text": "they're really cool",
                    "normalized_length": 19,
                    "offset": 7196
                },
                {
                    "sentiment": "also pretty bright",
                    "topic": null,
                    "score": 0.63982045835682,
                    "original_text": "but they're also pretty bright",
                    "original_length": 30,
                    "normalized_text": "but they're also pretty bright",
                    "normalized_length": 30,
                    "offset": 7285
                },
                {
                    "sentiment": "really always love like",
                    "topic": null,
                    "score": 0.97685341884116,
                    "original_text": "I really always love like",
                    "original_length": 25,
                    "normalized_text": "I really always love like",
                    "normalized_length": 25,
                    "offset": 7321
                },
                {
                    "sentiment": "pretty",
                    "topic": null,
                    "score": 0.70933685150655,
                    "original_text": "be pretty",
                    "original_length": 9,
                    "normalized_text": "be pretty",
                    "normalized_length": 9,
                    "offset": 7403
                },
                {
                    "sentiment": "really good",
                    "topic": null,
                    "score": 0.90625640126623,
                    "original_text": "they're really good",
                    "original_length": 19,
                    "normalized_text": "they're really good",
                    "normalized_length": 19,
                    "offset": 7469
                },
                {
                    "sentiment": "really cool",
                    "topic": null,
                    "score": 0.90258715778194,
                    "original_text": "it's really cool",
                    "original_length": 16,
                    "normalized_text": "it's really cool",
                    "normalized_length": 16,
                    "offset": 7555
                },
                {
                    "sentiment": "enjoyed",
                    "topic": "this video",
                    "score": 0.83035851058597,
                    "original_text": "enjoyed this video",
                    "original_length": 18,
                    "normalized_text": "enjoyed this video",
                    "normalized_length": 18,
                    "offset": 7585
                },
                {
                    "sentiment": "like",
                    "topic": null,
                    "score": 0.60858454666352,
                    "original_text": "you like",
                    "original_length": 8,
                    "normalized_text": "you like",
                    "normalized_length": 8,
                    "offset": 7608
                },
                {
                    "sentiment": "thumbs up",
                    "topic": null,
                    "score": 0.45936438213232,
                    "original_text": "thumbs up",
                    "original_length": 9,
                    "normalized_text": "thumbs up",
                    "normalized_length": 9,
                    "offset": 7799
                },
                {
                    "sentiment": "like",
                    "topic": null,
                    "score": 0.059229436137142,
                    "original_text": "if you like it",
                    "original_length": 14,
                    "normalized_text": "if you like it",
                    "normalized_length": 14,
                    "offset": 7964
                },
                {
                    "sentiment": "like to join",
                    "topic": null,
                    "score": 0.059229436137142,
                    "original_text": "if you like to join",
                    "original_length": 19,
                    "normalized_text": "if you like to join",
                    "normalized_length": 19,
                    "offset": 8082
                },
                {
                    "sentiment": "thumbs up",
                    "topic": null,
                    "score": 0.45936438213232,
                    "original_text": "thumbs up",
                    "original_length": 9,
                    "normalized_text": "thumbs up",
                    "normalized_length": 9,
                    "offset": 8156
                },
                {
                    "sentiment": "love",
                    "topic": null,
                    "score": 0.8401344326865,
                    "original_text": "I love you",
                    "original_length": 10,
                    "normalized_text": "I love you",
                    "normalized_length": 10,
                    "offset": 8399
                }
            ],
            "negative": [
                {
                    "sentiment": "too kind of like purple",
                    "topic": null,
                    "score": -0.50070095626136,
                    "original_text": "there is too kind of like purple",
                    "original_length": 32,
                    "normalized_text": "there is too kind of like purple",
                    "normalized_length": 32,
                    "offset": 2057
                },
                {
                    "sentiment": "just stupid joke color",
                    "topic": null,
                    "score": -0.77710967569836,
                    "original_text": "because it's just stupid joke color",
                    "original_length": 35,
                    "normalized_text": "because it's just stupid joke color",
                    "normalized_length": 35,
                    "offset": 2176
                },
                {
                    "sentiment": "not alright",
                    "topic": null,
                    "score": -0.41366197954986,
                    "original_text": "not alright",
                    "original_length": 11,
                    "normalized_text": "not alright",
                    "normalized_length": 11,
                    "offset": 5389
                },
                {
                    "sentiment": "the sneakiest",
                    "topic": "tutorial",
                    "score": -0.41366197954986,
                    "original_text": "the sneakiest tutorial",
                    "original_length": 22,
                    "normalized_text": "the sneakiest tutorial",
                    "normalized_length": 22,
                    "offset": 7625
                }
            ],
            "aggregate": {
                "sentiment": "positive",
                "score": 0.6433647882022
            }
        }
    ]
}