[
    {
        "number": "1",
        "stopTime": "00:00:04,080",
        "startTime": "00:00:00,000",
        "text": "hey guys it's Eugenia since today is\n"
    },
    {
        "number": "2",
        "stopTime": "00:00:06,000",
        "startTime": "00:00:01,949",
        "text": "need to be using a makeup tutorial kind\n"
    },
    {
        "number": "3",
        "stopTime": "00:00:08,580",
        "startTime": "00:00:04,080",
        "text": "of video with a brand new palette that I\n"
    },
    {
        "number": "4",
        "stopTime": "00:00:11,340",
        "startTime": "00:00:06,000",
        "text": "got I recently did another cat funny\n"
    },
    {
        "number": "5",
        "stopTime": "00:00:13,380",
        "startTime": "00:00:08,580",
        "text": "video on this palette which was the\n"
    },
    {
        "number": "6",
        "stopTime": "00:00:15,839",
        "startTime": "00:00:11,340",
        "text": "alchemist holographic palette I really\n"
    },
    {
        "number": "7",
        "stopTime": "00:00:18,690",
        "startTime": "00:00:13,380",
        "text": "like to tell it up and I just actually\n"
    },
    {
        "number": "8",
        "stopTime": "00:00:20,699",
        "startTime": "00:00:15,839",
        "text": "got another cat fun v palette this one\n"
    },
    {
        "number": "9",
        "stopTime": "00:00:23,699",
        "startTime": "00:00:18,690",
        "text": "is brand new I'm pretty sure to Brandi\n"
    },
    {
        "number": "10",
        "stopTime": "00:00:25,920",
        "startTime": "00:00:20,699",
        "text": "pot and it's called but the pastel goth\n"
    },
    {
        "number": "11",
        "stopTime": "00:00:28,140",
        "startTime": "00:00:23,699",
        "text": "palace I was super excited to get this\n"
    },
    {
        "number": "12",
        "stopTime": "00:00:30,179",
        "startTime": "00:00:25,920",
        "text": "because I really liked the pastel goth\n"
    },
    {
        "number": "13",
        "stopTime": "00:00:32,759",
        "startTime": "00:00:28,140",
        "text": "style I was like wow that's a cool name\n"
    },
    {
        "number": "14",
        "stopTime": "00:00:36,000",
        "startTime": "00:00:30,179",
        "text": "and then I saw that it was like a palace\n"
    },
    {
        "number": "15",
        "stopTime": "00:00:37,800",
        "startTime": "00:00:32,759",
        "text": "of really nice colorful I Titus and I\n"
    },
    {
        "number": "16",
        "stopTime": "00:00:39,600",
        "startTime": "00:00:36,000",
        "text": "always will love colorful eyeshadow I\n"
    },
    {
        "number": "17",
        "stopTime": "00:00:42,420",
        "startTime": "00:00:37,800",
        "text": "think it's really really cool I usually\n"
    },
    {
        "number": "18",
        "stopTime": "00:00:44,430",
        "startTime": "00:00:39,600",
        "text": "excited to get so yeah super excited\n"
    },
    {
        "number": "19",
        "stopTime": "00:00:45,989",
        "startTime": "00:00:42,420",
        "text": "that I just got this palette and I was\n"
    },
    {
        "number": "20",
        "stopTime": "00:00:48,420",
        "startTime": "00:00:44,430",
        "text": "playing with some of the colors of my\n"
    },
    {
        "number": "21",
        "stopTime": "00:00:50,340",
        "startTime": "00:00:45,989",
        "text": "eye and pretty much i got my eyes to\n"
    },
    {
        "number": "22",
        "stopTime": "00:00:52,079",
        "startTime": "00:00:48,420",
        "text": "look like that this is like with a\n"
    },
    {
        "number": "23",
        "stopTime": "00:00:54,539",
        "startTime": "00:00:50,340",
        "text": "couple of the colors it's kind of like\n"
    },
    {
        "number": "24",
        "stopTime": "00:00:57,300",
        "startTime": "00:00:52,079",
        "text": "trying them out so i have to date i\n"
    },
    {
        "number": "25",
        "stopTime": "00:01:00,390",
        "startTime": "00:00:54,539",
        "text": "would show you guys how I did this\n"
    },
    {
        "number": "26",
        "stopTime": "00:01:02,579",
        "startTime": "00:00:57,300",
        "text": "makeup off with this palette and also\n"
    },
    {
        "number": "27",
        "stopTime": "00:01:04,739",
        "startTime": "00:01:00,390",
        "text": "show you guys all the colors in here and\n"
    },
    {
        "number": "28",
        "stopTime": "00:01:06,780",
        "startTime": "00:01:02,579",
        "text": "yeah it's a really cool product so i'm\n"
    },
    {
        "number": "29",
        "stopTime": "00:01:09,240",
        "startTime": "00:01:04,739",
        "text": "going to show you guys now so this is\n"
    },
    {
        "number": "30",
        "stopTime": "00:01:11,040",
        "startTime": "00:01:06,780",
        "text": "new how it that I just got it's super\n"
    },
    {
        "number": "31",
        "stopTime": "00:01:13,740",
        "startTime": "00:01:09,240",
        "text": "cool I actually am just opening it right\n"
    },
    {
        "number": "32",
        "stopTime": "00:01:16,080",
        "startTime": "00:01:11,040",
        "text": "now it's called the pastel goth palette\n"
    },
    {
        "number": "33",
        "stopTime": "00:01:18,360",
        "startTime": "00:01:13,740",
        "text": "I'm so sir the Chinese because I love\n"
    },
    {
        "number": "34",
        "stopTime": "00:01:20,280",
        "startTime": "00:01:16,080",
        "text": "Kat Von D products so I'm so excited\n"
    },
    {
        "number": "35",
        "stopTime": "00:01:21,960",
        "startTime": "00:01:18,360",
        "text": "chance out and the trial of colors I\n"
    },
    {
        "number": "36",
        "stopTime": "00:01:24,180",
        "startTime": "00:01:20,280",
        "text": "thought the package is so cool to this\n"
    },
    {
        "number": "37",
        "stopTime": "00:01:26,460",
        "startTime": "00:01:21,960",
        "text": "and the way that the letters walk on\n"
    },
    {
        "number": "38",
        "stopTime": "00:01:27,840",
        "startTime": "00:01:24,180",
        "text": "here are so cool like I really like to\n"
    },
    {
        "number": "39",
        "stopTime": "00:01:30,210",
        "startTime": "00:01:26,460",
        "text": "design a nice I thought it was super\n"
    },
    {
        "number": "40",
        "stopTime": "00:01:33,150",
        "startTime": "00:01:27,840",
        "text": "often and this is the power it comes\n"
    },
    {
        "number": "41",
        "stopTime": "00:01:35,490",
        "startTime": "00:01:30,210",
        "text": "with eight colors and a mirror digitally\n"
    },
    {
        "number": "42",
        "stopTime": "00:01:37,650",
        "startTime": "00:01:33,150",
        "text": "cool so it has yellow I'm so excited to\n"
    },
    {
        "number": "43",
        "stopTime": "00:01:39,720",
        "startTime": "00:01:35,490",
        "text": "China because i always like to have a\n"
    },
    {
        "number": "44",
        "stopTime": "00:01:41,939",
        "startTime": "00:01:37,650",
        "text": "really nice vibrant yellow because when\n"
    },
    {
        "number": "45",
        "stopTime": "00:01:43,950",
        "startTime": "00:01:39,720",
        "text": "I'm wearing like yellow and I want to\n"
    },
    {
        "number": "46",
        "stopTime": "00:01:45,149",
        "startTime": "00:01:41,939",
        "text": "have yellow eyeshadow to notch it then I\n"
    },
    {
        "number": "47",
        "stopTime": "00:01:47,520",
        "startTime": "00:01:43,950",
        "text": "would love to have a yellow eyeshadow\n"
    },
    {
        "number": "48",
        "stopTime": "00:01:50,280",
        "startTime": "00:01:45,149",
        "text": "and it always reminds me of pd to you\n"
    },
    {
        "number": "49",
        "stopTime": "00:01:52,200",
        "startTime": "00:01:47,520",
        "text": "just like speak to it's the best credit\n"
    },
    {
        "number": "50",
        "stopTime": "00:01:54,509",
        "startTime": "00:01:50,280",
        "text": "has this really cool shade called\n"
    },
    {
        "number": "51",
        "stopTime": "00:01:56,549",
        "startTime": "00:01:52,200",
        "text": "clementine and it's kind of a foreign g\n"
    },
    {
        "number": "52",
        "stopTime": "00:01:59,369",
        "startTime": "00:01:54,509",
        "text": "kind of pinkish data so it looks like\n"
    },
    {
        "number": "53",
        "stopTime": "00:02:02,009",
        "startTime": "00:01:56,549",
        "text": "then there is too kind of like purple\n"
    },
    {
        "number": "54",
        "stopTime": "00:02:04,770",
        "startTime": "00:01:59,369",
        "text": "issues yeah and dope just like really\n"
    },
    {
        "number": "55",
        "stopTime": "00:02:07,439",
        "startTime": "00:02:02,009",
        "text": "cute cat kind of shade I don't know and\n"
    },
    {
        "number": "56",
        "stopTime": "00:02:08,300",
        "startTime": "00:02:04,770",
        "text": "dope because it's just stupid joke color\n"
    },
    {
        "number": "57",
        "stopTime": "00:02:11,180",
        "startTime": "00:02:07,439",
        "text": "so\n"
    },
    {
        "number": "58",
        "stopTime": "00:02:15,590",
        "startTime": "00:02:08,300",
        "text": "getting the news do it sounds really\n"
    },
    {
        "number": "59",
        "stopTime": "00:02:18,280",
        "startTime": "00:02:11,180",
        "text": "cool gloom gloomy and there's dagger\n"
    },
    {
        "number": "60",
        "stopTime": "00:02:22,550",
        "startTime": "00:02:15,590",
        "text": "which is like a grayish finish shade and\n"
    },
    {
        "number": "61",
        "stopTime": "00:02:24,920",
        "startTime": "00:02:18,280",
        "text": "yeah well go nevermind skull huh and go\n"
    },
    {
        "number": "62",
        "stopTime": "00:02:26,450",
        "startTime": "00:02:22,550",
        "text": "with the white shade so so I'm just\n"
    },
    {
        "number": "63",
        "stopTime": "00:02:29,360",
        "startTime": "00:02:24,920",
        "text": "going to like try some of those am I I\n"
    },
    {
        "number": "64",
        "stopTime": "00:02:31,340",
        "startTime": "00:02:26,450",
        "text": "student I'm not even exactly sure like\n"
    },
    {
        "number": "65",
        "stopTime": "00:02:33,440",
        "startTime": "00:02:29,360",
        "text": "what I'm doing with my makeups so I'm\n"
    },
    {
        "number": "66",
        "stopTime": "00:02:35,780",
        "startTime": "00:02:31,340",
        "text": "kind of just doing this as I go along\n"
    },
    {
        "number": "67",
        "stopTime": "00:02:37,250",
        "startTime": "00:02:33,440",
        "text": "after them also see you guys in my skin\n"
    },
    {
        "number": "68",
        "stopTime": "00:02:38,960",
        "startTime": "00:02:35,780",
        "text": "so you can kind of see how all the\n"
    },
    {
        "number": "69",
        "stopTime": "00:02:40,820",
        "startTime": "00:02:37,250",
        "text": "colors look it might not show up as good\n"
    },
    {
        "number": "70",
        "stopTime": "00:02:42,680",
        "startTime": "00:02:38,960",
        "text": "as in my eyes because oh my eyes I'm\n"
    },
    {
        "number": "71",
        "stopTime": "00:02:44,060",
        "startTime": "00:02:40,820",
        "text": "gonna use primer and all that but that\n"
    },
    {
        "number": "72",
        "stopTime": "00:02:45,920",
        "startTime": "00:02:42,680",
        "text": "way you guys can still kind of see how\n"
    },
    {
        "number": "73",
        "stopTime": "00:02:47,900",
        "startTime": "00:02:44,060",
        "text": "it looks and yes okay i'm going to try\n"
    },
    {
        "number": "74",
        "stopTime": "00:02:49,220",
        "startTime": "00:02:45,920",
        "text": "some of the colors now so the greatest\n"
    },
    {
        "number": "75",
        "stopTime": "00:02:50,540",
        "startTime": "00:02:47,900",
        "text": "thing that i'm going to do before i\n"
    },
    {
        "number": "76",
        "stopTime": "00:02:53,810",
        "startTime": "00:02:49,220",
        "text": "actually even put any of these\n"
    },
    {
        "number": "77",
        "stopTime": "00:02:55,790",
        "startTime": "00:02:50,540",
        "text": "eyeshadows on i'm going to use my Urban\n"
    },
    {
        "number": "78",
        "stopTime": "00:02:59,260",
        "startTime": "00:02:53,810",
        "text": "Decay primer potion so that way the\n"
    },
    {
        "number": "79",
        "stopTime": "00:02:59,260",
        "startTime": "00:02:55,790",
        "text": "colors should appear a lot better\n"
    },
    {
        "number": "80",
        "stopTime": "00:03:07,550",
        "startTime": "00:03:03,100",
        "text": "exactly sure what colors I was going to\n"
    },
    {
        "number": "81",
        "stopTime": "00:03:09,140",
        "startTime": "00:03:05,480",
        "text": "use like I said I think that first I'm\n"
    },
    {
        "number": "82",
        "stopTime": "00:03:11,480",
        "startTime": "00:03:07,550",
        "text": "going to take this shade Clementine\n"
    },
    {
        "number": "83",
        "stopTime": "00:03:13,400",
        "startTime": "00:03:09,140",
        "text": "which is kind of like this for appt\n"
    },
    {
        "number": "84",
        "stopTime": "00:03:16,340",
        "startTime": "00:03:11,480",
        "text": "shape and i'm going to try putting that\n"
    },
    {
        "number": "85",
        "stopTime": "00:03:19,430",
        "startTime": "00:03:13,400",
        "text": "kind of like just in the inner corner of\n"
    },
    {
        "number": "86",
        "stopTime": "00:03:22,600",
        "startTime": "00:03:16,340",
        "text": "my eye and just like putting that kind\n"
    },
    {
        "number": "87",
        "stopTime": "00:03:22,600",
        "startTime": "00:03:19,430",
        "text": "of like a little bit throughout their\n"
    },
    {
        "number": "88",
        "stopTime": "00:03:33,519",
        "startTime": "00:03:28,349",
        "text": "ok so that's that I just put that on a\n"
    },
    {
        "number": "89",
        "stopTime": "00:03:35,230",
        "startTime": "00:03:31,269",
        "text": "little bit and I really really like this\n"
    },
    {
        "number": "90",
        "stopTime": "00:03:37,060",
        "startTime": "00:03:33,519",
        "text": "color I feel like it's really pretty\n"
    },
    {
        "number": "91",
        "stopTime": "00:03:39,459",
        "startTime": "00:03:35,230",
        "text": "it's a really nice kind of like peachy\n"
    },
    {
        "number": "92",
        "stopTime": "00:03:41,260",
        "startTime": "00:03:37,060",
        "text": "shade so I think it's really cool then\n"
    },
    {
        "number": "93",
        "stopTime": "00:03:43,480",
        "startTime": "00:03:39,459",
        "text": "kind of like on the Rex would i think\n"
    },
    {
        "number": "94",
        "stopTime": "00:03:45,849",
        "startTime": "00:03:41,260",
        "text": "i'm going to try meow which is a\n"
    },
    {
        "number": "95",
        "stopTime": "00:03:47,920",
        "startTime": "00:03:43,480",
        "text": "personal change think that name is so to\n"
    },
    {
        "number": "96",
        "stopTime": "00:03:50,260",
        "startTime": "00:03:45,849",
        "text": "you because it's like a cat and cast\n"
    },
    {
        "number": "97",
        "stopTime": "00:03:52,060",
        "startTime": "00:03:47,920",
        "text": "your office like what I hear me out it\n"
    },
    {
        "number": "98",
        "stopTime": "00:03:54,819",
        "startTime": "00:03:50,260",
        "text": "just makes me want to like put on my cat\n"
    },
    {
        "number": "99",
        "stopTime": "00:04:04,299",
        "startTime": "00:03:52,060",
        "text": "headphones and I'm going to put that on\n"
    },
    {
        "number": "100",
        "stopTime": "00:04:07,269",
        "startTime": "00:03:54,819",
        "text": "my I now ok so that is that shade right\n"
    },
    {
        "number": "101",
        "stopTime": "00:04:09,940",
        "startTime": "00:04:04,299",
        "text": "there on my iPad so I really like this\n"
    },
    {
        "number": "102",
        "stopTime": "00:04:11,889",
        "startTime": "00:04:07,269",
        "text": "shade I think it's really nice really\n"
    },
    {
        "number": "103",
        "stopTime": "00:04:13,599",
        "startTime": "00:04:09,940",
        "text": "kind of like my last shade of purple and\n"
    },
    {
        "number": "104",
        "stopTime": "00:04:15,069",
        "startTime": "00:04:11,889",
        "text": "I feel like it goes really good with\n"
    },
    {
        "number": "105",
        "stopTime": "00:04:17,049",
        "startTime": "00:04:13,599",
        "text": "like the teachers gate I feel like they\n"
    },
    {
        "number": "106",
        "stopTime": "00:04:19,539",
        "startTime": "00:04:15,069",
        "text": "blended well like really well together\n"
    },
    {
        "number": "107",
        "stopTime": "00:04:22,360",
        "startTime": "00:04:17,049",
        "text": "so I really like how they blend you in\n"
    },
    {
        "number": "108",
        "stopTime": "00:04:24,370",
        "startTime": "00:04:19,539",
        "text": "easley so I think now unlike the crease\n"
    },
    {
        "number": "109",
        "stopTime": "00:04:26,229",
        "startTime": "00:04:22,360",
        "text": "kind of part of my eye I'm going to use\n"
    },
    {
        "number": "110",
        "stopTime": "00:04:38,740",
        "startTime": "00:04:24,370",
        "text": "the darker purple which is called soup\n"
    },
    {
        "number": "111",
        "stopTime": "00:04:41,380",
        "startTime": "00:04:26,229",
        "text": "and see how that works so that's the\n"
    },
    {
        "number": "112",
        "stopTime": "00:04:43,660",
        "startTime": "00:04:38,740",
        "text": "darker purple also like blended into my\n"
    },
    {
        "number": "113",
        "stopTime": "00:04:45,580",
        "startTime": "00:04:41,380",
        "text": "eyes I feel like it's super super nice\n"
    },
    {
        "number": "114",
        "stopTime": "00:04:47,530",
        "startTime": "00:04:43,660",
        "text": "it blends really really well at the\n"
    },
    {
        "number": "115",
        "stopTime": "00:04:49,389",
        "startTime": "00:04:45,580",
        "text": "other colors I just realized that you're\n"
    },
    {
        "number": "116",
        "stopTime": "00:04:52,599",
        "startTime": "00:04:47,530",
        "text": "probably doing the other I at the same\n"
    },
    {
        "number": "117",
        "stopTime": "00:04:55,090",
        "startTime": "00:04:49,389",
        "text": "time so ok I'm going to like to but I\n"
    },
    {
        "number": "118",
        "stopTime": "00:04:58,139",
        "startTime": "00:04:52,599",
        "text": "already did to the side to the other I\n"
    },
    {
        "number": "119",
        "stopTime": "00:04:58,139",
        "startTime": "00:04:55,090",
        "text": "really quick\n"
    },
    {
        "number": "120",
        "stopTime": "00:05:05,909",
        "startTime": "00:05:03,849",
        "text": "you\n"
    },
    {
        "number": "121",
        "stopTime": "00:05:19,529",
        "startTime": "00:05:08,780",
        "text": "[Music]\n"
    },
    {
        "number": "122",
        "stopTime": "00:05:42,370",
        "startTime": "00:05:37,410",
        "text": "alright so now both I feel like in the\n"
    },
    {
        "number": "123",
        "stopTime": "00:05:44,140",
        "startTime": "00:05:40,180",
        "text": "same place i also just took a blending\n"
    },
    {
        "number": "124",
        "stopTime": "00:05:46,000",
        "startTime": "00:05:42,370",
        "text": "brush to blend the colors together a\n"
    },
    {
        "number": "125",
        "stopTime": "00:05:47,530",
        "startTime": "00:05:44,140",
        "text": "little bit more and the next thing i'm\n"
    },
    {
        "number": "126",
        "stopTime": "00:05:49,930",
        "startTime": "00:05:46,000",
        "text": "going to do is how did you like the\n"
    },
    {
        "number": "127",
        "stopTime": "00:05:51,880",
        "startTime": "00:05:47,530",
        "text": "highlights above my eye and I'm going to\n"
    },
    {
        "number": "128",
        "stopTime": "00:06:05,230",
        "startTime": "00:05:49,930",
        "text": "try the white shade which is coughs all\n"
    },
    {
        "number": "129",
        "stopTime": "00:06:06,670",
        "startTime": "00:05:51,880",
        "text": "like what I need up ok so that's the way\n"
    },
    {
        "number": "130",
        "stopTime": "00:06:08,470",
        "startTime": "00:06:05,230",
        "text": "to eat I feel like it's a really really\n"
    },
    {
        "number": "131",
        "stopTime": "00:06:10,000",
        "startTime": "00:06:06,670",
        "text": "nice white face would be like a white\n"
    },
    {
        "number": "132",
        "stopTime": "00:06:12,070",
        "startTime": "00:06:08,470",
        "text": "eyeshadow I feel like it works really\n"
    },
    {
        "number": "133",
        "stopTime": "00:06:14,680",
        "startTime": "00:06:10,000",
        "text": "good now I'm going to go under my eyes\n"
    },
    {
        "number": "134",
        "stopTime": "00:06:16,000",
        "startTime": "00:06:12,070",
        "text": "and not sure exactly what I want to do\n"
    },
    {
        "number": "135",
        "stopTime": "00:06:19,060",
        "startTime": "00:06:14,680",
        "text": "is like I said I'm kind of just like\n"
    },
    {
        "number": "136",
        "stopTime": "00:06:20,650",
        "startTime": "00:06:16,000",
        "text": "doing this as I go along I really want\n"
    },
    {
        "number": "137",
        "stopTime": "00:06:23,560",
        "startTime": "00:06:19,060",
        "text": "to try to blue shade though which is\n"
    },
    {
        "number": "138",
        "stopTime": "00:06:26,020",
        "startTime": "00:06:20,650",
        "text": "zoom right there so i think i'm going to\n"
    },
    {
        "number": "139",
        "stopTime": "00:06:53,140",
        "startTime": "00:06:23,560",
        "text": "try that underneath my eyes she's like a\n"
    },
    {
        "number": "140",
        "stopTime": "00:06:56,170",
        "startTime": "00:06:26,020",
        "text": "little brush to do not alright so now i\n"
    },
    {
        "number": "141",
        "stopTime": "00:06:57,820",
        "startTime": "00:06:53,140",
        "text": "have two blue underneath my eyes I deal\n"
    },
    {
        "number": "142",
        "stopTime": "00:06:59,860",
        "startTime": "00:06:56,170",
        "text": "with the blue works really really good\n"
    },
    {
        "number": "143",
        "stopTime": "00:07:01,570",
        "startTime": "00:06:57,820",
        "text": "it's a really really nice really bright\n"
    },
    {
        "number": "144",
        "stopTime": "00:07:03,550",
        "startTime": "00:06:59,860",
        "text": "kind of blue I really like blue eye\n"
    },
    {
        "number": "145",
        "stopTime": "00:07:05,200",
        "startTime": "00:07:01,570",
        "text": "shadow so definitely one of my favorite\n"
    },
    {
        "number": "146",
        "stopTime": "00:07:07,180",
        "startTime": "00:07:03,550",
        "text": "colors that I've tried but now this is a\n"
    },
    {
        "number": "147",
        "stopTime": "00:07:08,530",
        "startTime": "00:07:05,200",
        "text": "really like part of the palace but I\n"
    },
    {
        "number": "148",
        "stopTime": "00:07:10,600",
        "startTime": "00:07:07,180",
        "text": "hope they're just going to do eyeliner\n"
    },
    {
        "number": "149",
        "stopTime": "00:07:12,460",
        "startTime": "00:07:08,530",
        "text": "and mascara real quick because I always\n"
    },
    {
        "number": "150",
        "stopTime": "00:07:14,770",
        "startTime": "00:07:10,600",
        "text": "like to have that with my eye makeup and\n"
    },
    {
        "number": "151",
        "stopTime": "00:07:16,420",
        "startTime": "00:07:12,460",
        "text": "i'll show you guys how needs actually\n"
    },
    {
        "number": "152",
        "stopTime": "00:07:18,720",
        "startTime": "00:07:14,770",
        "text": "look in my skin so you can see all the\n"
    },
    {
        "number": "153",
        "stopTime": "00:07:18,720",
        "startTime": "00:07:16,420",
        "text": "colors\n"
    },
    {
        "number": "154",
        "stopTime": "00:07:22,529",
        "startTime": "00:07:19,170",
        "text": "[Music]\n"
    },
    {
        "number": "155",
        "stopTime": "00:08:06,970",
        "startTime": "00:07:34,170",
        "text": "[Music]\n"
    },
    {
        "number": "156",
        "stopTime": "00:08:36,169",
        "startTime": "00:08:33,000",
        "text": "[Music]\n"
    },
    {
        "number": "157",
        "stopTime": "00:09:03,360",
        "startTime": "00:08:36,960",
        "text": "I thought well those are my eyes\n"
    },
    {
        "number": "158",
        "stopTime": "00:09:19,440",
        "startTime": "00:09:00,840",
        "text": "finished so this is how they came out\n"
    },
    {
        "number": "159",
        "stopTime": "00:09:21,450",
        "startTime": "00:09:03,360",
        "text": "found them done so i really really love\n"
    },
    {
        "number": "160",
        "stopTime": "00:09:23,760",
        "startTime": "00:09:19,440",
        "text": "the colors in this palette and I feel\n"
    },
    {
        "number": "161",
        "stopTime": "00:09:25,110",
        "startTime": "00:09:21,450",
        "text": "like super awesome palette and also i'm\n"
    },
    {
        "number": "162",
        "stopTime": "00:09:27,540",
        "startTime": "00:09:23,760",
        "text": "going to show you guys just kind of had\n"
    },
    {
        "number": "163",
        "stopTime": "00:09:29,820",
        "startTime": "00:09:25,110",
        "text": "a look on my skin so that way you can\n"
    },
    {
        "number": "164",
        "stopTime": "00:09:31,500",
        "startTime": "00:09:27,540",
        "text": "see all the colors and also the colors\n"
    },
    {
        "number": "165",
        "stopTime": "00:09:32,910",
        "startTime": "00:09:29,820",
        "text": "that i didn't use today cuz there's a\n"
    },
    {
        "number": "166",
        "stopTime": "00:09:34,260",
        "startTime": "00:09:31,500",
        "text": "couple that i didn't use because i think\n"
    },
    {
        "number": "167",
        "stopTime": "00:09:37,200",
        "startTime": "00:09:32,910",
        "text": "it would be kind of hard foods like\n"
    },
    {
        "number": "168",
        "stopTime": "00:09:39,330",
        "startTime": "00:09:34,260",
        "text": "eight colors of my eyes like in one go\n"
    },
    {
        "number": "169",
        "stopTime": "00:09:40,920",
        "startTime": "00:09:37,200",
        "text": "but yeah i'm going to try to fit if you\n"
    },
    {
        "number": "170",
        "stopTime": "00:09:43,230",
        "startTime": "00:09:39,330",
        "text": "guys just like on my skin a little bit\n"
    },
    {
        "number": "171",
        "stopTime": "00:09:45,030",
        "startTime": "00:09:40,920",
        "text": "so the internet colors I actually think\n"
    },
    {
        "number": "172",
        "stopTime": "00:09:47,940",
        "startTime": "00:09:43,230",
        "text": "they showed us really really well on my\n"
    },
    {
        "number": "173",
        "stopTime": "00:09:51,450",
        "startTime": "00:09:45,030",
        "text": "arm which is cool so that's them all\n"
    },
    {
        "number": "174",
        "stopTime": "00:09:54,720",
        "startTime": "00:09:47,940",
        "text": "actually in order well backwards order\n"
    },
    {
        "number": "175",
        "stopTime": "00:09:56,370",
        "startTime": "00:09:51,450",
        "text": "huh and yeah they super nice and I\n"
    },
    {
        "number": "176",
        "stopTime": "00:09:58,890",
        "startTime": "00:09:54,720",
        "text": "really like how all the colors are like\n"
    },
    {
        "number": "177",
        "stopTime": "00:10:00,930",
        "startTime": "00:09:56,370",
        "text": "a very nice and pastel looking but they\n"
    },
    {
        "number": "178",
        "stopTime": "00:10:03,270",
        "startTime": "00:09:58,890",
        "text": "also a really bright and really show up\n"
    },
    {
        "number": "179",
        "stopTime": "00:10:04,950",
        "startTime": "00:10:00,930",
        "text": "and see really pretty so I like them a\n"
    },
    {
        "number": "180",
        "stopTime": "00:10:11,040",
        "startTime": "00:10:03,270",
        "text": "lot they're really cool here show you\n"
    },
    {
        "number": "181",
        "stopTime": "00:10:13,290",
        "startTime": "00:10:04,950",
        "text": "closer up to 15 your arm is actually\n"
    },
    {
        "number": "182",
        "stopTime": "00:10:16,350",
        "startTime": "00:10:11,040",
        "text": "really hard to get all the colors to\n"
    },
    {
        "number": "183",
        "stopTime": "00:10:18,270",
        "startTime": "00:10:13,290",
        "text": "show but hopefully you guys can see them\n"
    },
    {
        "number": "184",
        "stopTime": "00:10:20,460",
        "startTime": "00:10:16,350",
        "text": "okay like I think you can actually see\n"
    },
    {
        "number": "185",
        "stopTime": "00:10:23,100",
        "startTime": "00:10:18,270",
        "text": "them pretty good which is good so yeah\n"
    },
    {
        "number": "186",
        "stopTime": "00:10:25,050",
        "startTime": "00:10:20,460",
        "text": "hey colors huh so I just say that I\n"
    },
    {
        "number": "187",
        "stopTime": "00:10:27,060",
        "startTime": "00:10:23,100",
        "text": "really love this palette I really feel\n"
    },
    {
        "number": "188",
        "stopTime": "00:10:28,440",
        "startTime": "00:10:25,050",
        "text": "like all the colors are super pretty and\n"
    },
    {
        "number": "189",
        "stopTime": "00:10:30,330",
        "startTime": "00:10:27,060",
        "text": "they're really cool because they're run\n"
    },
    {
        "number": "190",
        "stopTime": "00:10:32,160",
        "startTime": "00:10:28,440",
        "text": "really nice kind of like pastel kind of\n"
    },
    {
        "number": "191",
        "stopTime": "00:10:34,560",
        "startTime": "00:10:30,330",
        "text": "shapes but they're also pretty bright\n"
    },
    {
        "number": "192",
        "stopTime": "00:10:36,570",
        "startTime": "00:10:32,160",
        "text": "and I really always love like colorful\n"
    },
    {
        "number": "193",
        "stopTime": "00:10:38,300",
        "startTime": "00:10:34,560",
        "text": "bright eyeshadow I feel like it's so\n"
    },
    {
        "number": "194",
        "stopTime": "00:10:40,310",
        "startTime": "00:10:36,570",
        "text": "nice to be pretty and I know\n"
    },
    {
        "number": "195",
        "stopTime": "00:10:42,110",
        "startTime": "00:10:38,300",
        "text": "like the Great and white shade too I\n"
    },
    {
        "number": "196",
        "stopTime": "00:10:44,840",
        "startTime": "00:10:40,310",
        "text": "think they're really good and just like\n"
    },
    {
        "number": "197",
        "stopTime": "00:10:46,880",
        "startTime": "00:10:42,110",
        "text": "at a sell golf palette like really good\n"
    },
    {
        "number": "198",
        "stopTime": "00:10:48,860",
        "startTime": "00:10:44,840",
        "text": "style and it's really cool so you guys\n"
    },
    {
        "number": "199",
        "stopTime": "00:10:51,140",
        "startTime": "00:10:46,880",
        "text": "enjoyed this video and you like seeing\n"
    },
    {
        "number": "200",
        "stopTime": "00:10:52,880",
        "startTime": "00:10:48,860",
        "text": "the sneakiest tutorial and me showing\n"
    },
    {
        "number": "201",
        "stopTime": "00:10:55,790",
        "startTime": "00:10:51,140",
        "text": "you these colors make sure you give this\n"
    },
    {
        "number": "202",
        "stopTime": "00:10:57,890",
        "startTime": "00:10:52,880",
        "text": "video a like also guys reminder if you\n"
    },
    {
        "number": "203",
        "stopTime": "00:11:00,140",
        "startTime": "00:10:55,790",
        "text": "didn't already notice that if you give\n"
    },
    {
        "number": "204",
        "stopTime": "00:11:02,420",
        "startTime": "00:10:57,890",
        "text": "this video a thumbs up you will be an\n"
    },
    {
        "number": "205",
        "stopTime": "00:11:04,580",
        "startTime": "00:11:00,140",
        "text": "official member of my official calls I'm\n"
    },
    {
        "number": "206",
        "stopTime": "00:11:07,220",
        "startTime": "00:11:02,420",
        "text": "actually the cult leader somebody made a\n"
    },
    {
        "number": "207",
        "stopTime": "00:11:09,460",
        "startTime": "00:11:04,580",
        "text": "comment once this being like me saying\n"
    },
    {
        "number": "208",
        "stopTime": "00:11:12,410",
        "startTime": "00:11:07,220",
        "text": "like the video if you like it is\n"
    },
    {
        "number": "209",
        "stopTime": "00:11:14,810",
        "startTime": "00:11:09,460",
        "text": "obviously me being a cult leader so yes\n"
    },
    {
        "number": "210",
        "stopTime": "00:11:17,390",
        "startTime": "00:11:12,410",
        "text": "I can totally confirm that that I am\n"
    },
    {
        "number": "211",
        "stopTime": "00:11:19,820",
        "startTime": "00:11:14,810",
        "text": "later of my home so if you like to join\n"
    },
    {
        "number": "212",
        "stopTime": "00:11:21,800",
        "startTime": "00:11:17,390",
        "text": "the costs and all you go to do is give\n"
    },
    {
        "number": "213",
        "stopTime": "00:11:23,300",
        "startTime": "00:11:19,820",
        "text": "this video a thumbs up also subscribe to\n"
    },
    {
        "number": "214",
        "stopTime": "00:11:26,120",
        "startTime": "00:11:21,800",
        "text": "my youtube channel if you want to be\n"
    },
    {
        "number": "215",
        "stopTime": "00:11:27,860",
        "startTime": "00:11:23,300",
        "text": "like a VIP cult members yeah I post\n"
    },
    {
        "number": "216",
        "stopTime": "00:11:29,810",
        "startTime": "00:11:26,120",
        "text": "videos of here a lot and you can also\n"
    },
    {
        "number": "217",
        "stopTime": "00:11:31,040",
        "startTime": "00:11:27,860",
        "text": "click on the bell icon if you want\n"
    },
    {
        "number": "218",
        "stopTime": "00:11:33,260",
        "startTime": "00:11:29,810",
        "text": "because that way you'll be notified\n"
    },
    {
        "number": "219",
        "stopTime": "00:11:35,270",
        "startTime": "00:11:31,040",
        "text": "whenever I post new videos I love you\n"
    },
    {
        "number": "220",
        "stopTime": "00:11:38,830",
        "startTime": "00:11:33,260",
        "text": "guys so much a cop you guys in my next\n"
    },
    {
        "number": "221",
        "stopTime": "00:11:38,830",
        "startTime": "00:11:35,270",
        "text": "video all right hi\n"
    },
    {
        "number": "222",
        "stopTime": "00:11:56,630",
        "startTime": "00:11:40,500",
        "text": "[Music]\n"
    }
]