[
    {
        "number": "1",
        "stopTime": "00:00:03,990",
        "startTime": "00:00:00,000",
        "text": "hey guys it's achieving yet but not too\n"
    },
    {
        "number": "2",
        "stopTime": "00:00:06,000",
        "startTime": "00:00:02,010",
        "text": "long ago I did one of those videos it's\n"
    },
    {
        "number": "3",
        "stopTime": "00:00:07,710",
        "startTime": "00:00:03,990",
        "text": "like a boyfriend does my voice over\n"
    },
    {
        "number": "4",
        "stopTime": "00:00:10,320",
        "startTime": "00:00:06,000",
        "text": "video I don't actually have a boyfriend\n"
    },
    {
        "number": "5",
        "stopTime": "00:00:12,090",
        "startTime": "00:00:07,710",
        "text": "so I just did with my friend here Jordan\n"
    },
    {
        "number": "6",
        "stopTime": "00:00:14,639",
        "startTime": "00:00:10,320",
        "text": "it seems like a lot of you guys really\n"
    },
    {
        "number": "7",
        "stopTime": "00:00:16,080",
        "startTime": "00:00:12,090",
        "text": "liked that video so today I thought I\n"
    },
    {
        "number": "8",
        "stopTime": "00:00:18,000",
        "startTime": "00:00:14,639",
        "text": "would make another one of those videos\n"
    },
    {
        "number": "9",
        "stopTime": "00:00:20,520",
        "startTime": "00:00:16,080",
        "text": "only today I'm going to be doing it a\n"
    },
    {
        "number": "10",
        "stopTime": "00:00:23,490",
        "startTime": "00:00:18,000",
        "text": "little bit differently hi I'm Eugenia's\n"
    },
    {
        "number": "11",
        "stopTime": "00:00:25,410",
        "startTime": "00:00:20,520",
        "text": "grandmother I'm gonna do the makeover\n"
    },
    {
        "number": "12",
        "stopTime": "00:00:28,260",
        "startTime": "00:00:23,490",
        "text": "you're gonna do the voiceover right\n"
    },
    {
        "number": "13",
        "stopTime": "00:00:30,810",
        "startTime": "00:00:25,410",
        "text": "grandma do the voiceover you're gonna do\n"
    },
    {
        "number": "14",
        "stopTime": "00:00:34,110",
        "startTime": "00:00:28,260",
        "text": "a great job oh thank you it's a little\n"
    },
    {
        "number": "15",
        "stopTime": "00:00:36,570",
        "startTime": "00:00:30,810",
        "text": "note to me but it's very easy when you\n"
    },
    {
        "number": "16",
        "stopTime": "00:00:39,570",
        "startTime": "00:00:34,110",
        "text": "get to it step by step it just Falls\n"
    },
    {
        "number": "17",
        "stopTime": "00:00:43,260",
        "startTime": "00:00:36,570",
        "text": "right into place and I'm very happy to\n"
    },
    {
        "number": "18",
        "stopTime": "00:00:45,390",
        "startTime": "00:00:39,570",
        "text": "do it as far as we saw this I learned it\n"
    },
    {
        "number": "19",
        "stopTime": "00:00:49,260",
        "startTime": "00:00:43,260",
        "text": "it's a little difficult than anybody\n"
    },
    {
        "number": "20",
        "stopTime": "00:00:53,070",
        "startTime": "00:00:45,390",
        "text": "that wants to take that job step by step\n"
    },
    {
        "number": "21",
        "stopTime": "00:00:55,620",
        "startTime": "00:00:49,260",
        "text": "it's well worth your time and your looks\n"
    },
    {
        "number": "22",
        "stopTime": "00:01:00,000",
        "startTime": "00:00:53,070",
        "text": "if you're interested in your looks\n"
    },
    {
        "number": "23",
        "stopTime": "00:01:01,410",
        "startTime": "00:00:55,620",
        "text": "believe me try it step by step so i'm\n"
    },
    {
        "number": "24",
        "stopTime": "00:01:03,539",
        "startTime": "00:01:00,000",
        "text": "going to show you guys how I did my\n"
    },
    {
        "number": "25",
        "stopTime": "00:01:05,909",
        "startTime": "00:01:01,410",
        "text": "makeup today I just finished doing it\n"
    },
    {
        "number": "26",
        "stopTime": "00:01:08,010",
        "startTime": "00:01:03,539",
        "text": "not too long ago and then she's gonna\n"
    },
    {
        "number": "27",
        "stopTime": "00:01:09,479",
        "startTime": "00:01:05,909",
        "text": "like voice over it and tell you what I'm\n"
    },
    {
        "number": "28",
        "stopTime": "00:01:12,860",
        "startTime": "00:01:08,010",
        "text": "doing so I'm going to start the video\n"
    },
    {
        "number": "29",
        "stopTime": "00:01:16,820",
        "startTime": "00:01:09,479",
        "text": "now and if you guys like it hi I'm\n"
    },
    {
        "number": "30",
        "stopTime": "00:01:19,350",
        "startTime": "00:01:12,860",
        "text": "Eugenia and what I'm doing is my makeup\n"
    },
    {
        "number": "31",
        "stopTime": "00:01:23,520",
        "startTime": "00:01:16,820",
        "text": "first of all you don't sell soup here\n"
    },
    {
        "number": "32",
        "stopTime": "00:01:30,630",
        "startTime": "00:01:19,350",
        "text": "Europe for my errors I did that first so\n"
    },
    {
        "number": "33",
        "stopTime": "00:01:33,960",
        "startTime": "00:01:23,520",
        "text": "after my here I did my eyes and a little\n"
    },
    {
        "number": "34",
        "stopTime": "00:01:39,869",
        "startTime": "00:01:30,630",
        "text": "bit of makeup first here and there color\n"
    },
    {
        "number": "35",
        "stopTime": "00:01:42,780",
        "startTime": "00:01:33,960",
        "text": "is perfect um and I make sure it's right\n"
    },
    {
        "number": "36",
        "stopTime": "00:01:47,119",
        "startTime": "00:01:39,869",
        "text": "on one eye and then when I that's\n"
    },
    {
        "number": "37",
        "stopTime": "00:01:50,640",
        "startTime": "00:01:42,780",
        "text": "perfect i will go to the other ride um\n"
    },
    {
        "number": "38",
        "stopTime": "00:01:53,670",
        "startTime": "00:01:47,119",
        "text": "if you look carefully you'll see how\n"
    },
    {
        "number": "39",
        "stopTime": "00:01:59,159",
        "startTime": "00:01:50,640",
        "text": "beautiful is coming I have a lot of\n"
    },
    {
        "number": "40",
        "stopTime": "00:02:01,740",
        "startTime": "00:01:53,670",
        "text": "assistance though from Virginia who is\n"
    },
    {
        "number": "41",
        "stopTime": "00:02:06,090",
        "startTime": "00:01:59,159",
        "text": "really the professional person that\n"
    },
    {
        "number": "42",
        "stopTime": "00:02:08,970",
        "startTime": "00:02:01,740",
        "text": "helped me out my first place and so if\n"
    },
    {
        "number": "43",
        "stopTime": "00:02:10,240",
        "startTime": "00:02:06,090",
        "text": "there's anything you want to know you\n"
    },
    {
        "number": "44",
        "stopTime": "00:02:16,090",
        "startTime": "00:02:08,970",
        "text": "can ask me\n"
    },
    {
        "number": "45",
        "stopTime": "00:02:18,670",
        "startTime": "00:02:10,240",
        "text": "I'll go to the authority um ok now I see\n"
    },
    {
        "number": "46",
        "stopTime": "00:02:24,820",
        "startTime": "00:02:16,090",
        "text": "him doing really well that I just come\n"
    },
    {
        "number": "47",
        "stopTime": "00:02:30,640",
        "startTime": "00:02:18,670",
        "text": "yells good and if you notice how\n"
    },
    {
        "number": "48",
        "stopTime": "00:02:33,190",
        "startTime": "00:02:24,820",
        "text": "carefully I do it oh yeah it is coming\n"
    },
    {
        "number": "49",
        "stopTime": "00:02:40,290",
        "startTime": "00:02:30,640",
        "text": "out really well and then we'll go to the\n"
    },
    {
        "number": "50",
        "stopTime": "00:02:40,290",
        "startTime": "00:02:33,190",
        "text": "next and um I will go from step to step\n"
    },
    {
        "number": "51",
        "stopTime": "00:02:52,480",
        "startTime": "00:02:40,890",
        "text": "yeah I did it very very very good um see\n"
    },
    {
        "number": "52",
        "stopTime": "00:02:55,920",
        "startTime": "00:02:49,990",
        "text": "you can see she can do a little time to\n"
    },
    {
        "number": "53",
        "stopTime": "00:02:59,470",
        "startTime": "00:02:52,480",
        "text": "look at it while she puts it on and\n"
    },
    {
        "number": "54",
        "stopTime": "00:03:03,190",
        "startTime": "00:02:55,920",
        "text": "you'll notice the color the shade\n"
    },
    {
        "number": "55",
        "stopTime": "00:03:06,490",
        "startTime": "00:02:59,470",
        "text": "everything is perfect so if you want\n"
    },
    {
        "number": "56",
        "stopTime": "00:03:08,860",
        "startTime": "00:03:03,190",
        "text": "grid eyes she's close up and you will\n"
    },
    {
        "number": "57",
        "stopTime": "00:03:13,240",
        "startTime": "00:03:06,490",
        "text": "see what she's doing and you can just\n"
    },
    {
        "number": "58",
        "stopTime": "00:03:15,480",
        "startTime": "00:03:08,860",
        "text": "copy it which will be exciting easy for\n"
    },
    {
        "number": "59",
        "stopTime": "00:03:15,480",
        "startTime": "00:03:13,240",
        "text": "you to\n"
    },
    {
        "number": "60",
        "stopTime": "00:03:25,940",
        "startTime": "00:03:18,050",
        "text": "I want to put it away carefully and I do\n"
    },
    {
        "number": "61",
        "stopTime": "00:03:28,610",
        "startTime": "00:03:22,310",
        "text": "want to get it on my eyes yeah so a\n"
    },
    {
        "number": "62",
        "stopTime": "00:03:32,540",
        "startTime": "00:03:25,940",
        "text": "little bit i will talk a little bit you\n"
    },
    {
        "number": "63",
        "stopTime": "00:03:35,740",
        "startTime": "00:03:28,610",
        "text": "don't have to just kind of you know look\n"
    },
    {
        "number": "64",
        "stopTime": "00:03:46,910",
        "startTime": "00:03:32,540",
        "text": "and see for yourself which is wonderful\n"
    },
    {
        "number": "65",
        "stopTime": "00:03:52,640",
        "startTime": "00:03:35,740",
        "text": "because seeing is believing okay now I\n"
    },
    {
        "number": "66",
        "stopTime": "00:03:56,540",
        "startTime": "00:03:46,910",
        "text": "noticed um I think we're doing we're\n"
    },
    {
        "number": "67",
        "stopTime": "00:03:59,740",
        "startTime": "00:03:52,640",
        "text": "almost done we did as much as we could\n"
    },
    {
        "number": "68",
        "stopTime": "00:04:05,900",
        "startTime": "00:03:56,540",
        "text": "on one eye we're on the other ride and\n"
    },
    {
        "number": "69",
        "stopTime": "00:04:12,380",
        "startTime": "00:03:59,740",
        "text": "the makeup is going on nicely there we\n"
    },
    {
        "number": "70",
        "stopTime": "00:04:16,010",
        "startTime": "00:04:05,900",
        "text": "go if you look you'll see how perfect\n"
    },
    {
        "number": "71",
        "stopTime": "00:04:19,640",
        "startTime": "00:04:12,380",
        "text": "it's being done you're so easy when you\n"
    },
    {
        "number": "72",
        "stopTime": "00:04:22,669",
        "startTime": "00:04:16,010",
        "text": "see if I just tell you my product but\n"
    },
    {
        "number": "73",
        "stopTime": "00:04:33,280",
        "startTime": "00:04:19,640",
        "text": "you see exactly what you did or did you\n"
    },
    {
        "number": "74",
        "stopTime": "00:04:34,580",
        "startTime": "00:04:22,669",
        "text": "can coffee and come out just here we go\n"
    },
    {
        "number": "75",
        "stopTime": "00:04:38,100",
        "startTime": "00:04:33,280",
        "text": "[Music]\n"
    },
    {
        "number": "76",
        "stopTime": "00:04:42,030",
        "startTime": "00:04:34,580",
        "text": "can't resist the one eye to the other\n"
    },
    {
        "number": "77",
        "stopTime": "00:04:48,440",
        "startTime": "00:04:38,100",
        "text": "eye everything has been pretty much\n"
    },
    {
        "number": "78",
        "stopTime": "00:04:48,440",
        "startTime": "00:04:42,030",
        "text": "caught up and can build in there\n"
    },
    {
        "number": "79",
        "stopTime": "00:04:51,910",
        "startTime": "00:04:48,770",
        "text": "[Music]\n"
    },
    {
        "number": "80",
        "stopTime": "00:05:10,300",
        "startTime": "00:05:00,120",
        "text": "okay now um the year is done and see how\n"
    },
    {
        "number": "81",
        "stopTime": "00:05:17,650",
        "startTime": "00:05:06,970",
        "text": "beautiful and silky it's done it's just\n"
    },
    {
        "number": "82",
        "stopTime": "00:05:22,770",
        "startTime": "00:05:10,300",
        "text": "gorgeous the face is done we do it in\n"
    },
    {
        "number": "83",
        "stopTime": "00:05:22,770",
        "startTime": "00:05:17,650",
        "text": "steps if you say cheese\n"
    },
    {
        "number": "84",
        "stopTime": "00:05:34,709",
        "startTime": "00:05:25,160",
        "text": "[Music]\n"
    },
    {
        "number": "85",
        "stopTime": "00:05:38,629",
        "startTime": "00:05:29,849",
        "text": "okay um I'm doing it as best I can do it\n"
    },
    {
        "number": "86",
        "stopTime": "00:05:43,229",
        "startTime": "00:05:34,709",
        "text": "if you'll notice it's a lot than done I\n"
    },
    {
        "number": "87",
        "stopTime": "00:05:46,919",
        "startTime": "00:05:38,629",
        "text": "when I started out there was no makeup\n"
    },
    {
        "number": "88",
        "stopTime": "00:05:50,639",
        "startTime": "00:05:43,229",
        "text": "now I'm almost done completely the eyes\n"
    },
    {
        "number": "89",
        "stopTime": "00:05:53,849",
        "startTime": "00:05:46,919",
        "text": "the makeup the hair and it will be a\n"
    },
    {
        "number": "90",
        "stopTime": "00:05:58,709",
        "startTime": "00:05:50,639",
        "text": "beautiful result and you can see how\n"
    },
    {
        "number": "91",
        "stopTime": "00:06:03,479",
        "startTime": "00:05:53,849",
        "text": "easy it is when you see a person do and\n"
    },
    {
        "number": "92",
        "stopTime": "00:06:10,289",
        "startTime": "00:05:58,709",
        "text": "that rather than not seeing it right now\n"
    },
    {
        "number": "93",
        "stopTime": "00:06:16,259",
        "startTime": "00:06:03,479",
        "text": "and putting my makeup on and i'm putting\n"
    },
    {
        "number": "94",
        "stopTime": "00:06:18,929",
        "startTime": "00:06:10,289",
        "text": "a little bit of Rouge in and then you\n"
    },
    {
        "number": "95",
        "stopTime": "00:06:21,959",
        "startTime": "00:06:16,259",
        "text": "have to worry about the cheekbones they\n"
    },
    {
        "number": "96",
        "stopTime": "00:06:25,949",
        "startTime": "00:06:18,929",
        "text": "have to get yours you have to make them\n"
    },
    {
        "number": "97",
        "stopTime": "00:06:28,769",
        "startTime": "00:06:21,959",
        "text": "look just beautiful and then come when\n"
    },
    {
        "number": "98",
        "stopTime": "00:06:32,459",
        "startTime": "00:06:25,949",
        "text": "that is done you go to the other side\n"
    },
    {
        "number": "99",
        "stopTime": "00:06:36,899",
        "startTime": "00:06:28,769",
        "text": "the other cheek bone make them perfect\n"
    },
    {
        "number": "100",
        "stopTime": "00:06:40,469",
        "startTime": "00:06:32,459",
        "text": "both to match and I see you're doing all\n"
    },
    {
        "number": "101",
        "stopTime": "00:06:44,159",
        "startTime": "00:06:36,899",
        "text": "that and then as you were doing with the\n"
    },
    {
        "number": "102",
        "stopTime": "00:06:49,289",
        "startTime": "00:06:40,469",
        "text": "bottom of the cheekbones it's just\n"
    },
    {
        "number": "103",
        "stopTime": "00:06:54,360",
        "startTime": "00:06:44,159",
        "text": "coming out perfect but you have to do it\n"
    },
    {
        "number": "104",
        "stopTime": "00:07:00,899",
        "startTime": "00:06:49,289",
        "text": "step by step and you can hear is a step\n"
    },
    {
        "number": "105",
        "stopTime": "00:07:03,749",
        "startTime": "00:06:54,360",
        "text": "and then now she's doing um to still in\n"
    },
    {
        "number": "106",
        "stopTime": "00:07:06,629",
        "startTime": "00:07:00,899",
        "text": "the temple the temples belong to you\n"
    },
    {
        "number": "107",
        "stopTime": "00:07:09,839",
        "startTime": "00:07:03,749",
        "text": "tell me about you can't just do the same\n"
    },
    {
        "number": "108",
        "stopTime": "00:07:16,849",
        "startTime": "00:07:06,629",
        "text": "you've gotta treat those temples like\n"
    },
    {
        "number": "109",
        "stopTime": "00:07:21,269",
        "startTime": "00:07:09,839",
        "text": "this and now I see whenever you get to\n"
    },
    {
        "number": "110",
        "stopTime": "00:07:29,209",
        "startTime": "00:07:16,849",
        "text": "you know you're gonna do your cheekbones\n"
    },
    {
        "number": "111",
        "stopTime": "00:07:32,939",
        "startTime": "00:07:21,269",
        "text": "and they are coming up ahead and tell\n"
    },
    {
        "number": "112",
        "stopTime": "00:07:35,360",
        "startTime": "00:07:29,209",
        "text": "not only the cheekbones you've got to\n"
    },
    {
        "number": "113",
        "stopTime": "00:07:40,800",
        "startTime": "00:07:32,939",
        "text": "get your\n"
    },
    {
        "number": "114",
        "stopTime": "00:07:47,210",
        "startTime": "00:07:35,360",
        "text": "pianos has to keep out perfect okay I'm\n"
    },
    {
        "number": "115",
        "stopTime": "00:07:47,210",
        "startTime": "00:07:40,800",
        "text": "done why kill subscribe very good\n"
    },
    {
        "number": "116",
        "stopTime": "00:07:55,310",
        "startTime": "00:07:47,760",
        "text": "[Music]\n"
    },
    {
        "number": "117",
        "stopTime": "00:08:06,850",
        "startTime": "00:07:57,000",
        "text": "you\n"
    },
    {
        "number": "118",
        "stopTime": "00:08:06,850",
        "startTime": "00:07:57,740",
        "text": "[Music]\n"
    }
]