{
    "sentiment_analysis": [
        {
            "positive": [
                {
                    "sentiment": "liked",
                    "topic": "that video",
                    "score": 0.79233520429398,
                    "original_text": "liked that video",
                    "original_length": 16,
                    "normalized_text": "liked that video",
                    "normalized_length": 16,
                    "offset": 242
                },
                {
                    "sentiment": "great job",
                    "topic": null,
                    "score": 0.48140488590501,
                    "original_text": "great job",
                    "original_length": 9,
                    "normalized_text": "great job",
                    "normalized_length": 9,
                    "offset": 521
                },
                {
                    "sentiment": "thank you",
                    "topic": null,
                    "score": 0.81406432882078,
                    "original_text": "thank you",
                    "original_length": 9,
                    "normalized_text": "thank you",
                    "normalized_length": 9,
                    "offset": 534
                },
                {
                    "sentiment": "very easy",
                    "topic": null,
                    "score": 0.93403989859836,
                    "original_text": "but it's very easy",
                    "original_length": 18,
                    "normalized_text": "but it's very easy",
                    "normalized_length": 18,
                    "offset": 570
                },
                {
                    "sentiment": "very happy",
                    "topic": null,
                    "score": 0.92575894300519,
                    "original_text": "I'm very happy",
                    "original_length": 14,
                    "normalized_text": "I'm very happy",
                    "normalized_length": 14,
                    "offset": 658
                },
                {
                    "sentiment": "re interested in",
                    "topic": "your looks",
                    "score": 0.05597126385364,
                    "original_text": "if you're interested in your looks",
                    "original_length": 34,
                    "normalized_text": "if you're interested in your looks",
                    "normalized_length": 34,
                    "offset": 841
                },
                {
                    "sentiment": "not too long",
                    "topic": "ago",
                    "score": 0.44365059175772,
                    "original_text": "not too long ago",
                    "original_length": 16,
                    "normalized_text": "not too long ago",
                    "normalized_length": 16,
                    "offset": 992
                },
                {
                    "sentiment": "perfect",
                    "topic": null,
                    "score": 0.81799703850088,
                    "original_text": "is perfect",
                    "original_length": 10,
                    "normalized_text": "is perfect",
                    "normalized_length": 10,
                    "offset": 1354
                },
                {
                    "sentiment": "right",
                    "topic": null,
                    "score": 0.57345066344102,
                    "original_text": "it's right",
                    "original_length": 10,
                    "normalized_text": "it's right",
                    "normalized_length": 10,
                    "offset": 1384
                },
                {
                    "sentiment": "look carefully",
                    "topic": null,
                    "score": 0.05597126385364,
                    "original_text": "if you look carefully you",
                    "original_length": 25,
                    "normalized_text": "if you look carefully you",
                    "normalized_length": 25,
                    "offset": 1471
                },
                {
                    "sentiment": "helped",
                    "topic": null,
                    "score": 0.57345066344102,
                    "original_text": "helped me",
                    "original_length": 9,
                    "normalized_text": "helped me",
                    "normalized_length": 9,
                    "offset": 1623
                },
                {
                    "sentiment": "doing really well",
                    "topic": null,
                    "score": 0.89079577732748,
                    "original_text": "doing really well that",
                    "original_length": 22,
                    "normalized_text": "doing really well that",
                    "normalized_length": 22,
                    "offset": 1760
                },
                {
                    "sentiment": "perfect",
                    "topic": "everything",
                    "score": 0.88224907438536,
                    "original_text": "everything is perfect",
                    "original_length": 21,
                    "normalized_text": "everything is perfect",
                    "normalized_length": 21,
                    "offset": 2108
                },
                {
                    "sentiment": "exciting easy",
                    "topic": null,
                    "score": 0.95349890479405,
                    "original_text": "which will be exciting easy",
                    "original_length": 27,
                    "normalized_text": "which will be exciting easy",
                    "normalized_length": 27,
                    "offset": 2232
                },
                {
                    "sentiment": "wonderful",
                    "topic": null,
                    "score": 0.91971501452378,
                    "original_text": "which is wonderful",
                    "original_length": 18,
                    "normalized_text": "which is wonderful",
                    "normalized_length": 18,
                    "offset": 2456
                },
                {
                    "sentiment": "is going on nicely there",
                    "topic": "the makeup",
                    "score": 0.7614534295774,
                    "original_text": "the makeup is going on nicely there",
                    "original_length": 35,
                    "normalized_text": "the makeup is going on nicely there",
                    "normalized_length": 35,
                    "offset": 2634
                },
                {
                    "sentiment": "so easy",
                    "topic": null,
                    "score": 0.88132594945742,
                    "original_text": "you're so easy",
                    "original_length": 14,
                    "normalized_text": "you're so easy",
                    "normalized_length": 14,
                    "offset": 2729
                },
                {
                    "sentiment": "pretty",
                    "topic": "eye everything",
                    "score": 0.85612532535118,
                    "original_text": "eye everything has been pretty much",
                    "original_length": 35,
                    "normalized_text": "eye everything has been pretty much",
                    "normalized_length": 35,
                    "offset": 2923
                },
                {
                    "sentiment": "beautiful",
                    "topic": "result",
                    "score": 0.67489840558231,
                    "original_text": "beautiful result",
                    "original_length": 16,
                    "normalized_text": "beautiful result",
                    "normalized_length": 16,
                    "offset": 3361
                },
                {
                    "sentiment": "just beautiful",
                    "topic": null,
                    "score": 0.811034068218,
                    "original_text": "look just beautiful",
                    "original_length": 19,
                    "normalized_text": "look just beautiful",
                    "normalized_length": 19,
                    "offset": 3645
                },
                {
                    "sentiment": "make them perfect",
                    "topic": "the other cheek bone",
                    "score": 0.88224907438536,
                    "original_text": "the other cheek bone make them perfect",
                    "original_length": 38,
                    "normalized_text": "the other cheek bone make them perfect",
                    "normalized_length": 38,
                    "offset": 3724
                }
            ],
            "negative": [
                {
                    "sentiment": "a little difficult",
                    "topic": null,
                    "score": -0.39782016327653,
                    "original_text": "it's a little difficult",
                    "original_length": 23,
                    "normalized_text": "it's a little difficult",
                    "normalized_length": 23,
                    "offset": 719
                },
                {
                    "sentiment": "have to worry",
                    "topic": null,
                    "score": -0.57345066344102,
                    "original_text": "have to worry",
                    "original_length": 13,
                    "normalized_text": "have to worry",
                    "normalized_length": 13,
                    "offset": 3563
                },
                {
                    "sentiment": "kill subscribe",
                    "topic": null,
                    "score": -0.90258715778194,
                    "original_text": "why kill subscribe very",
                    "original_length": 23,
                    "normalized_text": "why kill subscribe very",
                    "normalized_length": 23,
                    "offset": 4343
                }
            ],
            "aggregate": {
                "sentiment": "positive",
                "score": 0.54614924102392
            }
        }
    ]
}