{
    "sentiment_analysis": [
        {
            "positive": [
                {
                    "sentiment": "recommended",
                    "topic": "videos",
                    "score": 0.59045511257212,
                    "original_text": "recommended videos?",
                    "original_length": 19,
                    "normalized_text": "recommended videos?",
                    "normalized_length": 19,
                    "offset": 90
                },
                {
                    "sentiment": "are here to help",
                    "topic": null,
                    "score": 0.51142346899191,
                    "original_text": "but are here to help",
                    "original_length": 20,
                    "normalized_text": "but are here to help",
                    "normalized_length": 20,
                    "offset": 376
                },
                {
                    "sentiment": "healthy",
                    "topic": null,
                    "score": 0.75357729701026,
                    "original_text": "get healthy",
                    "original_length": 11,
                    "normalized_text": "get healthy",
                    "normalized_length": 11,
                    "offset": 565
                },
                {
                    "sentiment": "able",
                    "topic": null,
                    "score": 0.46377052838785,
                    "original_text": "she is able",
                    "original_length": 11,
                    "normalized_text": "she is able",
                    "normalized_length": 11,
                    "offset": 669
                },
                {
                    "sentiment": "better",
                    "topic": null,
                    "score": 0.70933685150655,
                    "original_text": "get better",
                    "original_length": 10,
                    "normalized_text": "get better",
                    "normalized_length": 10,
                    "offset": 684
                },
                {
                    "sentiment": "don't be hateful",
                    "topic": null,
                    "score": 0.73894979233861,
                    "original_text": "don't be hateful",
                    "original_length": 16,
                    "normalized_text": "don't be hateful",
                    "normalized_length": 16,
                    "offset": 703
                },
                {
                    "sentiment": "helps so much more",
                    "topic": null,
                    "score": 0.88846099265052,
                    "original_text": "that helps so much more",
                    "original_length": 23,
                    "normalized_text": "that helps so much more",
                    "normalized_length": 23,
                    "offset": 768
                },
                {
                    "sentiment": "help",
                    "topic": null,
                    "score": 0.482244577798,
                    "original_text": "you are getting help",
                    "original_length": 20,
                    "normalized_text": "you are getting help",
                    "normalized_length": 20,
                    "offset": 1117
                }
            ],
            "negative": [
                {
                    "sentiment": "is so terrifying",
                    "topic": null,
                    "score": -0.96319002417957,
                    "original_text": "this is so terrifying",
                    "original_length": 21,
                    "normalized_text": "this is so terrifying",
                    "normalized_length": 21,
                    "offset": 132
                },
                {
                    "sentiment": "delayed",
                    "topic": "developmentally",
                    "score": -0.4065193645411,
                    "original_text": "developmentally delayed?",
                    "original_length": 24,
                    "normalized_text": "developmentally delayed?",
                    "normalized_length": 24,
                    "offset": 305
                },
                {
                    "sentiment": "very hateful",
                    "topic": null,
                    "score": -0.95398531587632,
                    "original_text": "that seem very hateful",
                    "original_length": 22,
                    "normalized_text": "that seem very hateful",
                    "normalized_length": 22,
                    "offset": 352
                },
                {
                    "sentiment": "isn't the right solution",
                    "topic": null,
                    "score": -0.4065193645411,
                    "original_text": "isn't the right solution",
                    "original_length": 24,
                    "normalized_text": "isn't the right solution",
                    "normalized_length": 24,
                    "offset": 422
                },
                {
                    "sentiment": "s not that easy",
                    "topic": null,
                    "score": -0.77104624139719,
                    "original_text": "but it's not that easy",
                    "original_length": 22,
                    "normalized_text": "but it's not that easy",
                    "normalized_length": 22,
                    "offset": 586
                },
                {
                    "sentiment": "wrong",
                    "topic": "doing",
                    "score": -0.79233520429398,
                    "original_text": "doing is wrong",
                    "original_length": 14,
                    "normalized_text": "doing is wrong",
                    "normalized_length": 14,
                    "offset": 646
                },
                {
                    "sentiment": "m just worried about",
                    "topic": null,
                    "score": -0.78760421502865,
                    "original_text": "I'm just worried about you",
                    "original_length": 26,
                    "normalized_text": "I'm just worried about you",
                    "normalized_length": 26,
                    "offset": 994
                },
                {
                    "sentiment": "heartbroken",
                    "topic": null,
                    "score": -0.56486499045794,
                    "original_text": "because I would be heartbroken",
                    "original_length": 30,
                    "normalized_text": "because I would be heartbroken",
                    "normalized_length": 30,
                    "offset": 1138
                },
                {
                    "sentiment": "died",
                    "topic": "my favorite YouTuber",
                    "score": -0.073080459548264,
                    "original_text": "if my favorite YouTuber died",
                    "original_length": 28,
                    "normalized_text": "if my favorite YouTuber died",
                    "normalized_length": 28,
                    "offset": 1169
                },
                {
                    "sentiment": "were too scared to get",
                    "topic": "help",
                    "score": -0.4600041993494,
                    "original_text": "because they were too scared to get help",
                    "original_length": 40,
                    "normalized_text": "because they were too scared to get help",
                    "normalized_length": 40,
                    "offset": 1198
                },
                {
                    "sentiment": "doesn't care about",
                    "topic": null,
                    "score": -0.79233520429398,
                    "original_text": "that doesn't care about the health of her granddaughter looks",
                    "original_length": 61,
                    "normalized_text": "that doesn't care about the health of her granddaughter looks",
                    "normalized_length": 61,
                    "offset": 1325
                }
            ],
            "aggregate": {
                "sentiment": "slightly negative",
                "score": -0.096487682223772
            }
        }
    ]
}