{
    "sentiment_analysis": [
        {
            "positive": [
                {
                    "sentiment": "helping",
                    "topic": "many commenters and Youtubers",
                    "score": 0.81680239928978,
                    "original_text": "many commenters and Youtubers helping you",
                    "original_length": 41,
                    "normalized_text": "many commenters and Youtubers helping you",
                    "normalized_length": 41,
                    "offset": 177
                },
                {
                    "sentiment": "their right",
                    "topic": "mind",
                    "score": 0.41366197954986,
                    "original_text": "their right mind",
                    "original_length": 16,
                    "normalized_text": "their right mind",
                    "normalized_length": 16,
                    "offset": 401
                },
                {
                    "sentiment": "her beautiful",
                    "topic": "Daughter",
                    "score": 0.4065193645411,
                    "original_text": "her beautiful Daughter?",
                    "original_length": 23,
                    "normalized_text": "her beautiful Daughter?",
                    "normalized_length": 23,
                    "offset": 508
                },
                {
                    "sentiment": "inspire",
                    "topic": null,
                    "score": 0.83035851058597,
                    "original_text": "inspire others girls",
                    "original_length": 20,
                    "normalized_text": "inspire others girls",
                    "normalized_length": 20,
                    "offset": 1006
                },
                {
                    "sentiment": "innocent",
                    "topic": null,
                    "score": 0.79233520429398,
                    "original_text": "you're innocent",
                    "original_length": 15,
                    "normalized_text": "you're innocent",
                    "normalized_length": 15,
                    "offset": 1178
                },
                {
                    "sentiment": "love",
                    "topic": null,
                    "score": 0.8401344326865,
                    "original_text": "I love you",
                    "original_length": 10,
                    "normalized_text": "I love you",
                    "normalized_length": 10,
                    "offset": 1283
                },
                {
                    "sentiment": "really really encourage",
                    "topic": null,
                    "score": 0.97444336891362,
                    "original_text": "I really really encourage you",
                    "original_length": 29,
                    "normalized_text": "I really really encourage you",
                    "normalized_length": 29,
                    "offset": 1398
                },
                {
                    "sentiment": "love",
                    "topic": null,
                    "score": 0.8401344326865,
                    "original_text": "I love you",
                    "original_length": 10,
                    "normalized_text": "I love you",
                    "normalized_length": 10,
                    "offset": 1509
                },
                {
                    "sentiment": "\u2764",
                    "topic": null,
                    "score": 0.8265700636425,
                    "original_text": "\u2764",
                    "original_length": 1,
                    "normalized_text": "\u2764",
                    "normalized_length": 1,
                    "offset": 1520
                },
                {
                    "sentiment": "\u2764",
                    "topic": null,
                    "score": 0.8265700636425,
                    "original_text": "\u2764",
                    "original_length": 1,
                    "normalized_text": "\u2764",
                    "normalized_length": 1,
                    "offset": 1522
                }
            ],
            "negative": [
                {
                    "sentiment": "have the sickness",
                    "topic": null,
                    "score": -0.57345066344102,
                    "original_text": "they have the sickness",
                    "original_length": 22,
                    "normalized_text": "they have the sickness",
                    "normalized_length": 22,
                    "offset": 70
                },
                {
                    "sentiment": "depressed",
                    "topic": null,
                    "score": -0.79233520429398,
                    "original_text": "they are depressed",
                    "original_length": 18,
                    "normalized_text": "they are depressed",
                    "normalized_length": 18,
                    "offset": 107
                },
                {
                    "sentiment": "doubt",
                    "topic": null,
                    "score": -0.57345066344102,
                    "original_text": "I doubt",
                    "original_length": 7,
                    "normalized_text": "I doubt",
                    "normalized_length": 7,
                    "offset": 220
                },
                {
                    "sentiment": "die of",
                    "topic": "1 in 5 people",
                    "score": -0.46377052838785,
                    "original_text": "1 in 5 people die of anorexia",
                    "original_length": 29,
                    "normalized_text": "1 in 5 people die of anorexia",
                    "normalized_length": 29,
                    "offset": 1049
                },
                {
                    "sentiment": "killed with",
                    "topic": "someone",
                    "score": -0.92036506358378,
                    "original_text": "someone killed with your fucking body",
                    "original_length": 37,
                    "normalized_text": "someone killed with your fucking body",
                    "normalized_length": 37,
                    "offset": 1114
                },
                {
                    "sentiment": "hurting",
                    "topic": "people",
                    "score": -0.70933685150655,
                    "original_text": "hurting people",
                    "original_length": 14,
                    "normalized_text": "hurting people",
                    "normalized_length": 14,
                    "offset": 1203
                },
                {
                    "sentiment": "scared for",
                    "topic": "genuinely",
                    "score": -0.67489840558231,
                    "original_text": "genuinely scared for your life",
                    "original_length": 30,
                    "normalized_text": "genuinely scared for your life",
                    "normalized_length": 30,
                    "offset": 1366
                },
                {
                    "sentiment": "so scared for",
                    "topic": null,
                    "score": -0.78760421502865,
                    "original_text": "so scared for you",
                    "original_length": 17,
                    "normalized_text": "so scared for you",
                    "normalized_length": 17,
                    "offset": 1487
                },
                {
                    "sentiment": ";(",
                    "topic": null,
                    "score": -0.74906846745998,
                    "original_text": ";(",
                    "original_length": 2,
                    "normalized_text": ";(",
                    "normalized_length": 2,
                    "offset": 1505
                }
            ],
            "aggregate": {
                "sentiment": "slightly positive",
                "score": 0.069644724058273
            }
        }
    ]
}