{
    "sentiment_analysis": [
        {
            "positive": [
                {
                    "sentiment": "thank",
                    "topic": null,
                    "score": 0.67489840558231,
                    "original_text": "hey thank you",
                    "original_length": 13,
                    "normalized_text": "hey thank you",
                    "normalized_length": 13,
                    "offset": 0
                },
                {
                    "sentiment": "great company",
                    "topic": null,
                    "score": 0.48140488590501,
                    "original_text": "great company",
                    "original_length": 13,
                    "normalized_text": "great company",
                    "normalized_length": 13,
                    "offset": 87
                },
                {
                    "sentiment": "inspiring and inspiring",
                    "topic": null,
                    "score": 0.66320594713737,
                    "original_text": "inspiring and inspiring",
                    "original_length": 23,
                    "normalized_text": "inspiring and inspiring",
                    "normalized_length": 23,
                    "offset": 109
                },
                {
                    "sentiment": "fluent",
                    "topic": "sarcasm",
                    "score": 0.62801457251814,
                    "original_text": "fluent sarcasm",
                    "original_length": 14,
                    "normalized_text": "fluent sarcasm",
                    "normalized_length": 14,
                    "offset": 175
                },
                {
                    "sentiment": "just agreeing with",
                    "topic": "both houses",
                    "score": 0.4635921491411,
                    "original_text": "because both houses just agreeing with",
                    "original_length": 38,
                    "normalized_text": "because both houses just agreeing with",
                    "normalized_length": 38,
                    "offset": 191
                },
                {
                    "sentiment": "great things",
                    "topic": null,
                    "score": 0.48140488590501,
                    "original_text": "great things",
                    "original_length": 12,
                    "normalized_text": "great things",
                    "normalized_length": 12,
                    "offset": 315
                },
                {
                    "sentiment": "helping",
                    "topic": null,
                    "score": 0.70933685150655,
                    "original_text": "helping people",
                    "original_length": 14,
                    "normalized_text": "helping people",
                    "normalized_length": 14,
                    "offset": 358
                },
                {
                    "sentiment": "a super great pub",
                    "topic": null,
                    "score": 0.91584480311251,
                    "original_text": "that's a super great pub",
                    "original_length": 24,
                    "normalized_text": "that's a super great pub",
                    "normalized_length": 24,
                    "offset": 459
                },
                {
                    "sentiment": "really really great",
                    "topic": null,
                    "score": 0.9895857738145,
                    "original_text": "it is really really great",
                    "original_length": 25,
                    "normalized_text": "it is really really great",
                    "normalized_length": 25,
                    "offset": 663
                },
                {
                    "sentiment": "helping",
                    "topic": null,
                    "score": 0.70933685150655,
                    "original_text": "helping people",
                    "original_length": 14,
                    "normalized_text": "helping people",
                    "normalized_length": 14,
                    "offset": 716
                },
                {
                    "sentiment": "recommend",
                    "topic": null,
                    "score": 0.84944336528234,
                    "original_text": "recommend that",
                    "original_length": 14,
                    "normalized_text": "recommend that",
                    "normalized_length": 14,
                    "offset": 773
                },
                {
                    "sentiment": "helping",
                    "topic": null,
                    "score": 0.70933685150655,
                    "original_text": "you helping",
                    "original_length": 11,
                    "normalized_text": "you helping",
                    "normalized_length": 11,
                    "offset": 954
                },
                {
                    "sentiment": "inspiring break down",
                    "topic": null,
                    "score": 0.75357729701026,
                    "original_text": "inspiring break down there",
                    "original_length": 26,
                    "normalized_text": "inspiring break down there",
                    "normalized_length": 26,
                    "offset": 1093
                },
                {
                    "sentiment": "definitely recommend",
                    "topic": null,
                    "score": 0.9366032774976,
                    "original_text": "definitely recommend that",
                    "original_length": 25,
                    "normalized_text": "definitely recommend that",
                    "normalized_length": 25,
                    "offset": 1197
                },
                {
                    "sentiment": "love",
                    "topic": null,
                    "score": 0.8401344326865,
                    "original_text": "I love you",
                    "original_length": 10,
                    "normalized_text": "I love you",
                    "normalized_length": 10,
                    "offset": 1335
                },
                {
                    "sentiment": "liked",
                    "topic": null,
                    "score": 0.79233520429398,
                    "original_text": "guys liked them",
                    "original_length": 15,
                    "normalized_text": "guys liked them",
                    "normalized_length": 15,
                    "offset": 1483
                },
                {
                    "sentiment": "love",
                    "topic": null,
                    "score": 0.8401344326865,
                    "original_text": "i love this",
                    "original_length": 11,
                    "normalized_text": "i love this",
                    "normalized_length": 11,
                    "offset": 1593
                },
                {
                    "sentiment": "kind of just like a cool",
                    "topic": null,
                    "score": 0.94961770253204,
                    "original_text": "it's kind of just like a cool",
                    "original_length": 29,
                    "normalized_text": "it's kind of just like a cool",
                    "normalized_length": 29,
                    "offset": 1831
                },
                {
                    "sentiment": "always have easily cool",
                    "topic": null,
                    "score": 0.88224907438536,
                    "original_text": "they always have easily cool my sponsors",
                    "original_length": 40,
                    "normalized_text": "they always have easily cool my sponsors",
                    "normalized_length": 40,
                    "offset": 2190
                },
                {
                    "sentiment": "kind of ",
                    "topic": null,
                    "score": 0.0016962376972446,
                    "original_text": "this is kind of ",
                    "original_length": 16,
                    "normalized_text": "this is kind of ",
                    "normalized_length": 16,
                    "offset": 2272
                },
                {
                    "sentiment": "good",
                    "topic": null,
                    "score": 0.71594822248919,
                    "original_text": "is good",
                    "original_length": 7,
                    "normalized_text": "is good",
                    "normalized_length": 7,
                    "offset": 2819
                },
                {
                    "sentiment": "cool",
                    "topic": "things",
                    "score": 0.62801457251814,
                    "original_text": "cool things",
                    "original_length": 11,
                    "normalized_text": "cool things",
                    "normalized_length": 11,
                    "offset": 3240
                },
                {
                    "sentiment": "like a great",
                    "topic": "another Oscar",
                    "score": 0.90258715778194,
                    "original_text": "another Oscar is like a great",
                    "original_length": 29,
                    "normalized_text": "another Oscar is like a great",
                    "normalized_length": 29,
                    "offset": 3460
                },
                {
                    "sentiment": "will profit",
                    "topic": "things like animating",
                    "score": 0.79233520429398,
                    "original_text": "things like animating will profit",
                    "original_length": 33,
                    "normalized_text": "things like animating will profit",
                    "normalized_length": 33,
                    "offset": 3579
                },
                {
                    "sentiment": "love",
                    "topic": "this cat",
                    "score": 0.8401344326865,
                    "original_text": "I love this cat",
                    "original_length": 15,
                    "normalized_text": "I love this cat",
                    "normalized_length": 15,
                    "offset": 3816
                },
                {
                    "sentiment": "like a little bit warmer",
                    "topic": null,
                    "score": 0.36496479913739,
                    "original_text": "feels like a little bit warmer",
                    "original_length": 30,
                    "normalized_text": "feels like a little bit warmer",
                    "normalized_length": 30,
                    "offset": 4045
                },
                {
                    "sentiment": "beautiful",
                    "topic": "a treo",
                    "score": 0.83035851058597,
                    "original_text": "a treo is beautiful",
                    "original_length": 19,
                    "normalized_text": "a treo is beautiful",
                    "normalized_length": 19,
                    "offset": 4178
                },
                {
                    "sentiment": "beautiful and just kind of ",
                    "topic": null,
                    "score": 0.0016473012906035,
                    "original_text": "beautiful and just kind of ",
                    "original_length": 27,
                    "normalized_text": "beautiful and just kind of ",
                    "normalized_length": 27,
                    "offset": 4211
                },
                {
                    "sentiment": "kind of",
                    "topic": null,
                    "score": 0.0016962376972446,
                    "original_text": "it's kind of",
                    "original_length": 12,
                    "normalized_text": "it's kind of",
                    "normalized_length": 12,
                    "offset": 4270
                },
                {
                    "sentiment": "kind of ",
                    "topic": null,
                    "score": 0.0016962376972446,
                    "original_text": "it was kind of ",
                    "original_length": 15,
                    "normalized_text": "it was kind of ",
                    "normalized_length": 15,
                    "offset": 4686
                },
                {
                    "sentiment": "actually won't ",
                    "topic": null,
                    "score": 0.0020420016743877,
                    "original_text": "we actually won't ",
                    "original_length": 18,
                    "normalized_text": "we actually won't ",
                    "normalized_length": 18,
                    "offset": 4935
                },
                {
                    "sentiment": "like super",
                    "topic": "room",
                    "score": 0.85825242038059,
                    "original_text": "room is like super",
                    "original_length": 18,
                    "normalized_text": "room is like super",
                    "normalized_length": 18,
                    "offset": 5155
                },
                {
                    "sentiment": "yay",
                    "topic": null,
                    "score": 0.67003104828152,
                    "original_text": "yay",
                    "original_length": 3,
                    "normalized_text": "yay",
                    "normalized_length": 3,
                    "offset": 5179
                },
                {
                    "sentiment": "like really really likes",
                    "topic": "today",
                    "score": 0.96393286906464,
                    "original_text": "Mark like really really likes today",
                    "original_length": 35,
                    "normalized_text": "Mark like really really likes today",
                    "normalized_length": 35,
                    "offset": 5231
                },
                {
                    "sentiment": "love",
                    "topic": null,
                    "score": 0.8401344326865,
                    "original_text": "love you",
                    "original_length": 8,
                    "normalized_text": "love you",
                    "normalized_length": 8,
                    "offset": 5297
                },
                {
                    "sentiment": "super",
                    "topic": null,
                    "score": 0.78754999441142,
                    "original_text": "getting super",
                    "original_length": 13,
                    "normalized_text": "getting super",
                    "normalized_length": 13,
                    "offset": 5574
                },
                {
                    "sentiment": "just kind of happy",
                    "topic": "place headaches",
                    "score": 0.63114046959703,
                    "original_text": "just kind of happy place headaches",
                    "original_length": 34,
                    "normalized_text": "just kind of happy place headaches",
                    "normalized_length": 34,
                    "offset": 5714
                },
                {
                    "sentiment": "like so cool",
                    "topic": null,
                    "score": 0.88132594945742,
                    "original_text": "it's like so cool",
                    "original_length": 17,
                    "normalized_text": "it's like so cool",
                    "normalized_length": 17,
                    "offset": 5855
                },
                {
                    "sentiment": "additionally kind of ",
                    "topic": "hair",
                    "score": 0.0016962376972446,
                    "original_text": "hair is additionally kind of ",
                    "original_length": 29,
                    "normalized_text": "hair is additionally kind of ",
                    "normalized_length": 29,
                    "offset": 5916
                },
                {
                    "sentiment": "thanks",
                    "topic": null,
                    "score": 0.81406432882078,
                    "original_text": "thanks",
                    "original_length": 6,
                    "normalized_text": "thanks",
                    "normalized_length": 6,
                    "offset": 6050
                },
                {
                    "sentiment": "just kind of ",
                    "topic": null,
                    "score": 0.0018334946608492,
                    "original_text": "it's just kind of ",
                    "original_length": 18,
                    "normalized_text": "it's just kind of ",
                    "normalized_length": 18,
                    "offset": 6352
                },
                {
                    "sentiment": "has obviously cool products",
                    "topic": null,
                    "score": 0.90258715778194,
                    "original_text": "has obviously cool products",
                    "original_length": 27,
                    "normalized_text": "has obviously cool products",
                    "normalized_length": 27,
                    "offset": 6547
                },
                {
                    "sentiment": "have like this cool thing",
                    "topic": null,
                    "score": 0.79233520429398,
                    "original_text": "have like this cool thing",
                    "original_length": 25,
                    "normalized_text": "have like this cool thing",
                    "normalized_length": 25,
                    "offset": 6665
                },
                {
                    "sentiment": "kind of ",
                    "topic": null,
                    "score": 0.0016962376972446,
                    "original_text": "it's kind of ",
                    "original_length": 13,
                    "normalized_text": "it's kind of ",
                    "normalized_length": 13,
                    "offset": 6768
                },
                {
                    "sentiment": "the kind of",
                    "topic": null,
                    "score": 0.0018334946608492,
                    "original_text": "but that's the kind of",
                    "original_length": 22,
                    "normalized_text": "but that's the kind of",
                    "normalized_length": 22,
                    "offset": 6958
                },
                {
                    "sentiment": "thanks",
                    "topic": null,
                    "score": 0.67489840558231,
                    "original_text": "thanks it",
                    "original_length": 9,
                    "normalized_text": "thanks it",
                    "normalized_length": 9,
                    "offset": 7004
                },
                {
                    "sentiment": "nice",
                    "topic": "shirt",
                    "score": 0.63490223580739,
                    "original_text": "nice shirt",
                    "original_length": 10,
                    "normalized_text": "nice shirt",
                    "normalized_length": 10,
                    "offset": 7020
                },
                {
                    "sentiment": "right",
                    "topic": null,
                    "score": 0.57345066344102,
                    "original_text": "she's going to be right",
                    "original_length": 23,
                    "normalized_text": "she's going to be right",
                    "normalized_length": 23,
                    "offset": 7117
                },
                {
                    "sentiment": "have always liked still",
                    "topic": null,
                    "score": 0.83035851058597,
                    "original_text": "I have always liked still kind of",
                    "original_length": 33,
                    "normalized_text": "I have always liked still kind of",
                    "normalized_length": 33,
                    "offset": 7148
                },
                {
                    "sentiment": "awesome",
                    "topic": "thought",
                    "score": 0.91971501452378,
                    "original_text": "thought was awesome",
                    "original_length": 19,
                    "normalized_text": "thought was awesome",
                    "normalized_length": 19,
                    "offset": 7196
                },
                {
                    "sentiment": "not steal",
                    "topic": null,
                    "score": 0.72746547139359,
                    "original_text": "why not steal",
                    "original_length": 13,
                    "normalized_text": "why not steal",
                    "normalized_length": 13,
                    "offset": 7409
                },
                {
                    "sentiment": "excited",
                    "topic": null,
                    "score": 0.79233520429398,
                    "original_text": "I got excited",
                    "original_length": 13,
                    "normalized_text": "I got excited",
                    "normalized_length": 13,
                    "offset": 7794
                },
                {
                    "sentiment": "so cool",
                    "topic": null,
                    "score": 0.81680239928978,
                    "original_text": "look so cool",
                    "original_length": 12,
                    "normalized_text": "look so cool",
                    "normalized_length": 12,
                    "offset": 7808
                },
                {
                    "sentiment": "just like super cut",
                    "topic": null,
                    "score": 0.8995260318409,
                    "original_text": "one is just like super cut",
                    "original_length": 26,
                    "normalized_text": "one is just like super cut",
                    "normalized_length": 26,
                    "offset": 7835
                },
                {
                    "sentiment": "so like",
                    "topic": null,
                    "score": 0.72746547139359,
                    "original_text": "it so like",
                    "original_length": 10,
                    "normalized_text": "it so like",
                    "normalized_length": 10,
                    "offset": 7886
                },
                {
                    "sentiment": "good",
                    "topic": null,
                    "score": 0.79813669994825,
                    "original_text": "it's good",
                    "original_length": 9,
                    "normalized_text": "it's good",
                    "normalized_length": 9,
                    "offset": 8187
                },
                {
                    "sentiment": "like",
                    "topic": null,
                    "score": 0.51909411237721,
                    "original_text": "because it like",
                    "original_length": 15,
                    "normalized_text": "because it like",
                    "normalized_length": 15,
                    "offset": 8197
                },
                {
                    "sentiment": "warm",
                    "topic": null,
                    "score": 0.79233520429398,
                    "original_text": "you're warm",
                    "original_length": 11,
                    "normalized_text": "you're warm",
                    "normalized_length": 11,
                    "offset": 8224
                },
                {
                    "sentiment": "simple",
                    "topic": null,
                    "score": 0.29412781160991,
                    "original_text": "are simple",
                    "original_length": 10,
                    "normalized_text": "are simple",
                    "normalized_length": 10,
                    "offset": 8843
                },
                {
                    "sentiment": "really good",
                    "topic": null,
                    "score": 0.90625640126623,
                    "original_text": "they're really good",
                    "original_length": 19,
                    "normalized_text": "they're really good",
                    "normalized_length": 19,
                    "offset": 8859
                },
                {
                    "sentiment": "works really good",
                    "topic": null,
                    "score": 0.87920443269923,
                    "original_text": "works really good",
                    "original_length": 17,
                    "normalized_text": "works really good",
                    "normalized_length": 17,
                    "offset": 9298
                },
                {
                    "sentiment": "well thank",
                    "topic": null,
                    "score": 0.8291546743629,
                    "original_text": "well thank you",
                    "original_length": 14,
                    "normalized_text": "well thank you",
                    "normalized_length": 14,
                    "offset": 9316
                },
                {
                    "sentiment": "enjoyed watching",
                    "topic": "this video",
                    "score": 0.83035851058597,
                    "original_text": "enjoyed watching this video",
                    "original_length": 27,
                    "normalized_text": "enjoyed watching this video",
                    "normalized_length": 27,
                    "offset": 9381
                },
                {
                    "sentiment": "like",
                    "topic": null,
                    "score": 0.60858454666352,
                    "original_text": "you like",
                    "original_length": 8,
                    "normalized_text": "you like",
                    "normalized_length": 8,
                    "offset": 9461
                },
                {
                    "sentiment": "just like the coolest",
                    "topic": "beating",
                    "score": 0.86657592759922,
                    "original_text": "because beating is just like the coolest",
                    "original_length": 40,
                    "normalized_text": "because beating is just like the coolest",
                    "normalized_length": 40,
                    "offset": 9496
                },
                {
                    "sentiment": "liked",
                    "topic": "the video",
                    "score": 0.79233520429398,
                    "original_text": "guys liked the video",
                    "original_length": 20,
                    "normalized_text": "guys liked the video",
                    "normalized_length": 20,
                    "offset": 10118
                },
                {
                    "sentiment": "thank you",
                    "topic": "guys",
                    "score": 0.81406432882078,
                    "original_text": "thank you guys",
                    "original_length": 14,
                    "normalized_text": "thank you guys",
                    "normalized_length": 14,
                    "offset": 10144
                },
                {
                    "sentiment": "love",
                    "topic": null,
                    "score": 0.8401344326865,
                    "original_text": "love you",
                    "original_length": 8,
                    "normalized_text": "love you",
                    "normalized_length": 8,
                    "offset": 10183
                }
            ],
            "negative": [
                {
                    "sentiment": "actually just lost from",
                    "topic": null,
                    "score": -0.78888891940184,
                    "original_text": "i actually just lost from co-op",
                    "original_length": 31,
                    "normalized_text": "i actually just lost from co-op",
                    "normalized_length": 31,
                    "offset": 1549
                },
                {
                    "sentiment": "fear",
                    "topic": "Allah",
                    "score": -0.57345066344102,
                    "original_text": "five shirts fear Allah",
                    "original_length": 22,
                    "normalized_text": "five shirts fear Allah",
                    "normalized_length": 22,
                    "offset": 2070
                },
                {
                    "sentiment": "totally fake",
                    "topic": null,
                    "score": -0.93511952033618,
                    "original_text": "it's totally fake",
                    "original_length": 17,
                    "normalized_text": "it's totally fake",
                    "normalized_length": 17,
                    "offset": 2563
                },
                {
                    "sentiment": "sorry",
                    "topic": "work",
                    "score": -0.62801457251814,
                    "original_text": "sorry work",
                    "original_length": 10,
                    "normalized_text": "sorry work",
                    "normalized_length": 10,
                    "offset": 2991
                },
                {
                    "sentiment": "appalling",
                    "topic": null,
                    "score": -0.86833620494807,
                    "original_text": "this appalling 8030 fold",
                    "original_length": 24,
                    "normalized_text": "this appalling 8030 fold",
                    "normalized_length": 24,
                    "offset": 4374
                },
                {
                    "sentiment": "worry",
                    "topic": null,
                    "score": -0.72746547139359,
                    "original_text": "worry jacket",
                    "original_length": 12,
                    "normalized_text": "worry jacket",
                    "normalized_length": 12,
                    "offset": 4486
                },
                {
                    "sentiment": "shit",
                    "topic": "works and cat",
                    "score": -0.71229529207806,
                    "original_text": "shit works and cat",
                    "original_length": 18,
                    "normalized_text": "shit works and cat",
                    "normalized_length": 18,
                    "offset": 4772
                },
                {
                    "sentiment": "just totally sick for like",
                    "topic": null,
                    "score": -0.97268120680678,
                    "original_text": "I just totally sick for like",
                    "original_length": 28,
                    "normalized_text": "I just totally sick for like",
                    "normalized_length": 28,
                    "offset": 4809
                },
                {
                    "sentiment": "messed up so",
                    "topic": null,
                    "score": -0.88132594945742,
                    "original_text": "messed up so Emily",
                    "original_length": 18,
                    "normalized_text": "messed up so Emily",
                    "normalized_length": 18,
                    "offset": 5589
                },
                {
                    "sentiment": "fear",
                    "topic": null,
                    "score": -0.57345066344102,
                    "original_text": "fear which",
                    "original_length": 10,
                    "normalized_text": "fear which",
                    "normalized_length": 10,
                    "offset": 7183
                }
            ],
            "aggregate": {
                "sentiment": "positive",
                "score": 0.47702364423833
            }
        }
    ]
}