[
    {
        "number": "1",
        "stopTime": "00:00:04,740",
        "startTime": "00:00:00,000",
        "text": "hey thank you yes cited a video is\n"
    },
    {
        "number": "2",
        "stopTime": "00:00:06,600",
        "startTime": "00:00:02,550",
        "text": "actually going to be sponsored by a\n"
    },
    {
        "number": "3",
        "stopTime": "00:00:09,450",
        "startTime": "00:00:04,740",
        "text": "really really great company called\n"
    },
    {
        "number": "4",
        "stopTime": "00:00:12,300",
        "startTime": "00:00:06,600",
        "text": "inspiring and inspiring actually sends\n"
    },
    {
        "number": "5",
        "stopTime": "00:00:15,120",
        "startTime": "00:00:09,450",
        "text": "me the shirt says I speak fluent sarcasm\n"
    },
    {
        "number": "6",
        "stopTime": "00:00:17,789",
        "startTime": "00:00:12,300",
        "text": "because both houses just agreeing with\n"
    },
    {
        "number": "7",
        "stopTime": "00:00:19,529",
        "startTime": "00:00:15,120",
        "text": "speak up and this is actually a c-54\n"
    },
    {
        "number": "8",
        "stopTime": "00:00:21,090",
        "startTime": "00:00:17,789",
        "text": "great france because this bridge is a\n"
    },
    {
        "number": "9",
        "stopTime": "00:00:23,130",
        "startTime": "00:00:19,529",
        "text": "lot of great things this brand is\n"
    },
    {
        "number": "10",
        "stopTime": "00:00:25,410",
        "startTime": "00:00:21,090",
        "text": "actually about helping people who go\n"
    },
    {
        "number": "11",
        "stopTime": "00:00:27,900",
        "startTime": "00:00:23,130",
        "text": "through things like anxiety and\n"
    },
    {
        "number": "12",
        "stopTime": "00:00:29,820",
        "startTime": "00:00:25,410",
        "text": "discussion and mental illnesses and i\n"
    },
    {
        "number": "13",
        "stopTime": "00:00:31,619",
        "startTime": "00:00:27,900",
        "text": "think that's a super great pub because i\n"
    },
    {
        "number": "14",
        "stopTime": "00:00:33,570",
        "startTime": "00:00:29,820",
        "text": "know that life can be really hard and\n"
    },
    {
        "number": "15",
        "stopTime": "00:00:35,219",
        "startTime": "00:00:31,619",
        "text": "that sometimes you know a lot of people\n"
    },
    {
        "number": "16",
        "stopTime": "00:00:36,840",
        "startTime": "00:00:33,570",
        "text": "go through really hard things that it\n"
    },
    {
        "number": "17",
        "stopTime": "00:00:38,610",
        "startTime": "00:00:35,219",
        "text": "definitely do a risk and really hard so\n"
    },
    {
        "number": "18",
        "stopTime": "00:00:40,290",
        "startTime": "00:00:36,840",
        "text": "i think it is really really great with\n"
    },
    {
        "number": "19",
        "stopTime": "00:00:42,540",
        "startTime": "00:00:38,610",
        "text": "this brand does with helping people\n"
    },
    {
        "number": "20",
        "stopTime": "00:00:43,950",
        "startTime": "00:00:40,290",
        "text": "willing to tough times yes i definitely\n"
    },
    {
        "number": "21",
        "stopTime": "00:00:46,020",
        "startTime": "00:00:42,540",
        "text": "recommend that you guys checked out to\n"
    },
    {
        "number": "22",
        "stopTime": "00:00:47,820",
        "startTime": "00:00:43,950",
        "text": "clothing too often clothing lines and\n"
    },
    {
        "number": "23",
        "stopTime": "00:00:49,800",
        "startTime": "00:00:46,020",
        "text": "actually with all of us as they sell a\n"
    },
    {
        "number": "24",
        "stopTime": "00:00:51,930",
        "startTime": "00:00:47,820",
        "text": "portion of all the money that is Lena\n"
    },
    {
        "number": "25",
        "stopTime": "00:00:53,100",
        "startTime": "00:00:49,800",
        "text": "neutrik actually gives you helping\n"
    },
    {
        "number": "26",
        "stopTime": "00:00:55,949",
        "startTime": "00:00:51,930",
        "text": "people with things like anxiety\n"
    },
    {
        "number": "27",
        "stopTime": "00:00:57,960",
        "startTime": "00:00:53,100",
        "text": "depression and mental illnesses so it's\n"
    },
    {
        "number": "28",
        "stopTime": "00:00:59,760",
        "startTime": "00:00:55,949",
        "text": "really just lost so i'm going to put the\n"
    },
    {
        "number": "29",
        "stopTime": "00:01:01,559",
        "startTime": "00:00:57,960",
        "text": "lace cute inspiring break down there and\n"
    },
    {
        "number": "30",
        "stopTime": "00:01:03,390",
        "startTime": "00:00:59,760",
        "text": "description so if you guys want to go\n"
    },
    {
        "number": "31",
        "stopTime": "00:01:06,000",
        "startTime": "00:01:01,559",
        "text": "and check them out that i would\n"
    },
    {
        "number": "32",
        "stopTime": "00:01:07,770",
        "startTime": "00:01:03,390",
        "text": "definitely recommend that and okay i'm\n"
    },
    {
        "number": "33",
        "stopTime": "00:01:09,510",
        "startTime": "00:01:06,000",
        "text": "going to sting you guys soon as I\n"
    },
    {
        "number": "34",
        "stopTime": "00:01:12,810",
        "startTime": "00:01:07,770",
        "text": "favorite with your outfits now I\n"
    },
    {
        "number": "35",
        "stopTime": "00:01:14,580",
        "startTime": "00:01:09,510",
        "text": "actually just where to start I love you\n"
    },
    {
        "number": "36",
        "stopTime": "00:01:17,250",
        "startTime": "00:01:12,810",
        "text": "both and I kind of wanted to meet me\n"
    },
    {
        "number": "37",
        "stopTime": "00:01:19,259",
        "startTime": "00:01:14,580",
        "text": "with your out this video in anyways okay\n"
    },
    {
        "number": "38",
        "stopTime": "00:01:21,299",
        "startTime": "00:01:17,250",
        "text": "I'm going to show you guys I off its\n"
    },
    {
        "number": "39",
        "stopTime": "00:01:23,430",
        "startTime": "00:01:19,259",
        "text": "mouth so hope you guys liked them and\n"
    },
    {
        "number": "40",
        "stopTime": "00:01:26,040",
        "startTime": "00:01:21,299",
        "text": "actually this is what is the new items\n"
    },
    {
        "number": "41",
        "stopTime": "00:01:28,350",
        "startTime": "00:01:23,430",
        "text": "that i actually just lost from co-op\n"
    },
    {
        "number": "42",
        "stopTime": "00:01:30,570",
        "startTime": "00:01:26,040",
        "text": "outlet and i love this up in so much\n"
    },
    {
        "number": "43",
        "stopTime": "00:01:31,540",
        "startTime": "00:01:28,350",
        "text": "this might look like a sister shirt I\n"
    },
    {
        "number": "44",
        "stopTime": "00:01:33,280",
        "startTime": "00:01:30,570",
        "text": "was like I was\n"
    },
    {
        "number": "45",
        "stopTime": "00:01:36,060",
        "startTime": "00:01:31,540",
        "text": "distant you know and amongst people\n"
    },
    {
        "number": "46",
        "stopTime": "00:01:38,950",
        "startTime": "00:01:33,280",
        "text": "thought this is anish ears but secret\n"
    },
    {
        "number": "47",
        "stopTime": "00:01:41,710",
        "startTime": "00:01:36,060",
        "text": "sexually not is the shirt so this is the\n"
    },
    {
        "number": "48",
        "stopTime": "00:01:44,410",
        "startTime": "00:01:38,950",
        "text": "shirt it's like sweat it earlier but\n"
    },
    {
        "number": "49",
        "stopTime": "00:01:46,870",
        "startTime": "00:01:41,710",
        "text": "it's kind of just like a cool where I\n"
    },
    {
        "number": "50",
        "stopTime": "00:01:48,340",
        "startTime": "00:01:44,410",
        "text": "think also he probably school Pettis on\n"
    },
    {
        "number": "51",
        "stopTime": "00:01:51,400",
        "startTime": "00:01:46,870",
        "text": "the shoulder thing that I thought that\n"
    },
    {
        "number": "52",
        "stopTime": "00:01:54,340",
        "startTime": "00:01:48,340",
        "text": "was feeling folded edges and also i have\n"
    },
    {
        "number": "53",
        "stopTime": "00:01:56,290",
        "startTime": "00:01:51,400",
        "text": "on its roster and you didn't notice\n"
    },
    {
        "number": "54",
        "stopTime": "00:01:59,170",
        "startTime": "00:01:54,340",
        "text": "about me i have like into rebasing for\n"
    },
    {
        "number": "55",
        "stopTime": "00:02:01,780",
        "startTime": "00:01:56,290",
        "text": "five shirts fear Allah last really\n"
    },
    {
        "number": "56",
        "stopTime": "00:02:03,790",
        "startTime": "00:01:59,170",
        "text": "remind me of like anime girl because i'm\n"
    },
    {
        "number": "57",
        "stopTime": "00:02:06,190",
        "startTime": "00:02:01,780",
        "text": "using those really to animate growth and\n"
    },
    {
        "number": "58",
        "stopTime": "00:02:09,970",
        "startTime": "00:02:03,790",
        "text": "they always have easily cool my sponsors\n"
    },
    {
        "number": "59",
        "stopTime": "00:02:11,980",
        "startTime": "00:02:06,190",
        "text": "and this is a red and black one and in\n"
    },
    {
        "number": "60",
        "stopTime": "00:02:13,930",
        "startTime": "00:02:09,970",
        "text": "this is kind of like a jacket that i\n"
    },
    {
        "number": "61",
        "stopTime": "00:02:15,610",
        "startTime": "00:02:11,980",
        "text": "think so good with this and really like\n"
    },
    {
        "number": "62",
        "stopTime": "00:02:18,550",
        "startTime": "00:02:13,930",
        "text": "worst of all things and put it on\n"
    },
    {
        "number": "63",
        "stopTime": "00:02:21,400",
        "startTime": "00:02:15,610",
        "text": "backwards oops okay please do it right\n"
    },
    {
        "number": "64",
        "stopTime": "00:02:24,930",
        "startTime": "00:02:18,550",
        "text": "how do you get to mom oh yes okay\n"
    },
    {
        "number": "65",
        "stopTime": "00:02:27,730",
        "startTime": "00:02:21,400",
        "text": "backwards is so this is how flips off\n"
    },
    {
        "number": "66",
        "stopTime": "00:02:30,190",
        "startTime": "00:02:24,930",
        "text": "it's not real fur throws it seems i know\n"
    },
    {
        "number": "67",
        "stopTime": "00:02:33,310",
        "startTime": "00:02:27,730",
        "text": "i know we're milford it's totally fake\n"
    },
    {
        "number": "68",
        "stopTime": "00:02:35,380",
        "startTime": "00:02:30,190",
        "text": "for so he's not real so guys but it's so\n"
    },
    {
        "number": "69",
        "stopTime": "00:02:37,780",
        "startTime": "00:02:33,310",
        "text": "cool really nice important task to do\n"
    },
    {
        "number": "70",
        "stopTime": "00:02:40,120",
        "startTime": "00:02:35,380",
        "text": "sushi bar codes off of me he's like one\n"
    },
    {
        "number": "71",
        "stopTime": "00:02:42,040",
        "startTime": "00:02:37,780",
        "text": "of my viewers in you know and we service\n"
    },
    {
        "number": "72",
        "stopTime": "00:02:44,769",
        "startTime": "00:02:40,120",
        "text": "if you miss me if you need finish their\n"
    },
    {
        "number": "73",
        "stopTime": "00:02:46,750",
        "startTime": "00:02:42,040",
        "text": "hands so yes you want you to do is good\n"
    },
    {
        "number": "74",
        "stopTime": "00:02:50,430",
        "startTime": "00:02:44,769",
        "text": "with spicy shoes would like I don't know\n"
    },
    {
        "number": "75",
        "stopTime": "00:02:53,830",
        "startTime": "00:02:46,750",
        "text": "so here's another specimen from our soup\n"
    },
    {
        "number": "76",
        "stopTime": "00:02:57,160",
        "startTime": "00:02:50,430",
        "text": "so yeah actually I think narcissism\n"
    },
    {
        "number": "77",
        "stopTime": "00:03:00,090",
        "startTime": "00:02:53,830",
        "text": "please watch my uncle in these videos so\n"
    },
    {
        "number": "78",
        "stopTime": "00:03:02,700",
        "startTime": "00:02:57,160",
        "text": "sorry work but if you thought that was\n"
    },
    {
        "number": "79",
        "stopTime": "00:03:04,860",
        "startTime": "00:03:00,090",
        "text": "good for you natta no need to watch all\n"
    },
    {
        "number": "80",
        "stopTime": "00:03:08,519",
        "startTime": "00:03:02,700",
        "text": "the videos they know if I ever seen\n"
    },
    {
        "number": "81",
        "stopTime": "00:03:11,010",
        "startTime": "00:03:04,860",
        "text": "anything special like that that's not\n"
    },
    {
        "number": "82",
        "stopTime": "00:03:13,319",
        "startTime": "00:03:08,519",
        "text": "very slick that nothing we've got like\n"
    },
    {
        "number": "83",
        "stopTime": "00:03:17,870",
        "startTime": "00:03:11,010",
        "text": "good subtle things like being sitting\n"
    },
    {
        "number": "84",
        "stopTime": "00:03:21,629",
        "startTime": "00:03:13,319",
        "text": "Zoe's of fun cool things to do you know\n"
    },
    {
        "number": "85",
        "stopTime": "00:03:23,400",
        "startTime": "00:03:17,870",
        "text": "this is the next posture by gosh I feel\n"
    },
    {
        "number": "86",
        "stopTime": "00:03:25,049",
        "startTime": "00:03:21,629",
        "text": "like this one actually goes Super Girl\n"
    },
    {
        "number": "87",
        "stopTime": "00:03:26,730",
        "startTime": "00:03:23,400",
        "text": "and everything I need some pretty much\n"
    },
    {
        "number": "88",
        "stopTime": "00:03:29,610",
        "startTime": "00:03:25,049",
        "text": "because it really does like color\n"
    },
    {
        "number": "89",
        "stopTime": "00:03:33,090",
        "startTime": "00:03:26,730",
        "text": "schemes like a 16 hour and this is\n"
    },
    {
        "number": "90",
        "stopTime": "00:03:35,849",
        "startTime": "00:03:29,610",
        "text": "another Oscar is like a great and flat\n"
    },
    {
        "number": "91",
        "stopTime": "00:03:37,769",
        "startTime": "00:03:33,090",
        "text": "posture so that's it and this is like\n"
    },
    {
        "number": "92",
        "stopTime": "00:03:40,310",
        "startTime": "00:03:35,849",
        "text": "the same thing we're just me feel like\n"
    },
    {
        "number": "93",
        "stopTime": "00:03:43,230",
        "startTime": "00:03:37,769",
        "text": "things like animating will profit and\n"
    },
    {
        "number": "94",
        "stopTime": "00:03:48,780",
        "startTime": "00:03:40,310",
        "text": "women pretty much my favorite kind of at\n"
    },
    {
        "number": "95",
        "stopTime": "00:03:50,700",
        "startTime": "00:03:43,230",
        "text": "yourself yeah that's distributor also\n"
    },
    {
        "number": "96",
        "stopTime": "00:03:53,069",
        "startTime": "00:03:48,780",
        "text": "got it I just need your poisonous up in\n"
    },
    {
        "number": "97",
        "stopTime": "00:03:55,019",
        "startTime": "00:03:50,700",
        "text": "the first year so I am where this\n"
    },
    {
        "number": "98",
        "stopTime": "00:03:57,150",
        "startTime": "00:03:53,069",
        "text": "message it just in case you didn't know\n"
    },
    {
        "number": "99",
        "stopTime": "00:03:59,730",
        "startTime": "00:03:55,019",
        "text": "I love this cat and go like in Texas\n"
    },
    {
        "number": "100",
        "stopTime": "00:04:01,709",
        "startTime": "00:03:57,150",
        "text": "meet all of this to wait for and also I\n"
    },
    {
        "number": "101",
        "stopTime": "00:04:03,780",
        "startTime": "00:03:59,730",
        "text": "do this picture respond to just like\n"
    },
    {
        "number": "102",
        "stopTime": "00:04:05,609",
        "startTime": "00:04:01,709",
        "text": "whatever I really just think we're\n"
    },
    {
        "number": "103",
        "stopTime": "00:04:07,019",
        "startTime": "00:04:03,780",
        "text": "especially in the winter because it's\n"
    },
    {
        "number": "104",
        "stopTime": "00:04:09,329",
        "startTime": "00:04:05,609",
        "text": "really cold out they make your legs\n"
    },
    {
        "number": "105",
        "stopTime": "00:04:11,670",
        "startTime": "00:04:07,019",
        "text": "feels like a little bit warmer and just\n"
    },
    {
        "number": "106",
        "stopTime": "00:04:13,200",
        "startTime": "00:04:09,329",
        "text": "being completely related except this is\n"
    },
    {
        "number": "107",
        "stopTime": "00:04:15,150",
        "startTime": "00:04:11,670",
        "text": "the next year that I thought and I\n"
    },
    {
        "number": "108",
        "stopTime": "00:04:17,729",
        "startTime": "00:04:13,200",
        "text": "thought it was a treo is beautiful at\n"
    },
    {
        "number": "109",
        "stopTime": "00:04:20,459",
        "startTime": "00:04:15,150",
        "text": "shirt as beautiful and just kind of the\n"
    },
    {
        "number": "110",
        "stopTime": "00:04:22,770",
        "startTime": "00:04:17,729",
        "text": "shirt with some straps and it's kind of\n"
    },
    {
        "number": "111",
        "stopTime": "00:04:31,650",
        "startTime": "00:04:20,459",
        "text": "like triangular depends like change your\n"
    },
    {
        "number": "112",
        "stopTime": "00:04:34,020",
        "startTime": "00:04:22,770",
        "text": "design and sabbatic so Jana up it and\n"
    },
    {
        "number": "113",
        "stopTime": "00:04:36,120",
        "startTime": "00:04:31,650",
        "text": "honestly this appalling 8030 fold out so\n"
    },
    {
        "number": "114",
        "stopTime": "00:04:37,650",
        "startTime": "00:04:34,020",
        "text": "we're in the winters but I feel like you\n"
    },
    {
        "number": "115",
        "stopTime": "00:04:40,139",
        "startTime": "00:04:36,120",
        "text": "can still make it work on you don't\n"
    },
    {
        "number": "116",
        "stopTime": "00:04:43,440",
        "startTime": "00:04:37,650",
        "text": "worry jacket or you could just like be\n"
    },
    {
        "number": "117",
        "stopTime": "00:04:46,139",
        "startTime": "00:04:40,139",
        "text": "really cold or you know this week so\n"
    },
    {
        "number": "118",
        "stopTime": "00:04:49,889",
        "startTime": "00:04:43,440",
        "text": "yeah I don't know I realized to shoot\n"
    },
    {
        "number": "119",
        "stopTime": "00:04:51,570",
        "startTime": "00:04:46,139",
        "text": "that sell its neck shirt and also I feel\n"
    },
    {
        "number": "120",
        "stopTime": "00:04:53,970",
        "startTime": "00:04:49,889",
        "text": "like to share the molecular this church\n"
    },
    {
        "number": "121",
        "stopTime": "00:04:56,700",
        "startTime": "00:04:51,570",
        "text": "it was kind of like a high-waisted skirt\n"
    },
    {
        "number": "122",
        "stopTime": "00:04:59,520",
        "startTime": "00:04:53,970",
        "text": "so which way you can kind of like\n"
    },
    {
        "number": "123",
        "stopTime": "00:05:02,610",
        "startTime": "00:04:56,700",
        "text": "and then shit works and cat silly silly\n"
    },
    {
        "number": "124",
        "stopTime": "00:05:04,770",
        "startTime": "00:04:59,520",
        "text": "fool I just totally sick for like every\n"
    },
    {
        "number": "125",
        "stopTime": "00:05:08,300",
        "startTime": "00:05:02,610",
        "text": "ailment know what the people do that\n"
    },
    {
        "number": "126",
        "stopTime": "00:05:11,820",
        "startTime": "00:05:04,770",
        "text": "once bidding was a suit like me video\n"
    },
    {
        "number": "127",
        "stopTime": "00:05:15,630",
        "startTime": "00:05:08,300",
        "text": "games I hope we actually won't do that\n"
    },
    {
        "number": "128",
        "stopTime": "00:05:17,970",
        "startTime": "00:05:11,820",
        "text": "but yes let's keep in this video like\n"
    },
    {
        "number": "129",
        "stopTime": "00:05:19,650",
        "startTime": "00:05:15,630",
        "text": "Bing video a look I don't know why\n"
    },
    {
        "number": "130",
        "stopTime": "00:05:22,110",
        "startTime": "00:05:17,970",
        "text": "before so that's gonna get to know\n"
    },
    {
        "number": "131",
        "stopTime": "00:05:24,360",
        "startTime": "00:05:19,650",
        "text": "whether we're does so such as I think of\n"
    },
    {
        "number": "132",
        "stopTime": "00:05:26,820",
        "startTime": "00:05:22,110",
        "text": "this but I hope people my life sitting\n"
    },
    {
        "number": "133",
        "stopTime": "00:05:28,740",
        "startTime": "00:05:24,360",
        "text": "room is like super like yay sitting\n"
    },
    {
        "number": "134",
        "stopTime": "00:05:31,440",
        "startTime": "00:05:26,820",
        "text": "right out specially marked cuz I know\n"
    },
    {
        "number": "135",
        "stopTime": "00:05:33,960",
        "startTime": "00:05:28,740",
        "text": "Mark like really really likes today mr.\n"
    },
    {
        "number": "136",
        "stopTime": "00:05:36,240",
        "startTime": "00:05:31,440",
        "text": "move it the market often love you mark\n"
    },
    {
        "number": "137",
        "stopTime": "00:05:37,830",
        "startTime": "00:05:33,960",
        "text": "oh and by the way I want to see in the\n"
    },
    {
        "number": "138",
        "stopTime": "00:05:40,050",
        "startTime": "00:05:36,240",
        "text": "research my tears just looking like\n"
    },
    {
        "number": "139",
        "stopTime": "00:05:42,120",
        "startTime": "00:05:37,830",
        "text": "Julie Julie bass throughout this video a\n"
    },
    {
        "number": "140",
        "stopTime": "00:05:43,920",
        "startTime": "00:05:40,050",
        "text": "lot of time like what I started out to\n"
    },
    {
        "number": "141",
        "stopTime": "00:05:45,650",
        "startTime": "00:05:42,120",
        "text": "be I'll be like oh my hands of games the\n"
    },
    {
        "number": "142",
        "stopTime": "00:05:48,030",
        "startTime": "00:05:43,920",
        "text": "Bettles I can't keep doing it and\n"
    },
    {
        "number": "143",
        "stopTime": "00:05:50,460",
        "startTime": "00:05:45,650",
        "text": "executing someone totally getting super\n"
    },
    {
        "number": "144",
        "stopTime": "00:05:52,890",
        "startTime": "00:05:48,030",
        "text": "messed up so Emily's argue with that but\n"
    },
    {
        "number": "145",
        "stopTime": "00:05:55,350",
        "startTime": "00:05:50,460",
        "text": "anyways so this is a flutter kind of\n"
    },
    {
        "number": "146",
        "stopTime": "00:05:57,000",
        "startTime": "00:05:52,890",
        "text": "thing so I successful because on the top\n"
    },
    {
        "number": "147",
        "stopTime": "00:05:59,550",
        "startTime": "00:05:55,350",
        "text": "it just kind of happy place headaches\n"
    },
    {
        "number": "148",
        "stopTime": "00:06:02,070",
        "startTime": "00:05:57,000",
        "text": "there and it has it on both sides that\n"
    },
    {
        "number": "149",
        "stopTime": "00:06:05,450",
        "startTime": "00:05:59,550",
        "text": "they will both are cut out and then also\n"
    },
    {
        "number": "150",
        "stopTime": "00:06:11,400",
        "startTime": "00:06:02,070",
        "text": "the back of this fired it's like so cool\n"
    },
    {
        "number": "151",
        "stopTime": "00:06:13,800",
        "startTime": "00:06:05,450",
        "text": "despite all the pattern ok alright so my\n"
    },
    {
        "number": "152",
        "stopTime": "00:06:16,470",
        "startTime": "00:06:11,400",
        "text": "hair is additionally kind of falling\n"
    },
    {
        "number": "153",
        "stopTime": "00:06:18,360",
        "startTime": "00:06:13,800",
        "text": "apart you think like pretend I'm we're\n"
    },
    {
        "number": "154",
        "stopTime": "00:06:21,750",
        "startTime": "00:06:16,470",
        "text": "going to land in my car through so much\n"
    },
    {
        "number": "155",
        "stopTime": "00:06:23,580",
        "startTime": "00:06:18,360",
        "text": "would split up thanks but please like\n"
    },
    {
        "number": "156",
        "stopTime": "00:06:25,770",
        "startTime": "00:06:21,750",
        "text": "what you're not looking like that so\n"
    },
    {
        "number": "157",
        "stopTime": "00:06:27,480",
        "startTime": "00:06:23,580",
        "text": "again I just wanted to everyone car\n"
    },
    {
        "number": "158",
        "stopTime": "00:06:30,300",
        "startTime": "00:06:25,770",
        "text": "through my hair's getting really messed\n"
    },
    {
        "number": "159",
        "stopTime": "00:06:32,640",
        "startTime": "00:06:27,480",
        "text": "up throughout this video but both you\n"
    },
    {
        "number": "160",
        "stopTime": "00:06:35,970",
        "startTime": "00:06:30,300",
        "text": "guys and let's not keep you for that I\n"
    },
    {
        "number": "161",
        "stopTime": "00:06:38,370",
        "startTime": "00:06:32,640",
        "text": "don't know anyways next outfit so this\n"
    },
    {
        "number": "162",
        "stopTime": "00:06:41,130",
        "startTime": "00:06:35,970",
        "text": "next year is next to sell em too much\n"
    },
    {
        "number": "163",
        "stopTime": "00:06:44,400",
        "startTime": "00:06:38,370",
        "text": "and it's just kind of like a black as\n"
    },
    {
        "number": "164",
        "stopTime": "00:06:46,889",
        "startTime": "00:06:41,130",
        "text": "like cool please look just like a photo\n"
    },
    {
        "number": "165",
        "stopTime": "00:06:53,020",
        "startTime": "00:06:44,400",
        "text": "manager so you were just football\n"
    },
    {
        "number": "166",
        "stopTime": "00:06:55,000",
        "startTime": "00:06:46,889",
        "text": "spotting them and yes that is assured so\n"
    },
    {
        "number": "167",
        "stopTime": "00:06:57,610",
        "startTime": "00:06:53,020",
        "text": "this is the next year this year actually\n"
    },
    {
        "number": "168",
        "stopTime": "00:06:59,590",
        "startTime": "00:06:55,000",
        "text": "has obviously cool products on it this\n"
    },
    {
        "number": "169",
        "stopTime": "00:07:01,570",
        "startTime": "00:06:57,610",
        "text": "year is just like totally set out and\n"
    },
    {
        "number": "170",
        "stopTime": "00:07:03,070",
        "startTime": "00:06:59,590",
        "text": "and also on your neck it just kind of\n"
    },
    {
        "number": "171",
        "stopTime": "00:07:05,590",
        "startTime": "00:07:01,570",
        "text": "have like this cool thing where you just\n"
    },
    {
        "number": "172",
        "stopTime": "00:07:07,720",
        "startTime": "00:07:03,070",
        "text": "kind of like high it against bullying\n"
    },
    {
        "number": "173",
        "stopTime": "00:07:09,790",
        "startTime": "00:07:05,590",
        "text": "darling time actually it's kind of like\n"
    },
    {
        "number": "174",
        "stopTime": "00:07:11,590",
        "startTime": "00:07:07,720",
        "text": "a buckle thing and just kind of like put\n"
    },
    {
        "number": "175",
        "stopTime": "00:07:13,840",
        "startTime": "00:07:09,790",
        "text": "a few days and then you go to school\n"
    },
    {
        "number": "176",
        "stopTime": "00:07:15,490",
        "startTime": "00:07:11,590",
        "text": "like things around your neck I don't\n"
    },
    {
        "number": "177",
        "stopTime": "00:07:17,680",
        "startTime": "00:07:13,840",
        "text": "actually know exactly what you call\n"
    },
    {
        "number": "178",
        "stopTime": "00:07:21,910",
        "startTime": "00:07:15,490",
        "text": "these histories but that's the kind of\n"
    },
    {
        "number": "179",
        "stopTime": "00:07:23,560",
        "startTime": "00:07:17,680",
        "text": "shirt surfaces and um thanks it is a\n"
    },
    {
        "number": "180",
        "stopTime": "00:07:26,710",
        "startTime": "00:07:21,910",
        "text": "nice shirt that I want to show you guys\n"
    },
    {
        "number": "181",
        "stopTime": "00:07:29,440",
        "startTime": "00:07:23,560",
        "text": "this one is a white shirt like wow the\n"
    },
    {
        "number": "182",
        "stopTime": "00:07:31,510",
        "startTime": "00:07:26,710",
        "text": "colors known so she's going to be right\n"
    },
    {
        "number": "183",
        "stopTime": "00:07:33,580",
        "startTime": "00:07:29,440",
        "text": "there I have always liked still kind of\n"
    },
    {
        "number": "184",
        "stopTime": "00:07:35,260",
        "startTime": "00:07:31,510",
        "text": "fear which I thought was awesome by the\n"
    },
    {
        "number": "185",
        "stopTime": "00:07:36,970",
        "startTime": "00:07:33,580",
        "text": "way good I want to speak up I know that\n"
    },
    {
        "number": "186",
        "stopTime": "00:07:39,460",
        "startTime": "00:07:35,260",
        "text": "like a melon suppose I don't look you\n"
    },
    {
        "number": "187",
        "stopTime": "00:07:42,220",
        "startTime": "00:07:36,970",
        "text": "guys to do it but I noticed no price\n"
    },
    {
        "number": "188",
        "stopTime": "00:07:44,740",
        "startTime": "00:07:39,460",
        "text": "tags on me just be advised no I did not\n"
    },
    {
        "number": "189",
        "stopTime": "00:07:46,449",
        "startTime": "00:07:42,220",
        "text": "feel any of these clothes why not steal\n"
    },
    {
        "number": "190",
        "stopTime": "00:07:49,030",
        "startTime": "00:07:44,740",
        "text": "things their clothes or anything like\n"
    },
    {
        "number": "191",
        "stopTime": "00:07:51,639",
        "startTime": "00:07:46,449",
        "text": "that so you know these are all this new\n"
    },
    {
        "number": "192",
        "stopTime": "00:07:53,470",
        "startTime": "00:07:49,030",
        "text": "and I haven't obviously mortensen yet\n"
    },
    {
        "number": "193",
        "stopTime": "00:07:55,510",
        "startTime": "00:07:51,639",
        "text": "for the most part of an unlucky one\n"
    },
    {
        "number": "194",
        "stopTime": "00:07:57,820",
        "startTime": "00:07:53,470",
        "text": "because it's bit like brand new so I\n"
    },
    {
        "number": "195",
        "stopTime": "00:08:00,400",
        "startTime": "00:07:55,510",
        "text": "haven't touched on surprise myself yet\n"
    },
    {
        "number": "196",
        "stopTime": "00:08:08,560",
        "startTime": "00:07:57,820",
        "text": "still feel it inside past the hats why\n"
    },
    {
        "number": "197",
        "stopTime": "00:08:10,419",
        "startTime": "00:08:00,400",
        "text": "so steel feeling son and this letter is\n"
    },
    {
        "number": "198",
        "stopTime": "00:08:12,669",
        "startTime": "00:08:08,560",
        "text": "actually the last letter that I wasn't a\n"
    },
    {
        "number": "199",
        "stopTime": "00:08:15,099",
        "startTime": "00:08:10,419",
        "text": "few guys and I got excited look so cool\n"
    },
    {
        "number": "200",
        "stopTime": "00:08:17,320",
        "startTime": "00:08:12,669",
        "text": "because this one is just like super cut\n"
    },
    {
        "number": "201",
        "stopTime": "00:08:19,240",
        "startTime": "00:08:15,099",
        "text": "out like everywhere on it so like yeah\n"
    },
    {
        "number": "202",
        "stopTime": "00:08:21,870",
        "startTime": "00:08:17,320",
        "text": "all over it it's just like all these\n"
    },
    {
        "number": "203",
        "stopTime": "00:08:25,660",
        "startTime": "00:08:19,240",
        "text": "cutouts like throw on all the pleas of\n"
    },
    {
        "number": "204",
        "stopTime": "00:08:28,180",
        "startTime": "00:08:21,870",
        "text": "butter who's even cut up there and I\n"
    },
    {
        "number": "205",
        "stopTime": "00:08:30,370",
        "startTime": "00:08:25,660",
        "text": "think on that side to stay fed up yes\n"
    },
    {
        "number": "206",
        "stopTime": "00:08:32,440",
        "startTime": "00:08:28,180",
        "text": "there is and then also like all down\n"
    },
    {
        "number": "207",
        "stopTime": "00:08:35,430",
        "startTime": "00:08:30,370",
        "text": "there through there and they kind of\n"
    },
    {
        "number": "208",
        "stopTime": "00:08:37,630",
        "startTime": "00:08:32,440",
        "text": "just like keep continuing on down it\n"
    },
    {
        "number": "209",
        "stopTime": "00:08:39,520",
        "startTime": "00:08:35,430",
        "text": "everywhere and it's good because it like\n"
    },
    {
        "number": "210",
        "stopTime": "00:08:42,159",
        "startTime": "00:08:37,630",
        "text": "it's like you're warm but it's also like\n"
    },
    {
        "number": "211",
        "stopTime": "00:08:45,610",
        "startTime": "00:08:39,520",
        "text": "style of cut-ups everywhere which is\n"
    },
    {
        "number": "212",
        "stopTime": "00:08:48,720",
        "startTime": "00:08:42,159",
        "text": "often so you got this letter is actually\n"
    },
    {
        "number": "213",
        "stopTime": "00:08:51,089",
        "startTime": "00:08:45,610",
        "text": "very last thing that I can usually fool\n"
    },
    {
        "number": "214",
        "stopTime": "00:08:52,769",
        "startTime": "00:08:48,720",
        "text": "and we do outfit or usability weird\n"
    },
    {
        "number": "215",
        "stopTime": "00:08:54,600",
        "startTime": "00:08:51,089",
        "text": "ideas like whatever you guys follow me\n"
    },
    {
        "number": "216",
        "stopTime": "00:08:56,550",
        "startTime": "00:08:52,769",
        "text": "around I don't know I don't really at\n"
    },
    {
        "number": "217",
        "stopTime": "00:08:58,980",
        "startTime": "00:08:54,600",
        "text": "least like just refuses I just kind of\n"
    },
    {
        "number": "218",
        "stopTime": "00:09:00,449",
        "startTime": "00:08:56,550",
        "text": "like weird but I feel like where you can\n"
    },
    {
        "number": "219",
        "stopTime": "00:09:01,949",
        "startTime": "00:08:58,980",
        "text": "really Ruby's like from ever you wanna\n"
    },
    {
        "number": "220",
        "stopTime": "00:09:03,660",
        "startTime": "00:09:00,449",
        "text": "wear them you've already knows notice\n"
    },
    {
        "number": "221",
        "stopTime": "00:09:06,269",
        "startTime": "00:09:01,949",
        "text": "right now but I have anything different\n"
    },
    {
        "number": "222",
        "stopTime": "00:09:08,310",
        "startTime": "00:09:03,660",
        "text": "on but see you may actually not do exist\n"
    },
    {
        "number": "223",
        "stopTime": "00:09:10,709",
        "startTime": "00:09:06,269",
        "text": "that you've actually had all a space net\n"
    },
    {
        "number": "224",
        "stopTime": "00:09:12,750",
        "startTime": "00:09:08,310",
        "text": "and soft a different style but I\n"
    },
    {
        "number": "225",
        "stopTime": "00:09:14,370",
        "startTime": "00:09:10,709",
        "text": "actually soft and i got these are simple\n"
    },
    {
        "number": "226",
        "stopTime": "00:09:16,170",
        "startTime": "00:09:12,750",
        "text": "and they're really good because they\n"
    },
    {
        "number": "227",
        "stopTime": "00:09:19,529",
        "startTime": "00:09:14,370",
        "text": "just kind of like cling to your leg and\n"
    },
    {
        "number": "228",
        "stopTime": "00:09:21,329",
        "startTime": "00:09:16,170",
        "text": "they feel exactly like how fishnet feels\n"
    },
    {
        "number": "229",
        "stopTime": "00:09:23,790",
        "startTime": "00:09:19,529",
        "text": "like they feel the same way very much\n"
    },
    {
        "number": "230",
        "stopTime": "00:09:27,000",
        "startTime": "00:09:21,329",
        "text": "and as we can see sexy what you regard\n"
    },
    {
        "number": "231",
        "stopTime": "00:09:29,339",
        "startTime": "00:09:23,790",
        "text": "with great and I was diuretic do so hope\n"
    },
    {
        "number": "232",
        "stopTime": "00:09:32,339",
        "startTime": "00:09:27,000",
        "text": "I don't centrally corner somewhere those\n"
    },
    {
        "number": "233",
        "stopTime": "00:09:36,480",
        "startTime": "00:09:29,339",
        "text": "Asian sites I think it wouldn't think it\n"
    },
    {
        "number": "234",
        "stopTime": "00:09:38,399",
        "startTime": "00:09:32,339",
        "text": "was um Sandra and Susan and say or\n"
    },
    {
        "number": "235",
        "stopTime": "00:09:40,529",
        "startTime": "00:09:36,480",
        "text": "however you say that so I feel like I\n"
    },
    {
        "number": "236",
        "stopTime": "00:09:42,509",
        "startTime": "00:09:38,399",
        "text": "truly do that with this and it look like\n"
    },
    {
        "number": "237",
        "stopTime": "00:09:44,160",
        "startTime": "00:09:40,529",
        "text": "works really good well thank you guys so\n"
    },
    {
        "number": "238",
        "stopTime": "00:09:46,379",
        "startTime": "00:09:42,509",
        "text": "much for watching this video and if you\n"
    },
    {
        "number": "239",
        "stopTime": "00:09:48,329",
        "startTime": "00:09:44,160",
        "text": "enjoyed watching this video or even you\n"
    },
    {
        "number": "240",
        "stopTime": "00:09:50,579",
        "startTime": "00:09:46,379",
        "text": "like anything that I showed you or if\n"
    },
    {
        "number": "241",
        "stopTime": "00:09:52,529",
        "startTime": "00:09:48,329",
        "text": "you like to my kind of dependence\n"
    },
    {
        "number": "242",
        "stopTime": "00:09:55,079",
        "startTime": "00:09:50,579",
        "text": "because beating is just like the coolest\n"
    },
    {
        "number": "243",
        "stopTime": "00:09:57,240",
        "startTime": "00:09:52,529",
        "text": "thing in the world to do like last year\n"
    },
    {
        "number": "244",
        "stopTime": "00:09:59,220",
        "startTime": "00:09:55,079",
        "text": "everyone goes into like stabbing and all\n"
    },
    {
        "number": "245",
        "stopTime": "00:10:01,319",
        "startTime": "00:09:57,240",
        "text": "that I definitely think this here\n"
    },
    {
        "number": "246",
        "stopTime": "00:10:03,180",
        "startTime": "00:09:59,220",
        "text": "spinning this is going to take over the\n"
    },
    {
        "number": "247",
        "stopTime": "00:10:04,949",
        "startTime": "00:10:01,319",
        "text": "make sure you did this video like I'll\n"
    },
    {
        "number": "248",
        "stopTime": "00:10:07,170",
        "startTime": "00:10:03,180",
        "text": "give the video a like of course if you\n"
    },
    {
        "number": "249",
        "stopTime": "00:10:09,540",
        "startTime": "00:10:04,949",
        "text": "want to do Michael so that obviously how\n"
    },
    {
        "number": "250",
        "stopTime": "00:10:13,230",
        "startTime": "00:10:07,170",
        "text": "you join it you just give bailey and you\n"
    },
    {
        "number": "251",
        "stopTime": "00:10:15,329",
        "startTime": "00:10:09,540",
        "text": "join my magical often cult and subscribe\n"
    },
    {
        "number": "252",
        "stopTime": "00:10:17,069",
        "startTime": "00:10:13,230",
        "text": "if you want to be a VIP members occult\n"
    },
    {
        "number": "253",
        "stopTime": "00:10:18,839",
        "startTime": "00:10:15,329",
        "text": "person you want to be often we know what\n"
    },
    {
        "number": "254",
        "stopTime": "00:10:20,610",
        "startTime": "00:10:17,069",
        "text": "I post these videos and also you click\n"
    },
    {
        "number": "255",
        "stopTime": "00:10:22,620",
        "startTime": "00:10:18,839",
        "text": "on the bell icon you should actually be\n"
    },
    {
        "number": "256",
        "stopTime": "00:10:24,779",
        "startTime": "00:10:20,610",
        "text": "doing fide ever if this new video on\n"
    },
    {
        "number": "257",
        "stopTime": "00:10:26,759",
        "startTime": "00:10:22,620",
        "text": "here hope you guys liked the video and\n"
    },
    {
        "number": "258",
        "stopTime": "00:10:30,199",
        "startTime": "00:10:24,779",
        "text": "thank you guys so much for watching I\n"
    },
    {
        "number": "259",
        "stopTime": "00:10:30,199",
        "startTime": "00:10:26,759",
        "text": "love you guys bye\n"
    },
    {
        "number": "260",
        "stopTime": "00:10:34,980",
        "startTime": "00:10:32,920",
        "text": "you\n"
    }
]