[
    {
        "number": "1",
        "stopTime": "00:00:04,230",
        "startTime": "00:00:00,000",
        "text": "hey guys it's Eugenia so today I'm going\n"
    },
    {
        "number": "2",
        "stopTime": "00:00:05,910",
        "startTime": "00:00:02,220",
        "text": "to be doing an outfit Hall of a really\n"
    },
    {
        "number": "3",
        "stopTime": "00:00:08,670",
        "startTime": "00:00:04,230",
        "text": "really cool site that i recently found\n"
    },
    {
        "number": "4",
        "stopTime": "00:00:10,830",
        "startTime": "00:00:05,910",
        "text": "online I really love like why fashion\n"
    },
    {
        "number": "5",
        "stopTime": "00:00:12,330",
        "startTime": "00:00:08,670",
        "text": "and quality kind of stuff a lot of\n"
    },
    {
        "number": "6",
        "stopTime": "00:00:14,759",
        "startTime": "00:00:10,830",
        "text": "things from Japan so I really like that\n"
    },
    {
        "number": "7",
        "stopTime": "00:00:16,980",
        "startTime": "00:00:12,330",
        "text": "kind of style searching for Kawhi sites\n"
    },
    {
        "number": "8",
        "stopTime": "00:00:19,470",
        "startTime": "00:00:14,759",
        "text": "online I found this really really cool\n"
    },
    {
        "number": "9",
        "stopTime": "00:00:21,840",
        "startTime": "00:00:16,980",
        "text": "site called Sun wednesday i'm actually\n"
    },
    {
        "number": "10",
        "stopTime": "00:00:23,550",
        "startTime": "00:00:19,470",
        "text": "not entirely sure if i am saying their\n"
    },
    {
        "number": "11",
        "stopTime": "00:00:27,390",
        "startTime": "00:00:21,840",
        "text": "name right i'm not sure if it's like\n"
    },
    {
        "number": "12",
        "stopTime": "00:00:29,550",
        "startTime": "00:00:23,550",
        "text": "solid rents or San runs for San ren say\n"
    },
    {
        "number": "13",
        "stopTime": "00:00:31,349",
        "startTime": "00:00:27,390",
        "text": "but they're really really cool site and\n"
    },
    {
        "number": "14",
        "stopTime": "00:00:33,390",
        "startTime": "00:00:29,550",
        "text": "they saw some really cool clothes so\n"
    },
    {
        "number": "15",
        "stopTime": "00:00:34,980",
        "startTime": "00:00:31,349",
        "text": "when I found them there is so much that\n"
    },
    {
        "number": "16",
        "stopTime": "00:00:37,140",
        "startTime": "00:00:33,390",
        "text": "I wanted on your site so i just ordered\n"
    },
    {
        "number": "17",
        "stopTime": "00:00:38,940",
        "startTime": "00:00:34,980",
        "text": "a bunch of stuff i took a while to get\n"
    },
    {
        "number": "18",
        "stopTime": "00:00:41,280",
        "startTime": "00:00:37,140",
        "text": "here because it does all come from Asia\n"
    },
    {
        "number": "19",
        "stopTime": "00:00:42,840",
        "startTime": "00:00:38,940",
        "text": "so I didn't think it would actually come\n"
    },
    {
        "number": "20",
        "stopTime": "00:00:44,309",
        "startTime": "00:00:41,280",
        "text": "even it's like soon as it did though\n"
    },
    {
        "number": "21",
        "stopTime": "00:00:45,750",
        "startTime": "00:00:42,840",
        "text": "like I found that the other day it\n"
    },
    {
        "number": "22",
        "stopTime": "00:00:48,899",
        "startTime": "00:00:44,309",
        "text": "actually got here like the day before\n"
    },
    {
        "number": "23",
        "stopTime": "00:00:51,690",
        "startTime": "00:00:45,750",
        "text": "Christmas and I was just like yay this\n"
    },
    {
        "number": "24",
        "stopTime": "00:00:53,370",
        "startTime": "00:00:48,899",
        "text": "is so exciting I have my clothes so I\n"
    },
    {
        "number": "25",
        "stopTime": "00:00:56,010",
        "startTime": "00:00:51,690",
        "text": "wanted to make like a hall kind of video\n"
    },
    {
        "number": "26",
        "stopTime": "00:00:57,840",
        "startTime": "00:00:53,370",
        "text": "and show you guys what I got and just\n"
    },
    {
        "number": "27",
        "stopTime": "00:00:59,699",
        "startTime": "00:00:56,010",
        "text": "try to one for you guys and if any of\n"
    },
    {
        "number": "28",
        "stopTime": "00:01:01,829",
        "startTime": "00:00:57,840",
        "text": "you guys are interested in buying any of\n"
    },
    {
        "number": "29",
        "stopTime": "00:01:04,409",
        "startTime": "00:00:59,699",
        "text": "the items that I show you in this video\n"
    },
    {
        "number": "30",
        "stopTime": "00:01:06,540",
        "startTime": "00:01:01,829",
        "text": "then down there below I'm gonna link to\n"
    },
    {
        "number": "31",
        "stopTime": "00:01:07,770",
        "startTime": "00:01:04,409",
        "text": "sound run say your son right sorry I'm\n"
    },
    {
        "number": "32",
        "stopTime": "00:01:10,320",
        "startTime": "00:01:06,540",
        "text": "saying is like you're on I don't know\n"
    },
    {
        "number": "33",
        "stopTime": "00:01:11,640",
        "startTime": "00:01:07,770",
        "text": "but yeah like them down there below and\n"
    },
    {
        "number": "34",
        "stopTime": "00:01:13,530",
        "startTime": "00:01:10,320",
        "text": "they still a lot of other cool stuff on\n"
    },
    {
        "number": "35",
        "stopTime": "00:01:14,970",
        "startTime": "00:01:11,640",
        "text": "their site tooth so yeah so the first\n"
    },
    {
        "number": "36",
        "stopTime": "00:01:17,280",
        "startTime": "00:01:13,530",
        "text": "thing that I wanted to show you guys is\n"
    },
    {
        "number": "37",
        "stopTime": "00:01:19,439",
        "startTime": "00:01:14,970",
        "text": "actually the outfit that I have on right\n"
    },
    {
        "number": "38",
        "stopTime": "00:01:21,689",
        "startTime": "00:01:17,280",
        "text": "now they listed as a buzz online but\n"
    },
    {
        "number": "39",
        "stopTime": "00:01:23,340",
        "startTime": "00:01:19,439",
        "text": "it's kind of like a sweater whilst kind\n"
    },
    {
        "number": "40",
        "stopTime": "00:01:25,470",
        "startTime": "00:01:21,689",
        "text": "of thing I guess I don't know and these\n"
    },
    {
        "number": "41",
        "stopTime": "00:01:27,810",
        "startTime": "00:01:23,340",
        "text": "Kevin a lot of different colors I got it\n"
    },
    {
        "number": "42",
        "stopTime": "00:01:29,610",
        "startTime": "00:01:25,470",
        "text": "in this really pretty pink shade I\n"
    },
    {
        "number": "43",
        "stopTime": "00:01:31,710",
        "startTime": "00:01:27,810",
        "text": "thought it was a really cute color are\n"
    },
    {
        "number": "44",
        "stopTime": "00:01:33,930",
        "startTime": "00:01:29,610",
        "text": "pretty very material they're actually\n"
    },
    {
        "number": "45",
        "stopTime": "00:01:35,729",
        "startTime": "00:01:31,710",
        "text": "super super soft they're pretty warm too\n"
    },
    {
        "number": "46",
        "stopTime": "00:01:37,619",
        "startTime": "00:01:33,930",
        "text": "which i like about that since I get\n"
    },
    {
        "number": "47",
        "stopTime": "00:01:39,930",
        "startTime": "00:01:35,729",
        "text": "cooled a lot I'm also wearing a skirt\n"
    },
    {
        "number": "48",
        "stopTime": "00:01:42,030",
        "startTime": "00:01:37,619",
        "text": "that is actually also from this site I\n"
    },
    {
        "number": "49",
        "stopTime": "00:01:44,520",
        "startTime": "00:01:39,930",
        "text": "thought this was a very very cute skirt\n"
    },
    {
        "number": "50",
        "stopTime": "00:01:46,079",
        "startTime": "00:01:42,030",
        "text": "so the boat was actually a pin on Bo so\n"
    },
    {
        "number": "51",
        "stopTime": "00:01:48,030",
        "startTime": "00:01:44,520",
        "text": "you can really put it wherever you want\n"
    },
    {
        "number": "52",
        "stopTime": "00:01:49,770",
        "startTime": "00:01:46,079",
        "text": "you could put them in the back if you\n"
    },
    {
        "number": "53",
        "stopTime": "00:01:54,030",
        "startTime": "00:01:48,030",
        "text": "prefer to have it and back of the skirt\n"
    },
    {
        "number": "54",
        "stopTime": "00:01:56,130",
        "startTime": "00:01:49,770",
        "text": "because yeah it has this design on it\n"
    },
    {
        "number": "55",
        "stopTime": "00:01:57,719",
        "startTime": "00:01:54,030",
        "text": "throughout it or if you want to you can\n"
    },
    {
        "number": "56",
        "stopTime": "00:01:59,369",
        "startTime": "00:01:56,130",
        "text": "do it i did and just kind of put it on\n"
    },
    {
        "number": "57",
        "stopTime": "00:01:59,710",
        "startTime": "00:01:57,719",
        "text": "the front because i thought it looks\n"
    },
    {
        "number": "58",
        "stopTime": "00:02:02,590",
        "startTime": "00:01:59,369",
        "text": "good\n"
    },
    {
        "number": "59",
        "stopTime": "00:02:05,080",
        "startTime": "00:01:59,710",
        "text": "so that's where I put it so the next\n"
    },
    {
        "number": "60",
        "stopTime": "00:02:07,600",
        "startTime": "00:02:02,590",
        "text": "skirt is a blue skirt it's just kind of\n"
    },
    {
        "number": "61",
        "stopTime": "00:02:10,209",
        "startTime": "00:02:05,080",
        "text": "like a pleated skirt and then yeah I\n"
    },
    {
        "number": "62",
        "stopTime": "00:02:13,690",
        "startTime": "00:02:07,600",
        "text": "just I'm just super cute let's get this\n"
    },
    {
        "number": "63",
        "stopTime": "00:02:15,940",
        "startTime": "00:02:10,209",
        "text": "little button right here so yeah and\n"
    },
    {
        "number": "64",
        "stopTime": "00:02:17,560",
        "startTime": "00:02:13,690",
        "text": "there's a zipper on the side basically\n"
    },
    {
        "number": "65",
        "stopTime": "00:02:19,150",
        "startTime": "00:02:15,940",
        "text": "everything on this site is mostly like\n"
    },
    {
        "number": "66",
        "stopTime": "00:02:20,620",
        "startTime": "00:02:17,560",
        "text": "side zippers at least like from what I\n"
    },
    {
        "number": "67",
        "stopTime": "00:02:22,330",
        "startTime": "00:02:19,150",
        "text": "ordered I think so this is another one\n"
    },
    {
        "number": "68",
        "stopTime": "00:02:24,190",
        "startTime": "00:02:20,620",
        "text": "that I got thought it was really cute\n"
    },
    {
        "number": "69",
        "stopTime": "00:02:26,140",
        "startTime": "00:02:22,330",
        "text": "it's just a black skirt and then it's\n"
    },
    {
        "number": "70",
        "stopTime": "00:02:27,940",
        "startTime": "00:02:24,190",
        "text": "kind of like a layer kind of skirt I\n"
    },
    {
        "number": "71",
        "stopTime": "00:02:30,250",
        "startTime": "00:02:26,140",
        "text": "guess you could say because that over it\n"
    },
    {
        "number": "72",
        "stopTime": "00:02:31,959",
        "startTime": "00:02:27,940",
        "text": "has this kind of like additional player\n"
    },
    {
        "number": "73",
        "stopTime": "00:02:33,910",
        "startTime": "00:02:30,250",
        "text": "that's black and it's just kind of like\n"
    },
    {
        "number": "74",
        "stopTime": "00:02:38,200",
        "startTime": "00:02:31,959",
        "text": "a clear kind of like sheer black and\n"
    },
    {
        "number": "75",
        "stopTime": "00:02:40,030",
        "startTime": "00:02:33,910",
        "text": "yeah so that's the skirt I actually post\n"
    },
    {
        "number": "76",
        "stopTime": "00:02:42,430",
        "startTime": "00:02:38,200",
        "text": "a picture on Twitter of his yesterday\n"
    },
    {
        "number": "77",
        "stopTime": "00:02:45,370",
        "startTime": "00:02:40,030",
        "text": "committing it's super super cute so this\n"
    },
    {
        "number": "78",
        "stopTime": "00:02:48,700",
        "startTime": "00:02:42,430",
        "text": "is basically a jacket like the reason\n"
    },
    {
        "number": "79",
        "stopTime": "00:02:52,390",
        "startTime": "00:02:45,370",
        "text": "that I love this so much is that it had\n"
    },
    {
        "number": "80",
        "stopTime": "00:02:53,980",
        "startTime": "00:02:48,700",
        "text": "these adorable bunny ears huh yeah I\n"
    },
    {
        "number": "81",
        "stopTime": "00:02:55,720",
        "startTime": "00:02:52,390",
        "text": "thought that was so cute like I\n"
    },
    {
        "number": "82",
        "stopTime": "00:02:58,510",
        "startTime": "00:02:53,980",
        "text": "especially like lots of the funny years\n"
    },
    {
        "number": "83",
        "stopTime": "00:03:01,840",
        "startTime": "00:02:55,720",
        "text": "so yeah thought they was super super\n"
    },
    {
        "number": "84",
        "stopTime": "00:03:03,760",
        "startTime": "00:02:58,510",
        "text": "adorable these are little like paw\n"
    },
    {
        "number": "85",
        "stopTime": "00:03:05,110",
        "startTime": "00:03:01,840",
        "text": "prints gloves all fingerless which is\n"
    },
    {
        "number": "86",
        "stopTime": "00:03:08,560",
        "startTime": "00:03:03,760",
        "text": "perfect is that way when I'm using my\n"
    },
    {
        "number": "87",
        "stopTime": "00:03:10,900",
        "startTime": "00:03:05,110",
        "text": "phone I still can use it because my\n"
    },
    {
        "number": "88",
        "stopTime": "00:03:12,610",
        "startTime": "00:03:08,560",
        "text": "gloves are fingerless the red jacket\n"
    },
    {
        "number": "89",
        "stopTime": "00:03:14,680",
        "startTime": "00:03:10,900",
        "text": "it's really good for like in the Windsor\n"
    },
    {
        "number": "90",
        "stopTime": "00:03:17,440",
        "startTime": "00:03:12,610",
        "text": "when you're cold or things like that so\n"
    },
    {
        "number": "91",
        "stopTime": "00:03:18,760",
        "startTime": "00:03:14,680",
        "text": "yes so that's that's this jacket and yet\n"
    },
    {
        "number": "92",
        "stopTime": "00:03:21,730",
        "startTime": "00:03:17,440",
        "text": "as you can see it's just kind of like a\n"
    },
    {
        "number": "93",
        "stopTime": "00:03:25,959",
        "startTime": "00:03:18,760",
        "text": "foyer to kind of jacket so just kind of\n"
    },
    {
        "number": "94",
        "stopTime": "00:03:28,600",
        "startTime": "00:03:21,730",
        "text": "like pops out there and yeah this is\n"
    },
    {
        "number": "95",
        "stopTime": "00:03:31,269",
        "startTime": "00:03:25,959",
        "text": "this they are like a white nice talk\n"
    },
    {
        "number": "96",
        "stopTime": "00:03:34,780",
        "startTime": "00:03:28,600",
        "text": "with these little like black stripes\n"
    },
    {
        "number": "97",
        "stopTime": "00:03:37,900",
        "startTime": "00:03:31,269",
        "text": "going on the top throughout them so yeah\n"
    },
    {
        "number": "98",
        "stopTime": "00:03:41,410",
        "startTime": "00:03:34,780",
        "text": "I got these for an awesome pair of socks\n"
    },
    {
        "number": "99",
        "stopTime": "00:03:43,660",
        "startTime": "00:03:37,900",
        "text": "I put this skirt back on because I\n"
    },
    {
        "number": "100",
        "stopTime": "00:03:45,850",
        "startTime": "00:03:41,410",
        "text": "realized i forgot to show you guys the\n"
    },
    {
        "number": "101",
        "stopTime": "00:03:47,320",
        "startTime": "00:03:43,660",
        "text": "actual top that goes with it because it\n"
    },
    {
        "number": "102",
        "stopTime": "00:03:47,660",
        "startTime": "00:03:45,850",
        "text": "goes to the top that is also really\n"
    },
    {
        "number": "103",
        "stopTime": "00:03:50,330",
        "startTime": "00:03:47,320",
        "text": "really\n"
    },
    {
        "number": "104",
        "stopTime": "00:03:51,650",
        "startTime": "00:03:47,660",
        "text": "similar to the anime school drop it so I\n"
    },
    {
        "number": "105",
        "stopTime": "00:03:53,090",
        "startTime": "00:03:50,330",
        "text": "have the only thing that's like\n"
    },
    {
        "number": "106",
        "stopTime": "00:03:56,180",
        "startTime": "00:03:51,650",
        "text": "different with it is it's like a bit of\n"
    },
    {
        "number": "107",
        "stopTime": "00:03:59,180",
        "startTime": "00:03:53,090",
        "text": "a longer top right there so yeah also on\n"
    },
    {
        "number": "108",
        "stopTime": "00:04:01,130",
        "startTime": "00:03:56,180",
        "text": "the top it has this little like fabric\n"
    },
    {
        "number": "109",
        "stopTime": "00:04:04,310",
        "startTime": "00:03:59,180",
        "text": "piece instead of just kind of like a\n"
    },
    {
        "number": "110",
        "stopTime": "00:04:06,500",
        "startTime": "00:04:01,130",
        "text": "solid color it has this really cute like\n"
    },
    {
        "number": "111",
        "stopTime": "00:04:12,260",
        "startTime": "00:04:04,310",
        "text": "pattern it's like flowers on it and all\n"
    },
    {
        "number": "112",
        "stopTime": "00:04:15,260",
        "startTime": "00:04:06,500",
        "text": "of that so I got another pair of\n"
    },
    {
        "number": "113",
        "stopTime": "00:04:17,000",
        "startTime": "00:04:12,260",
        "text": "over-the-knee socks and this is another\n"
    },
    {
        "number": "114",
        "stopTime": "00:04:18,680",
        "startTime": "00:04:15,260",
        "text": "pair of over knee socks that are in pink\n"
    },
    {
        "number": "115",
        "stopTime": "00:04:20,989",
        "startTime": "00:04:17,000",
        "text": "these are super cute because they also\n"
    },
    {
        "number": "116",
        "stopTime": "00:04:23,120",
        "startTime": "00:04:18,680",
        "text": "have these little bows on them so you\n"
    },
    {
        "number": "117",
        "stopTime": "00:04:25,940",
        "startTime": "00:04:20,989",
        "text": "can just kind of tie I'm not sure if I\n"
    },
    {
        "number": "118",
        "stopTime": "00:04:28,460",
        "startTime": "00:04:23,120",
        "text": "tied it in the right place like on this\n"
    },
    {
        "number": "119",
        "stopTime": "00:04:31,340",
        "startTime": "00:04:25,940",
        "text": "one I was kind of having some trouble\n"
    },
    {
        "number": "120",
        "stopTime": "00:04:33,410",
        "startTime": "00:04:28,460",
        "text": "like figuring out we are the little\n"
    },
    {
        "number": "121",
        "stopTime": "00:04:34,820",
        "startTime": "00:04:31,340",
        "text": "string thing goes into I feel like I can\n"
    },
    {
        "number": "122",
        "stopTime": "00:04:37,130",
        "startTime": "00:04:33,410",
        "text": "never have too many pairs of these\n"
    },
    {
        "number": "123",
        "stopTime": "00:04:39,080",
        "startTime": "00:04:34,820",
        "text": "software like you so much this pair i\n"
    },
    {
        "number": "124",
        "stopTime": "00:04:40,340",
        "startTime": "00:04:37,130",
        "text": "know that i do have some tied right I\n"
    },
    {
        "number": "125",
        "stopTime": "00:04:43,070",
        "startTime": "00:04:39,080",
        "text": "think when the other ones i may have\n"
    },
    {
        "number": "126",
        "stopTime": "00:04:45,890",
        "startTime": "00:04:40,340",
        "text": "like tie the bow on the wrong side cuz\n"
    },
    {
        "number": "127",
        "stopTime": "00:04:47,060",
        "startTime": "00:04:43,070",
        "text": "oh yeah on these bows you kind of like\n"
    },
    {
        "number": "128",
        "stopTime": "00:04:48,740",
        "startTime": "00:04:45,890",
        "text": "strengthen through these little holes\n"
    },
    {
        "number": "129",
        "stopTime": "00:04:50,780",
        "startTime": "00:04:47,060",
        "text": "you kind of need to go like in and out\n"
    },
    {
        "number": "130",
        "stopTime": "00:04:52,790",
        "startTime": "00:04:48,740",
        "text": "of bowls up but yeah I think they were\n"
    },
    {
        "number": "131",
        "stopTime": "00:04:54,680",
        "startTime": "00:04:50,780",
        "text": "so cute with the ribbon and I really\n"
    },
    {
        "number": "132",
        "stopTime": "00:04:57,230",
        "startTime": "00:04:52,790",
        "text": "liked this power it's just kind of like\n"
    },
    {
        "number": "133",
        "stopTime": "00:04:58,910",
        "startTime": "00:04:54,680",
        "text": "a red head of maroon kind of color\n"
    },
    {
        "number": "134",
        "stopTime": "00:05:00,980",
        "startTime": "00:04:57,230",
        "text": "though the next shirt is this super\n"
    },
    {
        "number": "135",
        "stopTime": "00:05:03,440",
        "startTime": "00:04:58,910",
        "text": "super cute capture I got this is really\n"
    },
    {
        "number": "136",
        "stopTime": "00:05:05,510",
        "startTime": "00:05:00,980",
        "text": "awesome and super adorable just a really\n"
    },
    {
        "number": "137",
        "stopTime": "00:05:07,490",
        "startTime": "00:05:03,440",
        "text": "cute shirt on it with this cat right\n"
    },
    {
        "number": "138",
        "stopTime": "00:05:09,620",
        "startTime": "00:05:05,510",
        "text": "here I said he was really cool wookie\n"
    },
    {
        "number": "139",
        "stopTime": "00:05:13,250",
        "startTime": "00:05:07,490",
        "text": "that it was a really cute shirt so yeah\n"
    },
    {
        "number": "140",
        "stopTime": "00:05:15,290",
        "startTime": "00:05:09,620",
        "text": "that is my cat shirt and then i'll stay\n"
    },
    {
        "number": "141",
        "stopTime": "00:05:18,230",
        "startTime": "00:05:13,250",
        "text": "i got these which these actually look\n"
    },
    {
        "number": "142",
        "stopTime": "00:05:21,560",
        "startTime": "00:05:15,290",
        "text": "like a pair of knee socks or overturning\n"
    },
    {
        "number": "143",
        "stopTime": "00:05:23,350",
        "startTime": "00:05:18,230",
        "text": "socks but these are actually not so\n"
    },
    {
        "number": "144",
        "stopTime": "00:05:25,450",
        "startTime": "00:05:21,560",
        "text": "these are actually appeared\n"
    },
    {
        "number": "145",
        "stopTime": "00:05:27,430",
        "startTime": "00:05:23,350",
        "text": "sighs and I thought these are so cute\n"
    },
    {
        "number": "146",
        "stopTime": "00:05:29,440",
        "startTime": "00:05:25,450",
        "text": "and I just like I gotta get these\n"
    },
    {
        "number": "147",
        "stopTime": "00:05:32,560",
        "startTime": "00:05:27,430",
        "text": "because if you did already notice about\n"
    },
    {
        "number": "148",
        "stopTime": "00:05:34,930",
        "startTime": "00:05:29,440",
        "text": "me which you probably do because got\n"
    },
    {
        "number": "149",
        "stopTime": "00:05:37,720",
        "startTime": "00:05:32,560",
        "text": "like a good amount of him around yep but\n"
    },
    {
        "number": "150",
        "stopTime": "00:05:40,510",
        "startTime": "00:05:34,930",
        "text": "I love Pikachu so much I know he's like\n"
    },
    {
        "number": "151",
        "stopTime": "00:05:42,280",
        "startTime": "00:05:37,720",
        "text": "the most common no pokemon but he's my\n"
    },
    {
        "number": "152",
        "stopTime": "00:05:44,860",
        "startTime": "00:05:40,510",
        "text": "favorite because he's just so adorable\n"
    },
    {
        "number": "153",
        "stopTime": "00:05:46,690",
        "startTime": "00:05:42,280",
        "text": "and I can't help it and I don't do so\n"
    },
    {
        "number": "154",
        "stopTime": "00:05:48,820",
        "startTime": "00:05:44,860",
        "text": "much in the past I've had a long days\n"
    },
    {
        "number": "155",
        "stopTime": "00:05:51,850",
        "startTime": "00:05:46,690",
        "text": "that were like cat penna tights with a\n"
    },
    {
        "number": "156",
        "stopTime": "00:05:54,220",
        "startTime": "00:05:48,820",
        "text": "little cat features and these heads are\n"
    },
    {
        "number": "157",
        "stopTime": "00:05:56,650",
        "startTime": "00:05:51,850",
        "text": "actually Pikachu has that they were so\n"
    },
    {
        "number": "158",
        "stopTime": "00:05:58,570",
        "startTime": "00:05:54,220",
        "text": "cute and they went like fall out with\n"
    },
    {
        "number": "159",
        "stopTime": "00:06:01,930",
        "startTime": "00:05:56,650",
        "text": "these like in the back it's actually\n"
    },
    {
        "number": "160",
        "stopTime": "00:06:04,240",
        "startTime": "00:05:58,570",
        "text": "Pikachu tales do so yeah in the back\n"
    },
    {
        "number": "161",
        "stopTime": "00:06:07,180",
        "startTime": "00:06:01,930",
        "text": "efficient lighting Dale is this just\n"
    },
    {
        "number": "162",
        "stopTime": "00:06:09,760",
        "startTime": "00:06:04,240",
        "text": "kind of a black shirt it's long sleeves\n"
    },
    {
        "number": "163",
        "stopTime": "00:06:13,000",
        "startTime": "00:06:07,180",
        "text": "and if it is really cool but in the back\n"
    },
    {
        "number": "164",
        "stopTime": "00:06:14,860",
        "startTime": "00:06:09,760",
        "text": "it's actually like open credit cut\n"
    },
    {
        "number": "165",
        "stopTime": "00:06:16,480",
        "startTime": "00:06:13,000",
        "text": "really cool this is another skirt that i\n"
    },
    {
        "number": "166",
        "stopTime": "00:06:18,460",
        "startTime": "00:06:14,860",
        "text": "got from there I thought this was such a\n"
    },
    {
        "number": "167",
        "stopTime": "00:06:20,290",
        "startTime": "00:06:16,480",
        "text": "cute skirt it goes pretty go with this\n"
    },
    {
        "number": "168",
        "stopTime": "00:06:22,030",
        "startTime": "00:06:18,460",
        "text": "year actually because I don't know\n"
    },
    {
        "number": "169",
        "stopTime": "00:06:23,890",
        "startTime": "00:06:20,290",
        "text": "they're both black that's kind of on the\n"
    },
    {
        "number": "170",
        "stopTime": "00:06:25,540",
        "startTime": "00:06:22,030",
        "text": "bottom it's kind of more of like this\n"
    },
    {
        "number": "171",
        "stopTime": "00:06:27,190",
        "startTime": "00:06:23,890",
        "text": "grayish color and I was really really\n"
    },
    {
        "number": "172",
        "stopTime": "00:06:30,100",
        "startTime": "00:06:25,540",
        "text": "cool because it's kind of like a layered\n"
    },
    {
        "number": "173",
        "stopTime": "00:06:33,550",
        "startTime": "00:06:27,190",
        "text": "type of skirt and it was super cute\n"
    },
    {
        "number": "174",
        "stopTime": "00:06:37,840",
        "startTime": "00:06:30,100",
        "text": "because it's good the boo right there on\n"
    },
    {
        "number": "175",
        "stopTime": "00:06:40,210",
        "startTime": "00:06:33,550",
        "text": "the side so um yeah this is another\n"
    },
    {
        "number": "176",
        "stopTime": "00:06:41,920",
        "startTime": "00:06:37,840",
        "text": "sweater that i got from this site it's a\n"
    },
    {
        "number": "177",
        "stopTime": "00:06:44,080",
        "startTime": "00:06:40,210",
        "text": "really cute spotted just like a short\n"
    },
    {
        "number": "178",
        "stopTime": "00:06:46,540",
        "startTime": "00:06:41,920",
        "text": "its water it kind of has this cool like\n"
    },
    {
        "number": "179",
        "stopTime": "00:06:49,390",
        "startTime": "00:06:44,080",
        "text": "clearing style so I likes thought about\n"
    },
    {
        "number": "180",
        "stopTime": "00:06:52,980",
        "startTime": "00:06:46,540",
        "text": "it it just kind of has it like that\n"
    },
    {
        "number": "181",
        "stopTime": "00:06:52,980",
        "startTime": "00:06:49,390",
        "text": "throughout the sweater yes\n"
    },
    {
        "number": "182",
        "stopTime": "00:06:58,630",
        "startTime": "00:06:53,760",
        "text": "the next bag is this pink dress I hope\n"
    },
    {
        "number": "183",
        "stopTime": "00:07:00,880",
        "startTime": "00:06:56,919",
        "text": "this pink dress is really really cute\n"
    },
    {
        "number": "184",
        "stopTime": "00:07:03,580",
        "startTime": "00:06:58,630",
        "text": "it's just kind of like this cool kind of\n"
    },
    {
        "number": "185",
        "stopTime": "00:07:05,590",
        "startTime": "00:07:00,880",
        "text": "like sheer material throughout it then\n"
    },
    {
        "number": "186",
        "stopTime": "00:07:07,090",
        "startTime": "00:07:03,580",
        "text": "they said I let you do with it is on the\n"
    },
    {
        "number": "187",
        "stopTime": "00:07:09,280",
        "startTime": "00:07:05,590",
        "text": "side it just kind of came with this\n"
    },
    {
        "number": "188",
        "stopTime": "00:07:11,740",
        "startTime": "00:07:07,090",
        "text": "little tie I don't know if I really did\n"
    },
    {
        "number": "189",
        "stopTime": "00:07:14,290",
        "startTime": "00:07:09,280",
        "text": "like the best job tying it right now so\n"
    },
    {
        "number": "190",
        "stopTime": "00:07:16,060",
        "startTime": "00:07:11,740",
        "text": "it looks kind of weird in some sections\n"
    },
    {
        "number": "191",
        "stopTime": "00:07:18,729",
        "startTime": "00:07:14,290",
        "text": "and that's probably why so sorry about\n"
    },
    {
        "number": "192",
        "stopTime": "00:07:22,720",
        "startTime": "00:07:16,060",
        "text": "that we gotta use kind of tired and then\n"
    },
    {
        "number": "193",
        "stopTime": "00:07:30,220",
        "startTime": "00:07:18,729",
        "text": "makes it fit really good and yeah that's\n"
    },
    {
        "number": "194",
        "stopTime": "00:07:32,110",
        "startTime": "00:07:22,720",
        "text": "this dress this is a white shirt that I\n"
    },
    {
        "number": "195",
        "stopTime": "00:07:33,729",
        "startTime": "00:07:30,220",
        "text": "got from this site I just really like\n"
    },
    {
        "number": "196",
        "stopTime": "00:07:35,410",
        "startTime": "00:07:32,110",
        "text": "specified sure a lot I thought it was a\n"
    },
    {
        "number": "197",
        "stopTime": "00:07:38,080",
        "startTime": "00:07:33,729",
        "text": "really really cool shirt so this shirt\n"
    },
    {
        "number": "198",
        "stopTime": "00:07:40,090",
        "startTime": "00:07:35,410",
        "text": "has a collar on the top as you can see I\n"
    },
    {
        "number": "199",
        "stopTime": "00:07:43,330",
        "startTime": "00:07:38,080",
        "text": "kind of threw here it just kind of has\n"
    },
    {
        "number": "200",
        "stopTime": "00:07:45,970",
        "startTime": "00:07:40,090",
        "text": "all these lines and then yeah so that's\n"
    },
    {
        "number": "201",
        "stopTime": "00:07:48,789",
        "startTime": "00:07:43,330",
        "text": "the shirt it also came with this black\n"
    },
    {
        "number": "202",
        "stopTime": "00:07:51,100",
        "startTime": "00:07:45,970",
        "text": "little ribbon thing but I'm honestly not\n"
    },
    {
        "number": "203",
        "stopTime": "00:07:52,870",
        "startTime": "00:07:48,789",
        "text": "sure exactly it's just how it's supposed\n"
    },
    {
        "number": "204",
        "stopTime": "00:07:54,520",
        "startTime": "00:07:51,100",
        "text": "to be worn I'm probably actually going\n"
    },
    {
        "number": "205",
        "stopTime": "00:07:56,830",
        "startTime": "00:07:52,870",
        "text": "to check the vector in the website from\n"
    },
    {
        "number": "206",
        "stopTime": "00:07:58,150",
        "startTime": "00:07:54,520",
        "text": "when I ordered it and see if I am\n"
    },
    {
        "number": "207",
        "stopTime": "00:08:00,310",
        "startTime": "00:07:56,830",
        "text": "wearing your right cuz I'm not really\n"
    },
    {
        "number": "208",
        "stopTime": "00:08:02,289",
        "startTime": "00:07:58,150",
        "text": "sure if you are so as to where it like\n"
    },
    {
        "number": "209",
        "stopTime": "00:08:03,729",
        "startTime": "00:08:00,310",
        "text": "the way I have on right now I'd remember\n"
    },
    {
        "number": "210",
        "stopTime": "00:08:05,770",
        "startTime": "00:08:02,289",
        "text": "so tie it in a bow or just kind of like\n"
    },
    {
        "number": "211",
        "stopTime": "00:08:08,650",
        "startTime": "00:08:03,729",
        "text": "tie it like that kinda or just us to\n"
    },
    {
        "number": "212",
        "stopTime": "00:08:11,169",
        "startTime": "00:08:05,770",
        "text": "where it is like around your waist high\n"
    },
    {
        "number": "213",
        "stopTime": "00:08:12,729",
        "startTime": "00:08:08,650",
        "text": "early don't know but yeah I really like\n"
    },
    {
        "number": "214",
        "stopTime": "00:08:19,630",
        "startTime": "00:08:11,169",
        "text": "this shirts a lot but it was a really\n"
    },
    {
        "number": "215",
        "stopTime": "00:08:21,820",
        "startTime": "00:08:12,729",
        "text": "cool white shirt so yeah next item I\n"
    },
    {
        "number": "216",
        "stopTime": "00:08:24,669",
        "startTime": "00:08:19,630",
        "text": "thought was really really adorable it's\n"
    },
    {
        "number": "217",
        "stopTime": "00:08:27,160",
        "startTime": "00:08:21,820",
        "text": "super super soft like the material is\n"
    },
    {
        "number": "218",
        "stopTime": "00:08:29,349",
        "startTime": "00:08:24,669",
        "text": "really really nice very warm which is\n"
    },
    {
        "number": "219",
        "stopTime": "00:08:30,770",
        "startTime": "00:08:27,160",
        "text": "awesome could these cute little balls on\n"
    },
    {
        "number": "220",
        "stopTime": "00:08:32,800",
        "startTime": "00:08:29,349",
        "text": "it right here and in something\n"
    },
    {
        "number": "221",
        "stopTime": "00:08:36,169",
        "startTime": "00:08:30,770",
        "text": "I thought was so so with warm with this\n"
    },
    {
        "number": "222",
        "stopTime": "00:08:38,810",
        "startTime": "00:08:32,800",
        "text": "right here let's get this Kitty thought\n"
    },
    {
        "number": "223",
        "stopTime": "00:08:41,270",
        "startTime": "00:08:36,169",
        "text": "that was really really cute oh this big\n"
    },
    {
        "number": "224",
        "stopTime": "00:08:43,339",
        "startTime": "00:08:38,810",
        "text": "also has a hood kind of like had a buddy\n"
    },
    {
        "number": "225",
        "stopTime": "00:08:44,470",
        "startTime": "00:08:41,270",
        "text": "one has a head like this one I think it\n"
    },
    {
        "number": "226",
        "stopTime": "00:08:48,440",
        "startTime": "00:08:43,339",
        "text": "supposed to be some kind of like\n"
    },
    {
        "number": "227",
        "stopTime": "00:08:50,300",
        "startTime": "00:08:44,470",
        "text": "dinosaur monster kind of creature and on\n"
    },
    {
        "number": "228",
        "stopTime": "00:08:53,209",
        "startTime": "00:08:48,440",
        "text": "the back to it doesn't just have these\n"
    },
    {
        "number": "229",
        "stopTime": "00:08:56,120",
        "startTime": "00:08:50,300",
        "text": "ears it also has a tail in the back and\n"
    },
    {
        "number": "230",
        "stopTime": "00:09:03,260",
        "startTime": "00:08:53,209",
        "text": "I love that about this I think it's so\n"
    },
    {
        "number": "231",
        "stopTime": "00:09:05,420",
        "startTime": "00:08:56,120",
        "text": "cute so the next thing that I want to\n"
    },
    {
        "number": "232",
        "stopTime": "00:09:06,829",
        "startTime": "00:09:03,260",
        "text": "show you guys is this light dress I\n"
    },
    {
        "number": "233",
        "stopTime": "00:09:09,980",
        "startTime": "00:09:05,420",
        "text": "thought this is a really really pretty\n"
    },
    {
        "number": "234",
        "stopTime": "00:09:12,260",
        "startTime": "00:09:06,829",
        "text": "white dress it's kind of like a dress\n"
    },
    {
        "number": "235",
        "stopTime": "00:09:14,320",
        "startTime": "00:09:09,980",
        "text": "that you button up right here then on\n"
    },
    {
        "number": "236",
        "stopTime": "00:09:19,370",
        "startTime": "00:09:12,260",
        "text": "the collar it has all these pretty\n"
    },
    {
        "number": "237",
        "stopTime": "00:09:21,740",
        "startTime": "00:09:14,320",
        "text": "jewels so that's there I'll so this bow\n"
    },
    {
        "number": "238",
        "stopTime": "00:09:24,079",
        "startTime": "00:09:19,370",
        "text": "that actually is on the dress actually\n"
    },
    {
        "number": "239",
        "stopTime": "00:09:26,240",
        "startTime": "00:09:21,740",
        "text": "comes separately I think it came with\n"
    },
    {
        "number": "240",
        "stopTime": "00:09:28,520",
        "startTime": "00:09:24,079",
        "text": "the dress but actually is kind of like\n"
    },
    {
        "number": "241",
        "stopTime": "00:09:29,660",
        "startTime": "00:09:26,240",
        "text": "put that on with it and then it makes it\n"
    },
    {
        "number": "242",
        "stopTime": "00:09:32,000",
        "startTime": "00:09:28,520",
        "text": "look a lot better because it definitely\n"
    },
    {
        "number": "243",
        "stopTime": "00:09:35,300",
        "startTime": "00:09:29,660",
        "text": "makes it like it better and all of that\n"
    },
    {
        "number": "244",
        "stopTime": "00:09:40,370",
        "startTime": "00:09:32,000",
        "text": "so yes just like a white dress with a\n"
    },
    {
        "number": "245",
        "stopTime": "00:09:42,649",
        "startTime": "00:09:35,300",
        "text": "black bow the next thing is this kind of\n"
    },
    {
        "number": "246",
        "stopTime": "00:09:44,540",
        "startTime": "00:09:40,370",
        "text": "bluish green little shirt kind of thing\n"
    },
    {
        "number": "247",
        "stopTime": "00:09:47,510",
        "startTime": "00:09:42,649",
        "text": "and yeah I said this was super super\n"
    },
    {
        "number": "248",
        "stopTime": "00:09:49,579",
        "startTime": "00:09:44,540",
        "text": "cute pretty loose and but it's kind of\n"
    },
    {
        "number": "249",
        "stopTime": "00:09:51,290",
        "startTime": "00:09:47,510",
        "text": "meant to be like that and it's really\n"
    },
    {
        "number": "250",
        "stopTime": "00:09:52,579",
        "startTime": "00:09:49,579",
        "text": "really soft like that's something that I\n"
    },
    {
        "number": "251",
        "stopTime": "00:09:55,010",
        "startTime": "00:09:51,290",
        "text": "really like about this website is\n"
    },
    {
        "number": "252",
        "stopTime": "00:09:57,170",
        "startTime": "00:09:52,579",
        "text": "everything was just super soft and cute\n"
    },
    {
        "number": "253",
        "stopTime": "00:10:03,070",
        "startTime": "00:09:55,010",
        "text": "it has all these little flowers on it\n"
    },
    {
        "number": "254",
        "stopTime": "00:10:03,070",
        "startTime": "00:09:57,170",
        "text": "throughout it so yeah that's the shirt\n"
    },
    {
        "number": "255",
        "stopTime": "00:10:10,040",
        "startTime": "00:10:04,870",
        "text": "also i have another pink jacket to show\n"
    },
    {
        "number": "256",
        "stopTime": "00:10:13,070",
        "startTime": "00:10:07,670",
        "text": "you guys it is like super super soft\n"
    },
    {
        "number": "257",
        "stopTime": "00:10:15,350",
        "startTime": "00:10:10,040",
        "text": "it's like this nice free super super\n"
    },
    {
        "number": "258",
        "stopTime": "00:10:19,400",
        "startTime": "00:10:13,070",
        "text": "soft material coolest thing about this\n"
    },
    {
        "number": "259",
        "stopTime": "00:10:21,140",
        "startTime": "00:10:15,350",
        "text": "it has ears up so yay these are sea\n"
    },
    {
        "number": "260",
        "stopTime": "00:10:23,840",
        "startTime": "00:10:19,400",
        "text": "very cute I'm not sure this supposed to\n"
    },
    {
        "number": "261",
        "stopTime": "00:10:26,660",
        "startTime": "00:10:21,140",
        "text": "be like cat ears or wolf ears or what\n"
    },
    {
        "number": "262",
        "stopTime": "00:10:29,770",
        "startTime": "00:10:23,840",
        "text": "exactly but basically anything with\n"
    },
    {
        "number": "263",
        "stopTime": "00:10:32,960",
        "startTime": "00:10:26,660",
        "text": "animal ears I almost always loved it so\n"
    },
    {
        "number": "264",
        "stopTime": "00:10:35,270",
        "startTime": "00:10:29,770",
        "text": "yeah I looked at about this that it had\n"
    },
    {
        "number": "265",
        "stopTime": "00:10:38,780",
        "startTime": "00:10:32,960",
        "text": "these years and it also just has these\n"
    },
    {
        "number": "266",
        "stopTime": "00:10:40,730",
        "startTime": "00:10:35,270",
        "text": "little pig strings here I'm guessing\n"
    },
    {
        "number": "267",
        "stopTime": "00:10:43,010",
        "startTime": "00:10:38,780",
        "text": "these are two just kind of to tie it or\n"
    },
    {
        "number": "268",
        "stopTime": "00:10:44,300",
        "startTime": "00:10:40,730",
        "text": "something I mean it has the buttons to\n"
    },
    {
        "number": "269",
        "stopTime": "00:10:47,720",
        "startTime": "00:10:43,010",
        "text": "you but I guess if he will still want to\n"
    },
    {
        "number": "270",
        "stopTime": "00:10:55,580",
        "startTime": "00:10:44,300",
        "text": "tie it then I don't know but yeah these\n"
    },
    {
        "number": "271",
        "stopTime": "00:10:57,290",
        "startTime": "00:10:47,720",
        "text": "are here this is another way dress that\n"
    },
    {
        "number": "272",
        "stopTime": "00:10:59,330",
        "startTime": "00:10:55,580",
        "text": "I got from this site I just thought this\n"
    },
    {
        "number": "273",
        "stopTime": "00:11:02,690",
        "startTime": "00:10:57,290",
        "text": "was a really cute white dress it's just\n"
    },
    {
        "number": "274",
        "stopTime": "00:11:04,340",
        "startTime": "00:10:59,330",
        "text": "kind of a white dress with some layers I\n"
    },
    {
        "number": "275",
        "stopTime": "00:11:06,260",
        "startTime": "00:11:02,690",
        "text": "guess if you want to call it that I\n"
    },
    {
        "number": "276",
        "stopTime": "00:11:08,570",
        "startTime": "00:11:04,340",
        "text": "don't really know exactly what you call\n"
    },
    {
        "number": "277",
        "stopTime": "00:11:10,400",
        "startTime": "00:11:06,260",
        "text": "it when there's like a layer of a dress\n"
    },
    {
        "number": "278",
        "stopTime": "00:11:14,900",
        "startTime": "00:11:08,570",
        "text": "but that's just what I'm going to call\n"
    },
    {
        "number": "279",
        "stopTime": "00:11:17,210",
        "startTime": "00:11:10,400",
        "text": "it back think it lowers a little bit and\n"
    },
    {
        "number": "280",
        "stopTime": "00:11:20,390",
        "startTime": "00:11:14,900",
        "text": "then yeah this is just a white dress\n"
    },
    {
        "number": "281",
        "stopTime": "00:11:22,190",
        "startTime": "00:11:17,210",
        "text": "that I thought was really cute when I\n"
    },
    {
        "number": "282",
        "stopTime": "00:11:24,080",
        "startTime": "00:11:20,390",
        "text": "saw this pink skirt on the site I\n"
    },
    {
        "number": "283",
        "stopTime": "00:11:25,430",
        "startTime": "00:11:22,190",
        "text": "thought it was super super cute I really\n"
    },
    {
        "number": "284",
        "stopTime": "00:11:27,200",
        "startTime": "00:11:24,080",
        "text": "wanted to get it I really like these\n"
    },
    {
        "number": "285",
        "stopTime": "00:11:29,480",
        "startTime": "00:11:25,430",
        "text": "kind of skirts and dresses and things\n"
    },
    {
        "number": "286",
        "stopTime": "00:11:31,760",
        "startTime": "00:11:27,200",
        "text": "like that really kind of just like filed\n"
    },
    {
        "number": "287",
        "stopTime": "00:11:34,160",
        "startTime": "00:11:29,480",
        "text": "a little bit so then right there there's\n"
    },
    {
        "number": "288",
        "stopTime": "00:11:37,100",
        "startTime": "00:11:31,760",
        "text": "a bow and I'm not really sure honestly\n"
    },
    {
        "number": "289",
        "stopTime": "00:11:40,010",
        "startTime": "00:11:34,160",
        "text": "if this bow is supposed to go in the\n"
    },
    {
        "number": "290",
        "stopTime": "00:11:42,020",
        "startTime": "00:11:37,100",
        "text": "front or the back um it doesn't really\n"
    },
    {
        "number": "291",
        "stopTime": "00:11:43,520",
        "startTime": "00:11:40,010",
        "text": "have like a tag on it like how a lot of\n"
    },
    {
        "number": "292",
        "stopTime": "00:11:46,040",
        "startTime": "00:11:42,020",
        "text": "clothes have so you kind of know what\n"
    },
    {
        "number": "293",
        "stopTime": "00:11:48,710",
        "startTime": "00:11:43,520",
        "text": "site it goes on I really think it really\n"
    },
    {
        "number": "294",
        "stopTime": "00:11:50,330",
        "startTime": "00:11:46,040",
        "text": "can go on wherever you want it to go I\n"
    },
    {
        "number": "295",
        "stopTime": "00:11:53,290",
        "startTime": "00:11:48,710",
        "text": "just kind of liked it with the bow in\n"
    },
    {
        "number": "296",
        "stopTime": "00:11:56,980",
        "startTime": "00:11:50,330",
        "text": "the front so that's why I'm\n"
    },
    {
        "number": "297",
        "stopTime": "00:11:59,380",
        "startTime": "00:11:53,290",
        "text": "to go in the front right now this is\n"
    },
    {
        "number": "298",
        "stopTime": "00:12:01,269",
        "startTime": "00:11:56,980",
        "text": "another pair of tights I got this is\n"
    },
    {
        "number": "299",
        "stopTime": "00:12:03,370",
        "startTime": "00:11:59,380",
        "text": "just basically a black pair of tights\n"
    },
    {
        "number": "300",
        "stopTime": "00:12:05,110",
        "startTime": "00:12:01,269",
        "text": "but they're super super cute because\n"
    },
    {
        "number": "301",
        "stopTime": "00:12:08,350",
        "startTime": "00:12:03,370",
        "text": "they have these little fuzz on them with\n"
    },
    {
        "number": "302",
        "stopTime": "00:12:10,209",
        "startTime": "00:12:05,110",
        "text": "a little jewel all right there and then\n"
    },
    {
        "number": "303",
        "stopTime": "00:12:12,699",
        "startTime": "00:12:08,350",
        "text": "on the top they kind of turned a bit\n"
    },
    {
        "number": "304",
        "stopTime": "00:12:15,069",
        "startTime": "00:12:10,209",
        "text": "more sheer this is another pair of socks\n"
    },
    {
        "number": "305",
        "stopTime": "00:12:17,230",
        "startTime": "00:12:12,699",
        "text": "that I thought and these are black and\n"
    },
    {
        "number": "306",
        "stopTime": "00:12:19,779",
        "startTime": "00:12:15,069",
        "text": "pink striped socks I think that these\n"
    },
    {
        "number": "307",
        "stopTime": "00:12:21,790",
        "startTime": "00:12:17,230",
        "text": "goes super super well with this skirt or\n"
    },
    {
        "number": "308",
        "stopTime": "00:12:23,170",
        "startTime": "00:12:19,779",
        "text": "probably look a lot of stuff that I\n"
    },
    {
        "number": "309",
        "stopTime": "00:12:25,120",
        "startTime": "00:12:21,790",
        "text": "ordered I just really like the\n"
    },
    {
        "number": "310",
        "stopTime": "00:12:27,130",
        "startTime": "00:12:23,170",
        "text": "combination of black and pink I feel\n"
    },
    {
        "number": "311",
        "stopTime": "00:12:30,790",
        "startTime": "00:12:25,120",
        "text": "like those two colors look really good\n"
    },
    {
        "number": "312",
        "stopTime": "00:12:36,339",
        "startTime": "00:12:27,130",
        "text": "together so yeah I really like these\n"
    },
    {
        "number": "313",
        "stopTime": "00:12:37,660",
        "startTime": "00:12:30,790",
        "text": "socks lot so I really like garters even\n"
    },
    {
        "number": "314",
        "stopTime": "00:12:39,339",
        "startTime": "00:12:36,339",
        "text": "though I don't have too many I've always\n"
    },
    {
        "number": "315",
        "stopTime": "00:12:40,899",
        "startTime": "00:12:37,660",
        "text": "thought they were really cool so when I\n"
    },
    {
        "number": "316",
        "stopTime": "00:12:42,550",
        "startTime": "00:12:39,339",
        "text": "saw this when I was like ah this is the\n"
    },
    {
        "number": "317",
        "stopTime": "00:12:44,139",
        "startTime": "00:12:40,899",
        "text": "coolest that I've ever seen past this\n"
    },
    {
        "number": "318",
        "stopTime": "00:12:47,139",
        "startTime": "00:12:42,550",
        "text": "hurts here which I thought was super\n"
    },
    {
        "number": "319",
        "stopTime": "00:12:49,990",
        "startTime": "00:12:44,139",
        "text": "cute and then all throughout it it is\n"
    },
    {
        "number": "320",
        "stopTime": "00:12:52,600",
        "startTime": "00:12:47,139",
        "text": "super super studded I love studs I think\n"
    },
    {
        "number": "321",
        "stopTime": "00:12:54,959",
        "startTime": "00:12:49,990",
        "text": "studs are awesome so yeah that's my\n"
    },
    {
        "number": "322",
        "stopTime": "00:12:54,959",
        "startTime": "00:12:52,600",
        "text": "girder\n"
    },
    {
        "number": "323",
        "stopTime": "00:13:03,000",
        "startTime": "00:12:58,440",
        "text": "[Music]\n"
    },
    {
        "number": "324",
        "stopTime": "00:13:05,279",
        "startTime": "00:13:00,560",
        "text": "this one might be kind of a weird thing\n"
    },
    {
        "number": "325",
        "stopTime": "00:13:07,500",
        "startTime": "00:13:03,000",
        "text": "to stubbing you guys but for some reason\n"
    },
    {
        "number": "326",
        "stopTime": "00:13:10,769",
        "startTime": "00:13:05,279",
        "text": "for a really really long time I've\n"
    },
    {
        "number": "327",
        "stopTime": "00:13:12,810",
        "startTime": "00:13:07,500",
        "text": "wanted an umbrella not really for\n"
    },
    {
        "number": "328",
        "stopTime": "00:13:15,120",
        "startTime": "00:13:10,769",
        "text": "probably the reason that most people\n"
    },
    {
        "number": "329",
        "stopTime": "00:13:17,190",
        "startTime": "00:13:12,810",
        "text": "want an umbrella to like you know stay\n"
    },
    {
        "number": "330",
        "stopTime": "00:13:19,829",
        "startTime": "00:13:15,120",
        "text": "dry in the rain but more like a fashion\n"
    },
    {
        "number": "331",
        "stopTime": "00:13:21,750",
        "startTime": "00:13:17,190",
        "text": "kind of umbrella just because for the\n"
    },
    {
        "number": "332",
        "stopTime": "00:13:23,910",
        "startTime": "00:13:19,829",
        "text": "sake of the looking cool pretty much so\n"
    },
    {
        "number": "333",
        "stopTime": "00:13:25,440",
        "startTime": "00:13:21,750",
        "text": "yeah I ordered an umbrella it actually\n"
    },
    {
        "number": "334",
        "stopTime": "00:13:26,850",
        "startTime": "00:13:23,910",
        "text": "even came with a little umbrella case\n"
    },
    {
        "number": "335",
        "stopTime": "00:13:28,829",
        "startTime": "00:13:25,440",
        "text": "it's really pretty even if it wasn't\n"
    },
    {
        "number": "336",
        "stopTime": "00:13:30,899",
        "startTime": "00:13:26,850",
        "text": "raining I think I think it's kind of\n"
    },
    {
        "number": "337",
        "stopTime": "00:13:33,449",
        "startTime": "00:13:28,829",
        "text": "just like a cool fashion kind of\n"
    },
    {
        "number": "338",
        "stopTime": "00:13:35,550",
        "startTime": "00:13:30,899",
        "text": "umbrella the purple umbrella and then\n"
    },
    {
        "number": "339",
        "stopTime": "00:13:37,529",
        "startTime": "00:13:33,449",
        "text": "the inside is really really awesome it's\n"
    },
    {
        "number": "340",
        "stopTime": "00:13:40,380",
        "startTime": "00:13:35,550",
        "text": "actually kind of like a galaxy umbrella\n"
    },
    {
        "number": "341",
        "stopTime": "00:13:42,300",
        "startTime": "00:13:37,529",
        "text": "not really like the galaxy that everyone\n"
    },
    {
        "number": "342",
        "stopTime": "00:13:44,160",
        "startTime": "00:13:40,380",
        "text": "is obsessed with I like that galaxy two\n"
    },
    {
        "number": "343",
        "stopTime": "00:13:47,339",
        "startTime": "00:13:42,300",
        "text": "that I do it I like like a lot of\n"
    },
    {
        "number": "344",
        "stopTime": "00:13:49,649",
        "startTime": "00:13:44,160",
        "text": "galaxies stuff is cool but um it's kind\n"
    },
    {
        "number": "345",
        "stopTime": "00:13:52,440",
        "startTime": "00:13:47,339",
        "text": "of like a bunch of stars and it's like a\n"
    },
    {
        "number": "346",
        "stopTime": "00:13:54,709",
        "startTime": "00:13:49,649",
        "text": "nice guy there's a moon there's just a\n"
    },
    {
        "number": "347",
        "stopTime": "00:13:56,880",
        "startTime": "00:13:52,440",
        "text": "bunch of stars throughout the inside so\n"
    },
    {
        "number": "348",
        "stopTime": "00:13:59,279",
        "startTime": "00:13:54,709",
        "text": "yeah I thought it was a really really\n"
    },
    {
        "number": "349",
        "stopTime": "00:14:01,470",
        "startTime": "00:13:56,880",
        "text": "cool umbrella next thing is this black\n"
    },
    {
        "number": "350",
        "stopTime": "00:14:04,260",
        "startTime": "00:13:59,279",
        "text": "skirt here this is actually technically\n"
    },
    {
        "number": "351",
        "stopTime": "00:14:09,319",
        "startTime": "00:14:01,470",
        "text": "escorts because it has shorts well this\n"
    },
    {
        "number": "352",
        "stopTime": "00:14:09,319",
        "startTime": "00:14:04,260",
        "text": "but yeah this is just a cute black skirt\n"
    },
    {
        "number": "353",
        "stopTime": "00:14:14,370",
        "startTime": "00:14:09,330",
        "text": "[Music]\n"
    },
    {
        "number": "354",
        "stopTime": "00:14:16,199",
        "startTime": "00:14:11,510",
        "text": "the next thing is really really cute you\n"
    },
    {
        "number": "355",
        "stopTime": "00:14:19,560",
        "startTime": "00:14:14,370",
        "text": "probably can't tell what it is yet but\n"
    },
    {
        "number": "356",
        "stopTime": "00:14:25,319",
        "startTime": "00:14:16,199",
        "text": "it is a yellow hoodie but it's not just\n"
    },
    {
        "number": "357",
        "stopTime": "00:14:27,870",
        "startTime": "00:14:19,560",
        "text": "a yellow hoodie yeah so it's Pikachu yay\n"
    },
    {
        "number": "358",
        "stopTime": "00:14:29,819",
        "startTime": "00:14:25,319",
        "text": "the hood has Pikachu it's got the\n"
    },
    {
        "number": "359",
        "stopTime": "00:14:32,670",
        "startTime": "00:14:27,870",
        "text": "Pikachu years and all of that but on the\n"
    },
    {
        "number": "360",
        "stopTime": "00:14:35,279",
        "startTime": "00:14:29,819",
        "text": "sides here it actually has two what I\n"
    },
    {
        "number": "361",
        "stopTime": "00:14:37,199",
        "startTime": "00:14:32,670",
        "text": "think our paws I know that Pikachu it\n"
    },
    {
        "number": "362",
        "stopTime": "00:14:39,180",
        "startTime": "00:14:35,279",
        "text": "doesn't have paws I think it's just kind\n"
    },
    {
        "number": "363",
        "stopTime": "00:14:41,670",
        "startTime": "00:14:37,199",
        "text": "of supposed to make the jacket look even\n"
    },
    {
        "number": "364",
        "stopTime": "00:14:44,880",
        "startTime": "00:14:39,180",
        "text": "cuter than it already is so yeah those\n"
    },
    {
        "number": "365",
        "stopTime": "00:14:47,639",
        "startTime": "00:14:41,670",
        "text": "are the paws on it and this is my pic\n"
    },
    {
        "number": "366",
        "stopTime": "00:14:50,250",
        "startTime": "00:14:44,880",
        "text": "you honey go by the way guys this is\n"
    },
    {
        "number": "367",
        "stopTime": "00:14:52,170",
        "startTime": "00:14:47,639",
        "text": "really random but I realized that also\n"
    },
    {
        "number": "368",
        "stopTime": "00:14:53,940",
        "startTime": "00:14:50,250",
        "text": "in this package I just I just kind of\n"
    },
    {
        "number": "369",
        "stopTime": "00:14:56,519",
        "startTime": "00:14:52,170",
        "text": "realize this I can't discuss with the\n"
    },
    {
        "number": "370",
        "stopTime": "00:14:58,350",
        "startTime": "00:14:53,940",
        "text": "umbrella because it was in with this and\n"
    },
    {
        "number": "371",
        "stopTime": "00:15:00,240",
        "startTime": "00:14:56,519",
        "text": "the umbrella and there's an app package\n"
    },
    {
        "number": "372",
        "stopTime": "00:15:03,510",
        "startTime": "00:14:58,350",
        "text": "don't really know exactly and you get it\n"
    },
    {
        "number": "373",
        "stopTime": "00:15:06,930",
        "startTime": "00:15:00,240",
        "text": "on or what it even really goes to but it\n"
    },
    {
        "number": "374",
        "stopTime": "00:15:09,500",
        "startTime": "00:15:03,510",
        "text": "is this little cute fair right there\n"
    },
    {
        "number": "375",
        "stopTime": "00:15:14,790",
        "startTime": "00:15:06,930",
        "text": "this bear with like these beads and\n"
    },
    {
        "number": "376",
        "stopTime": "00:15:17,430",
        "startTime": "00:15:09,500",
        "text": "bleep so yeah cap just cute to not show\n"
    },
    {
        "number": "377",
        "stopTime": "00:15:19,170",
        "startTime": "00:15:14,790",
        "text": "you guys besides clothes from this side\n"
    },
    {
        "number": "378",
        "stopTime": "00:15:21,720",
        "startTime": "00:15:17,430",
        "text": "I saw a lot of stuff on this is there\n"
    },
    {
        "number": "379",
        "stopTime": "00:15:24,870",
        "startTime": "00:15:19,170",
        "text": "not to appears choose from this site and\n"
    },
    {
        "number": "380",
        "stopTime": "00:15:26,579",
        "startTime": "00:15:21,720",
        "text": "this is the first pair that I got it's a\n"
    },
    {
        "number": "381",
        "stopTime": "00:15:29,130",
        "startTime": "00:15:24,870",
        "text": "black pair of heels they're basically\n"
    },
    {
        "number": "382",
        "stopTime": "00:15:31,199",
        "startTime": "00:15:26,579",
        "text": "just a black heels and then they have a\n"
    },
    {
        "number": "383",
        "stopTime": "00:15:36,540",
        "startTime": "00:15:29,130",
        "text": "bow right there and I like those a lot\n"
    },
    {
        "number": "384",
        "stopTime": "00:15:38,370",
        "startTime": "00:15:31,199",
        "text": "so you're really pretty and then this\n"
    },
    {
        "number": "385",
        "stopTime": "00:15:41,130",
        "startTime": "00:15:36,540",
        "text": "was the second pair of shoes that I got\n"
    },
    {
        "number": "386",
        "stopTime": "00:15:42,959",
        "startTime": "00:15:38,370",
        "text": "to use are a purple kind of lavender\n"
    },
    {
        "number": "387",
        "stopTime": "00:15:45,000",
        "startTime": "00:15:41,130",
        "text": "kind of color they're kind of similar to\n"
    },
    {
        "number": "388",
        "stopTime": "00:15:47,670",
        "startTime": "00:15:42,959",
        "text": "the other ones to have a bit of a\n"
    },
    {
        "number": "389",
        "stopTime": "00:15:52,949",
        "startTime": "00:15:45,000",
        "text": "thicker heel and then also these also\n"
    },
    {
        "number": "390",
        "stopTime": "00:15:54,269",
        "startTime": "00:15:47,670",
        "text": "the bows on them so those are all the\n"
    },
    {
        "number": "391",
        "stopTime": "00:15:56,550",
        "startTime": "00:15:52,949",
        "text": "items that I wanted to show you guys\n"
    },
    {
        "number": "392",
        "stopTime": "00:15:58,290",
        "startTime": "00:15:54,269",
        "text": "today if you guys liked anything that I\n"
    },
    {
        "number": "393",
        "stopTime": "00:16:00,300",
        "startTime": "00:15:56,550",
        "text": "showed you or if you enjoyed this video\n"
    },
    {
        "number": "394",
        "stopTime": "00:16:02,100",
        "startTime": "00:15:58,290",
        "text": "at all make sure you give this video a\n"
    },
    {
        "number": "395",
        "stopTime": "00:16:04,139",
        "startTime": "00:16:00,300",
        "text": "thumbs up so I know that you liked it\n"
    },
    {
        "number": "396",
        "stopTime": "00:16:04,520",
        "startTime": "00:16:02,100",
        "text": "also subscribe to my youtube channel if\n"
    },
    {
        "number": "397",
        "stopTime": "00:16:06,290",
        "startTime": "00:16:04,139",
        "text": "you want\n"
    },
    {
        "number": "398",
        "stopTime": "00:16:08,180",
        "startTime": "00:16:04,520",
        "text": "no when I post new videos because i post\n"
    },
    {
        "number": "399",
        "stopTime": "00:16:09,890",
        "startTime": "00:16:06,290",
        "text": "new videos a lot you want to click on\n"
    },
    {
        "number": "400",
        "stopTime": "00:16:12,080",
        "startTime": "00:16:08,180",
        "text": "the Val icon and you'll actually be\n"
    },
    {
        "number": "401",
        "stopTime": "00:16:13,820",
        "startTime": "00:16:09,890",
        "text": "notified whenever I post new videos so\n"
    },
    {
        "number": "402",
        "stopTime": "00:16:15,890",
        "startTime": "00:16:12,080",
        "text": "you can watch my videos whenever I post\n"
    },
    {
        "number": "403",
        "stopTime": "00:16:17,840",
        "startTime": "00:16:13,820",
        "text": "new ones thank you guys for watching and\n"
    },
    {
        "number": "404",
        "stopTime": "00:16:22,240",
        "startTime": "00:16:15,890",
        "text": "I love you guys so much I'll see you\n"
    },
    {
        "number": "405",
        "stopTime": "00:16:22,240",
        "startTime": "00:16:17,840",
        "text": "guys in my next video all right bye guys\n"
    },
    {
        "number": "406",
        "stopTime": "00:16:30,759",
        "startTime": "00:16:25,710",
        "text": "[Music]\n"
    }
]