{
    "sentiment_analysis": [
        {
            "positive": [
                {
                    "sentiment": "efficient",
                    "topic": null,
                    "score": 0.84484659729366,
                    "original_text": "but it's efficient",
                    "original_length": 18,
                    "normalized_text": "but it's efficient",
                    "normalized_length": 18,
                    "offset": 1365
                },
                {
                    "sentiment": "also easy",
                    "topic": null,
                    "score": 0.70933685150655,
                    "original_text": "is also easy",
                    "original_length": 12,
                    "normalized_text": "is also easy",
                    "normalized_length": 12,
                    "offset": 1485
                },
                {
                    "sentiment": "another one of those easy numbers",
                    "topic": "64",
                    "score": 0.79233520429398,
                    "original_text": "64 is another one of those easy numbers",
                    "original_length": 39,
                    "normalized_text": "64 is another one of those easy numbers",
                    "normalized_length": 39,
                    "offset": 1705
                },
                {
                    "sentiment": "easy",
                    "topic": null,
                    "score": 0.79233520429398,
                    "original_text": "It's easy",
                    "original_length": 9,
                    "normalized_text": "It's easy",
                    "normalized_length": 9,
                    "offset": 4287
                }
            ],
            "negative": [
                {
                    "sentiment": "difficult",
                    "topic": null,
                    "score": -0.63982045835682,
                    "original_text": "but that's difficult",
                    "original_length": 20,
                    "normalized_text": "but that's difficult",
                    "normalized_length": 20,
                    "offset": 893
                },
                {
                    "sentiment": "gets too long to write",
                    "topic": null,
                    "score": -0.88224907438536,
                    "original_text": "it gets too long to write really",
                    "original_length": 32,
                    "normalized_text": "it gets too long to write really",
                    "normalized_length": 32,
                    "offset": 968
                },
                {
                    "sentiment": "can't understand that easily",
                    "topic": "Humans",
                    "score": -0.7614534295774,
                    "original_text": "Humans can't understand that easily",
                    "original_length": 35,
                    "normalized_text": "Humans can't understand that easily",
                    "normalized_length": 35,
                    "offset": 1294
                },
                {
                    "sentiment": "a ridiculous counting system",
                    "topic": null,
                    "score": -0.60858454666352,
                    "original_text": "That'd be a ridiculous counting system",
                    "original_length": 38,
                    "normalized_text": "That'd be a ridiculous counting system",
                    "normalized_length": 38,
                    "offset": 1616
                },
                {
                    "sentiment": "don't work so well",
                    "topic": null,
                    "score": -0.8291546743629,
                    "original_text": "but they don't work so well",
                    "original_length": 27,
                    "normalized_text": "but they don't work so well",
                    "normalized_length": 27,
                    "offset": 2153
                },
                {
                    "sentiment": "ridiculous",
                    "topic": null,
                    "score": -0.79233520429398,
                    "original_text": "It is ridiculous",
                    "original_length": 16,
                    "normalized_text": "It is ridiculous",
                    "normalized_length": 16,
                    "offset": 3028
                },
                {
                    "sentiment": "a really, really bad idea",
                    "topic": null,
                    "score": -0.96393286906464,
                    "original_text": "it is a really, really bad idea",
                    "original_length": 31,
                    "normalized_text": "it is a really, really bad idea",
                    "normalized_length": 31,
                    "offset": 3889
                },
                {
                    "sentiment": null,
                    "topic": null,
                    "score": -0.22663951924747,
                    "original_text": "wouldn't work",
                    "original_length": 13,
                    "normalized_text": "wouldn't work",
                    "normalized_length": 13,
                    "offset": 4570
                },
                {
                    "sentiment": "Lots of badly designed",
                    "topic": "sites",
                    "score": -0.71235376815297,
                    "original_text": "Lots of badly designed sites",
                    "original_length": 28,
                    "normalized_text": "Lots of badly designed sites",
                    "normalized_length": 28,
                    "offset": 4635
                },
                {
                    "sentiment": "a terrible idea",
                    "topic": null,
                    "score": -0.88224907438536,
                    "original_text": "it is a terrible idea",
                    "original_length": 21,
                    "normalized_text": "it is a terrible idea",
                    "normalized_length": 21,
                    "offset": 4731
                },
                {
                    "sentiment": "ignore",
                    "topic": null,
                    "score": -0.79233520429398,
                    "original_text": "ignore that",
                    "original_length": 11,
                    "normalized_text": "ignore that",
                    "normalized_length": 11,
                    "offset": 6865
                }
            ],
            "aggregate": {
                "sentiment": "negative",
                "score": -0.33015026435975
            }
        }
    ]
}