{
    "sentiment_analysis": [
        {
            "positive": [
                {
                    "sentiment": "care about to",
                    "topic": null,
                    "score": 0.79233520429398,
                    "original_text": "I care about to",
                    "original_length": 15,
                    "normalized_text": "I care about to",
                    "normalized_length": 15,
                    "offset": 126
                },
                {
                    "sentiment": "love",
                    "topic": "cumbers",
                    "score": 0.8401344326865,
                    "original_text": "I love cumbers",
                    "original_length": 14,
                    "normalized_text": "I love cumbers",
                    "normalized_length": 14,
                    "offset": 412
                },
                {
                    "sentiment": "love",
                    "topic": "food",
                    "score": 0.8401344326865,
                    "original_text": "CI love food",
                    "original_length": 12,
                    "normalized_text": "CI love food",
                    "normalized_length": 12,
                    "offset": 462
                },
                {
                    "sentiment": "okay",
                    "topic": null,
                    "score": 0.27488379134326,
                    "original_text": "it's okay a little bit",
                    "original_length": 22,
                    "normalized_text": "it's okay a little bit",
                    "normalized_length": 22,
                    "offset": 722
                },
                {
                    "sentiment": "succeed",
                    "topic": null,
                    "score": 0.79233520429398,
                    "original_text": "succeed it",
                    "original_length": 10,
                    "normalized_text": "succeed it",
                    "normalized_length": 10,
                    "offset": 749
                },
                {
                    "sentiment": "favor gotta wipe off",
                    "topic": null,
                    "score": 0.79233520429398,
                    "original_text": "my fingers Oh favor gotta wipe off",
                    "original_length": 34,
                    "normalized_text": "my fingers Oh favor gotta wipe off",
                    "normalized_length": 34,
                    "offset": 1085
                },
                {
                    "sentiment": "thanks for",
                    "topic": "the confession",
                    "score": 0.78760421502865,
                    "original_text": "thanks for the confession seriously",
                    "original_length": 35,
                    "normalized_text": "thanks for the confession seriously",
                    "normalized_length": 35,
                    "offset": 1811
                },
                {
                    "sentiment": "my favorite",
                    "topic": "favorite rice",
                    "score": 0.97473397747262,
                    "original_text": "favorite rice is my favorite",
                    "original_length": 28,
                    "normalized_text": "favorite rice is my favorite",
                    "normalized_length": 28,
                    "offset": 2329
                },
                {
                    "sentiment": "okay",
                    "topic": null,
                    "score": 0.57345066344102,
                    "original_text": "it's okay",
                    "original_length": 9,
                    "normalized_text": "it's okay",
                    "normalized_length": 9,
                    "offset": 2556
                },
                {
                    "sentiment": "thank you",
                    "topic": null,
                    "score": 0.81406432882078,
                    "original_text": "thank you",
                    "original_length": 9,
                    "normalized_text": "thank you",
                    "normalized_length": 9,
                    "offset": 3157
                },
                {
                    "sentiment": "had any respect for",
                    "topic": null,
                    "score": 0.8956559492582,
                    "original_text": "had any respect for audience",
                    "original_length": 28,
                    "normalized_text": "had any respect for audience",
                    "normalized_length": 28,
                    "offset": 4354
                },
                {
                    "sentiment": "desirable",
                    "topic": "wait findings",
                    "score": 0.71229529207806,
                    "original_text": "desirable wait findings",
                    "original_length": 23,
                    "normalized_text": "desirable wait findings",
                    "normalized_length": 23,
                    "offset": 4652
                },
                {
                    "sentiment": "the lovely",
                    "topic": "insects",
                    "score": 0.74700038636648,
                    "original_text": "the lovely insects",
                    "original_length": 18,
                    "normalized_text": "the lovely insects",
                    "normalized_length": 18,
                    "offset": 5009
                }
            ],
            "negative": [
                {
                    "sentiment": "wrong",
                    "topic": "guys",
                    "score": -0.67489840558231,
                    "original_text": "guys wrong freelee the banana girl",
                    "original_length": 34,
                    "normalized_text": "guys wrong freelee the banana girl",
                    "normalized_length": 34,
                    "offset": 322
                },
                {
                    "sentiment": "suck on",
                    "topic": null,
                    "score": -0.79233520429398,
                    "original_text": "I suck on her act in life",
                    "original_length": 25,
                    "normalized_text": "I suck on her act in life",
                    "normalized_length": 25,
                    "offset": 1663
                },
                {
                    "sentiment": "dead",
                    "topic": null,
                    "score": -0.57345066344102,
                    "original_text": "you being dead",
                    "original_length": 14,
                    "normalized_text": "you being dead",
                    "normalized_length": 14,
                    "offset": 2949
                },
                {
                    "sentiment": "fake",
                    "topic": null,
                    "score": -0.84484659729366,
                    "original_text": "I'm just going to be fake",
                    "original_length": 25,
                    "normalized_text": "I'm just going to be fake",
                    "normalized_length": 25,
                    "offset": 3085
                },
                {
                    "sentiment": "weak little body exploded from the wind",
                    "topic": null,
                    "score": -0.24526815018417,
                    "original_text": "weak little body exploded from the wind",
                    "original_length": 39,
                    "normalized_text": "weak little body exploded from the wind",
                    "normalized_length": 39,
                    "offset": 3230
                },
                {
                    "sentiment": null,
                    "topic": null,
                    "score": -0.33770883713714,
                    "original_text": "I can't answer",
                    "original_length": 14,
                    "normalized_text": "I can't answer",
                    "normalized_length": 14,
                    "offset": 3450
                },
                {
                    "sentiment": "cancerous",
                    "topic": "existence on YouTube",
                    "score": -0.79233520429398,
                    "original_text": "existence on YouTube is cancerous",
                    "original_length": 33,
                    "normalized_text": "existence on YouTube is cancerous",
                    "normalized_length": 33,
                    "offset": 4241
                },
                {
                    "sentiment": "didn't care of",
                    "topic": "start",
                    "score": -0.79233520429398,
                    "original_text": "start didn't care of herself",
                    "original_length": 28,
                    "normalized_text": "start didn't care of herself",
                    "normalized_length": 28,
                    "offset": 4434
                },
                {
                    "sentiment": "shriveled dying",
                    "topic": null,
                    "score": -0.57345066344102,
                    "original_text": "shriveled dying body",
                    "original_length": 20,
                    "normalized_text": "shriveled dying body",
                    "normalized_length": 20,
                    "offset": 4591
                },
                {
                    "sentiment": "trash so",
                    "topic": null,
                    "score": -0.69354674715648,
                    "original_text": "trash so all",
                    "original_length": 12,
                    "normalized_text": "trash so all",
                    "normalized_length": 12,
                    "offset": 4962
                }
            ],
            "aggregate": {
                "sentiment": "positive",
                "score": 0.15290380021506
            }
        }
    ]
}