[
    {
        "number": "1",
        "stopTime": "00:00:05,790",
        "startTime": "00:00:00,000",
        "text": "hi I'm doing a cooking show but first\n"
    },
    {
        "number": "2",
        "stopTime": "00:00:08,370",
        "startTime": "00:00:03,810",
        "text": "I'm gonna do something I care about to\n"
    },
    {
        "number": "3",
        "stopTime": "00:00:10,500",
        "startTime": "00:00:05,790",
        "text": "prove to you guys that I do eat some\n"
    },
    {
        "number": "4",
        "stopTime": "00:00:12,420",
        "startTime": "00:00:08,370",
        "text": "cucumbers are you ready for me to prove\n"
    },
    {
        "number": "5",
        "stopTime": "00:00:18,350",
        "startTime": "00:00:10,500",
        "text": "you guys wrong freelee the banana girl\n"
    },
    {
        "number": "6",
        "stopTime": "00:00:26,310",
        "startTime": "00:00:12,420",
        "text": "in their knees now oh I love cumbers o\n"
    },
    {
        "number": "7",
        "stopTime": "00:00:52,590",
        "startTime": "00:00:18,350",
        "text": "CI love food oh so good for my tummy six\n"
    },
    {
        "number": "8",
        "stopTime": "00:00:56,660",
        "startTime": "00:00:26,310",
        "text": "today I'm gonna cook some stir-fry by\n"
    },
    {
        "number": "9",
        "stopTime": "00:00:56,660",
        "startTime": "00:00:52,590",
        "text": "the way check out my outfit of the day\n"
    },
    {
        "number": "10",
        "stopTime": "00:01:02,479",
        "startTime": "00:00:59,330",
        "text": "[Music]\n"
    },
    {
        "number": "11",
        "stopTime": "00:01:27,080",
        "startTime": "00:01:18,200",
        "text": "it's okay a little bit and succeed it\n"
    },
    {
        "number": "12",
        "stopTime": "00:01:30,150",
        "startTime": "00:01:22,110",
        "text": "down here ok so I just add the name food\n"
    },
    {
        "number": "13",
        "stopTime": "00:01:34,200",
        "startTime": "00:01:27,080",
        "text": "here yeah ok so now we need to add\n"
    },
    {
        "number": "14",
        "stopTime": "00:01:36,540",
        "startTime": "00:01:30,150",
        "text": "flavor me a salt and pepper and onion\n"
    },
    {
        "number": "15",
        "stopTime": "00:01:45,299",
        "startTime": "00:01:34,200",
        "text": "stuff I know I'll just sprinkle water on\n"
    },
    {
        "number": "16",
        "stopTime": "00:01:46,950",
        "startTime": "00:01:36,540",
        "text": "my fingers Oh favor gotta wipe off my\n"
    },
    {
        "number": "17",
        "stopTime": "00:01:49,500",
        "startTime": "00:01:45,299",
        "text": "hand now wouldn't want to absorb the\n"
    },
    {
        "number": "18",
        "stopTime": "00:01:53,070",
        "startTime": "00:01:46,950",
        "text": "water calories hey there just gonna turn\n"
    },
    {
        "number": "19",
        "stopTime": "00:01:54,390",
        "startTime": "00:01:49,500",
        "text": "the burner so while it cooks let's go\n"
    },
    {
        "number": "20",
        "stopTime": "00:01:57,650",
        "startTime": "00:01:53,070",
        "text": "ahead and read tweets from other\n"
    },
    {
        "number": "21",
        "stopTime": "00:02:01,220",
        "startTime": "00:01:54,390",
        "text": "youtubers this tweet you stupid and read\n"
    },
    {
        "number": "22",
        "stopTime": "00:02:04,550",
        "startTime": "00:01:57,650",
        "text": "bitch eat some food that's what we're\n"
    },
    {
        "number": "23",
        "stopTime": "00:02:08,840",
        "startTime": "00:02:01,220",
        "text": "doing on this here I know the one thing\n"
    },
    {
        "number": "24",
        "stopTime": "00:02:10,759",
        "startTime": "00:02:04,550",
        "text": "I suck on her act in life is penis that\n"
    },
    {
        "number": "25",
        "stopTime": "00:02:13,790",
        "startTime": "00:02:08,840",
        "text": "doesn't have anything to do with me but\n"
    },
    {
        "number": "26",
        "stopTime": "00:02:15,350",
        "startTime": "00:02:10,759",
        "text": "thanks for the confession seriously get\n"
    },
    {
        "number": "27",
        "stopTime": "00:02:19,250",
        "startTime": "00:02:13,790",
        "text": "some help you Gina call one eight\n"
    },
    {
        "number": "28",
        "stopTime": "00:02:21,530",
        "startTime": "00:02:15,350",
        "text": "hundred nine 312 237 know how many\n"
    },
    {
        "number": "29",
        "stopTime": "00:02:29,000",
        "startTime": "00:02:19,250",
        "text": "cucumbers do I have to eat to prove to\n"
    },
    {
        "number": "30",
        "stopTime": "00:02:31,910",
        "startTime": "00:02:21,530",
        "text": "you that I don't need hat yummy just go\n"
    },
    {
        "number": "31",
        "stopTime": "00:02:34,580",
        "startTime": "00:02:29,000",
        "text": "scrape it onto the plate there there we\n"
    },
    {
        "number": "32",
        "stopTime": "00:02:45,380",
        "startTime": "00:02:31,910",
        "text": "go everything a day comes the moment of\n"
    },
    {
        "number": "33",
        "stopTime": "00:02:47,510",
        "startTime": "00:02:34,580",
        "text": "truth water favorite rice is my favorite\n"
    },
    {
        "number": "34",
        "stopTime": "00:02:49,370",
        "startTime": "00:02:45,380",
        "text": "oh gotta go to the bathroom you\n"
    },
    {
        "number": "35",
        "stopTime": "00:02:53,500",
        "startTime": "00:02:47,510",
        "text": "shouldn't be concerned I go to the\n"
    },
    {
        "number": "36",
        "stopTime": "00:02:53,500",
        "startTime": "00:02:49,370",
        "text": "bathroom through my mouth so it's okay\n"
    },
    {
        "number": "37",
        "stopTime": "00:03:00,830",
        "startTime": "00:02:56,330",
        "text": "[Music]\n"
    },
    {
        "number": "38",
        "stopTime": "00:03:03,019",
        "startTime": "00:02:58,300",
        "text": "now before we get to dessert let's read\n"
    },
    {
        "number": "39",
        "stopTime": "00:03:04,760",
        "startTime": "00:03:00,830",
        "text": "some more tweets I'm taking bets on when\n"
    },
    {
        "number": "40",
        "stopTime": "00:03:06,920",
        "startTime": "00:03:03,019",
        "text": "that part of the bones you call a body\n"
    },
    {
        "number": "41",
        "stopTime": "00:03:08,600",
        "startTime": "00:03:04,760",
        "text": "is going to fall apart I have a hundred\n"
    },
    {
        "number": "42",
        "stopTime": "00:03:11,720",
        "startTime": "00:03:06,920",
        "text": "dollars on you being dead within a week\n"
    },
    {
        "number": "43",
        "stopTime": "00:03:13,459",
        "startTime": "00:03:08,600",
        "text": "I don't know how to respond to that so\n"
    },
    {
        "number": "44",
        "stopTime": "00:03:16,400",
        "startTime": "00:03:11,720",
        "text": "I'm just going to be fake polite haha\n"
    },
    {
        "number": "45",
        "stopTime": "00:03:18,290",
        "startTime": "00:03:13,459",
        "text": "thank you if I sneezed on you and your\n"
    },
    {
        "number": "46",
        "stopTime": "00:03:20,090",
        "startTime": "00:03:16,400",
        "text": "weak little body exploded from the wind\n"
    },
    {
        "number": "47",
        "stopTime": "00:03:24,590",
        "startTime": "00:03:18,290",
        "text": "pack alone does that count as murder\n"
    },
    {
        "number": "48",
        "stopTime": "00:03:26,930",
        "startTime": "00:03:20,090",
        "text": "barrels I don't know science too well so\n"
    },
    {
        "number": "49",
        "stopTime": "00:03:35,239",
        "startTime": "00:03:24,590",
        "text": "I can't answer me sane and naturally\n"
    },
    {
        "number": "50",
        "stopTime": "00:03:38,090",
        "startTime": "00:03:26,930",
        "text": "skinny so why is your mom so fat i got\n"
    },
    {
        "number": "51",
        "stopTime": "00:03:40,250",
        "startTime": "00:03:35,239",
        "text": "like that question you go girl you don't\n"
    },
    {
        "number": "52",
        "stopTime": "00:03:43,269",
        "startTime": "00:03:38,090",
        "text": "need a man to feed you or anyone for\n"
    },
    {
        "number": "53",
        "stopTime": "00:03:45,769",
        "startTime": "00:03:40,250",
        "text": "that matter because you don't eat\n"
    },
    {
        "number": "54",
        "stopTime": "00:03:49,430",
        "startTime": "00:03:43,269",
        "text": "lolololol even Tom there's no how to\n"
    },
    {
        "number": "55",
        "stopTime": "00:03:51,290",
        "startTime": "00:03:45,769",
        "text": "feed themselves idiot I thought jenna\n"
    },
    {
        "number": "56",
        "stopTime": "00:03:53,480",
        "startTime": "00:03:49,430",
        "text": "Marbles was faced with in that oh my god\n"
    },
    {
        "number": "57",
        "stopTime": "00:03:54,890",
        "startTime": "00:03:51,290",
        "text": "Bernie Sanders tweeted me Eugenia has\n"
    },
    {
        "number": "58",
        "stopTime": "00:03:56,630",
        "startTime": "00:03:53,480",
        "text": "repeatedly been proving the trigger\n"
    },
    {
        "number": "59",
        "stopTime": "00:03:58,489",
        "startTime": "00:03:54,890",
        "text": "young girls to starving themselves her\n"
    },
    {
        "number": "60",
        "stopTime": "00:03:58,700",
        "startTime": "00:03:56,630",
        "text": "existence on YouTube is cancerous and if\n"
    },
    {
        "number": "61",
        "stopTime": "00:04:00,530",
        "startTime": "00:03:58,489",
        "text": "she\n"
    },
    {
        "number": "62",
        "stopTime": "00:04:02,060",
        "startTime": "00:03:58,700",
        "text": "had any respect for audience she would\n"
    },
    {
        "number": "63",
        "stopTime": "00:04:03,800",
        "startTime": "00:04:00,530",
        "text": "either start didn't care of herself her\n"
    },
    {
        "number": "64",
        "stopTime": "00:04:06,280",
        "startTime": "00:04:02,060",
        "text": "stop making her triggering outfit video\n"
    },
    {
        "number": "65",
        "stopTime": "00:04:10,430",
        "startTime": "00:04:03,800",
        "text": "showing off her shriveled dying body\n"
    },
    {
        "number": "66",
        "stopTime": "00:04:13,580",
        "startTime": "00:04:06,280",
        "text": "today desirable wait findings on this\n"
    },
    {
        "number": "67",
        "stopTime": "00:04:15,560",
        "startTime": "00:04:10,430",
        "text": "part of me okay so what I do to eat\n"
    },
    {
        "number": "68",
        "stopTime": "00:04:38,840",
        "startTime": "00:04:13,580",
        "text": "dessert is this stop going to take a\n"
    },
    {
        "number": "69",
        "stopTime": "00:04:42,830",
        "startTime": "00:04:15,560",
        "text": "ziplock baggie and when you're done with\n"
    },
    {
        "number": "70",
        "stopTime": "00:04:46,040",
        "startTime": "00:04:38,840",
        "text": "the surgery just throw away trash so all\n"
    },
    {
        "number": "71",
        "stopTime": "00:04:47,810",
        "startTime": "00:04:42,830",
        "text": "the lovely insects can eat it right in a\n"
    },
    {
        "number": "72",
        "stopTime": "00:04:57,979",
        "startTime": "00:04:46,040",
        "text": "mine gene can we stay\n"
    },
    {
        "number": "73",
        "stopTime": "00:04:57,979",
        "startTime": "00:04:47,810",
        "text": "[Music]\n"
    }
]