{
    "sentiment_analysis": [
        {
            "positive": [
                {
                    "sentiment": "all right",
                    "topic": "Sean your first painting",
                    "score": 0.44967954454409,
                    "original_text": "all right Sean your first painting",
                    "original_length": 34,
                    "normalized_text": "all right Sean your first painting",
                    "normalized_length": 34,
                    "offset": 91
                },
                {
                    "sentiment": "love",
                    "topic": null,
                    "score": 0.8401344326865,
                    "original_text": "love you",
                    "original_length": 8,
                    "normalized_text": "love you",
                    "normalized_length": 8,
                    "offset": 423
                },
                {
                    "sentiment": "cares",
                    "topic": null,
                    "score": 0.79233520429398,
                    "original_text": "who cares",
                    "original_length": 9,
                    "normalized_text": "who cares",
                    "normalized_length": 9,
                    "offset": 655
                },
                {
                    "sentiment": "care about",
                    "topic": null,
                    "score": 0.79233520429398,
                    "original_text": "I care about you",
                    "original_length": 16,
                    "normalized_text": "I care about you",
                    "normalized_length": 16,
                    "offset": 841
                },
                {
                    "sentiment": "love",
                    "topic": null,
                    "score": 0.76532426517104,
                    "original_text": "because I love you",
                    "original_length": 18,
                    "normalized_text": "because I love you",
                    "normalized_length": 18,
                    "offset": 873
                },
                {
                    "sentiment": "still alive",
                    "topic": null,
                    "score": 0.57345066344102,
                    "original_text": "you're still alive",
                    "original_length": 18,
                    "normalized_text": "you're still alive",
                    "normalized_length": 18,
                    "offset": 947
                },
                {
                    "sentiment": "right well look for",
                    "topic": null,
                    "score": 0.77418135736804,
                    "original_text": "right well look for an outlet",
                    "original_length": 29,
                    "normalized_text": "right well look for an outlet",
                    "normalized_length": 29,
                    "offset": 2015
                },
                {
                    "sentiment": "okay",
                    "topic": "kid",
                    "score": 0.41366197954986,
                    "original_text": "okay kid",
                    "original_length": 8,
                    "normalized_text": "okay kid",
                    "normalized_length": 8,
                    "offset": 2348
                },
                {
                    "sentiment": "too easy so easy",
                    "topic": null,
                    "score": 0.9635477927065,
                    "original_text": "it was too easy so easy",
                    "original_length": 23,
                    "normalized_text": "it was too easy so easy",
                    "normalized_length": 23,
                    "offset": 2533
                },
                {
                    "sentiment": "of delicious",
                    "topic": "tea",
                    "score": 0.67489840558231,
                    "original_text": "of delicious tea",
                    "original_length": 16,
                    "normalized_text": "of delicious tea",
                    "normalized_length": 16,
                    "offset": 2587
                },
                {
                    "sentiment": "enjoy",
                    "topic": "this cup of tea",
                    "score": 0.83035851058597,
                    "original_text": "enjoy this cup of tea",
                    "original_length": 21,
                    "normalized_text": "enjoy this cup of tea",
                    "normalized_length": 21,
                    "offset": 2611
                },
                {
                    "sentiment": "too easy",
                    "topic": null,
                    "score": 0.79233520429398,
                    "original_text": "it was too easy",
                    "original_length": 15,
                    "normalized_text": "it was too easy",
                    "normalized_length": 15,
                    "offset": 2705
                },
                {
                    "sentiment": "delicious",
                    "topic": "tea",
                    "score": 0.67489840558231,
                    "original_text": "delicious tea",
                    "original_length": 13,
                    "normalized_text": "delicious tea",
                    "normalized_length": 13,
                    "offset": 2763
                },
                {
                    "sentiment": "can enjoy",
                    "topic": "this cup",
                    "score": 0.54101925645417,
                    "original_text": "I can enjoy this cup",
                    "original_length": 20,
                    "normalized_text": "I can enjoy this cup",
                    "normalized_length": 20,
                    "offset": 2777
                },
                {
                    "sentiment": "so thank",
                    "topic": null,
                    "score": 0.84999963351483,
                    "original_text": "more like tea so thank you",
                    "original_length": 26,
                    "normalized_text": "more like tea so thank you",
                    "normalized_length": 26,
                    "offset": 3352
                }
            ],
            "negative": [
                {
                    "sentiment": "the hell",
                    "topic": null,
                    "score": -0.93751209034507,
                    "original_text": "what the hell",
                    "original_length": 13,
                    "normalized_text": "what the hell",
                    "normalized_length": 13,
                    "offset": 8
                },
                {
                    "sentiment": "attack",
                    "topic": null,
                    "score": -0.67489840558231,
                    "original_text": "attack him",
                    "original_length": 10,
                    "normalized_text": "attack him",
                    "normalized_length": 10,
                    "offset": 316
                },
                {
                    "sentiment": "don't care about",
                    "topic": null,
                    "score": -0.79233520429398,
                    "original_text": "I don't care about",
                    "original_length": 18,
                    "normalized_text": "I don't care about",
                    "normalized_length": 18,
                    "offset": 768
                },
                {
                    "sentiment": "don't care about",
                    "topic": null,
                    "score": -0.79233520429398,
                    "original_text": "I don't care about",
                    "original_length": 18,
                    "normalized_text": "I don't care about",
                    "normalized_length": 18,
                    "offset": 800
                },
                {
                    "sentiment": "isn't funny",
                    "topic": null,
                    "score": -0.70933685150655,
                    "original_text": "this isn't funny",
                    "original_length": 16,
                    "normalized_text": "this isn't funny",
                    "normalized_length": 16,
                    "offset": 922
                },
                {
                    "sentiment": "damn",
                    "topic": null,
                    "score": -0.83035851058597,
                    "original_text": "sprite damn it",
                    "original_length": 14,
                    "normalized_text": "sprite damn it",
                    "normalized_length": 14,
                    "offset": 1146
                },
                {
                    "sentiment": "the hell",
                    "topic": null,
                    "score": -0.93751209034507,
                    "original_text": "what the hell",
                    "original_length": 13,
                    "normalized_text": "what the hell",
                    "normalized_length": 13,
                    "offset": 1445
                },
                {
                    "sentiment": "racist",
                    "topic": null,
                    "score": -0.79233520429398,
                    "original_text": "that is racist",
                    "original_length": 14,
                    "normalized_text": "that is racist",
                    "normalized_length": 14,
                    "offset": 1469
                },
                {
                    "sentiment": "racist",
                    "topic": "basketball coach",
                    "score": -0.62801457251814,
                    "original_text": "racist basketball coach",
                    "original_length": 23,
                    "normalized_text": "racist basketball coach",
                    "normalized_length": 23,
                    "offset": 1690
                },
                {
                    "sentiment": "damn",
                    "topic": null,
                    "score": -0.83035851058597,
                    "original_text": "damn it",
                    "original_length": 7,
                    "normalized_text": "damn it",
                    "normalized_length": 7,
                    "offset": 1835
                },
                {
                    "sentiment": "worried",
                    "topic": null,
                    "score": -0.70933685150655,
                    "original_text": "being worried",
                    "original_length": 13,
                    "normalized_text": "being worried",
                    "normalized_length": 13,
                    "offset": 2656
                },
                {
                    "sentiment": "interrupted",
                    "topic": null,
                    "score": -0.57345066344102,
                    "original_text": "interrupted mid sense",
                    "original_length": 21,
                    "normalized_text": "interrupted mid sense",
                    "normalized_length": 21,
                    "offset": 2683
                },
                {
                    "sentiment": "interrupted",
                    "topic": null,
                    "score": -0.57345066344102,
                    "original_text": "interrupted mid-set wipe yourself",
                    "original_length": 33,
                    "normalized_text": "interrupted mid-set wipe yourself",
                    "normalized_length": 33,
                    "offset": 2835
                },
                {
                    "sentiment": "lethal",
                    "topic": "weapon to reference",
                    "score": -0.62801457251814,
                    "original_text": "lethal weapon to reference",
                    "original_length": 26,
                    "normalized_text": "lethal weapon to reference",
                    "normalized_length": 26,
                    "offset": 3038
                }
            ],
            "aggregate": {
                "sentiment": "mixed",
                "score": 0.010996912579684
            }
        }
    ]
}