[
    {
        "number": "1",
        "stopTime": "00:00:31,010",
        "startTime": "00:00:00,000",
        "text": "oh dude what the hell what so hard you\n"
    },
    {
        "number": "2",
        "stopTime": "00:00:31,010",
        "startTime": "00:00:27,720",
        "text": "blocked it oh yeah Oh\n"
    },
    {
        "number": "3",
        "stopTime": "00:01:09,590",
        "startTime": "00:01:06,229",
        "text": "nips McGee\n"
    },
    {
        "number": "4",
        "stopTime": "00:01:35,700",
        "startTime": "00:01:32,340",
        "text": "nips McGee\n"
    },
    {
        "number": "5",
        "stopTime": "00:02:58,140",
        "startTime": "00:02:56,140",
        "text": "Oh\n"
    },
    {
        "number": "6",
        "stopTime": "00:03:30,090",
        "startTime": "00:03:26,840",
        "text": "all right Sean your first painting as\n"
    },
    {
        "number": "7",
        "stopTime": "00:03:31,950",
        "startTime": "00:03:29,310",
        "text": "far as you can\n"
    },
    {
        "number": "8",
        "stopTime": "00:03:34,650",
        "startTime": "00:03:30,090",
        "text": "great give him a karate chop Randy's\n"
    },
    {
        "number": "9",
        "stopTime": "00:03:40,349",
        "startTime": "00:03:31,950",
        "text": "neck all right you kick a - groin you're\n"
    },
    {
        "number": "10",
        "stopTime": "00:03:41,970",
        "startTime": "00:03:34,650",
        "text": "gonna squeeze its hardest no no you know\n"
    },
    {
        "number": "11",
        "stopTime": "00:03:45,230",
        "startTime": "00:03:40,349",
        "text": "what that I did hey guys why don't we\n"
    },
    {
        "number": "12",
        "stopTime": "00:03:45,230",
        "startTime": "00:03:41,970",
        "text": "just all attack him at the same time\n"
    },
    {
        "number": "13",
        "stopTime": "00:05:26,139",
        "startTime": "00:05:21,569",
        "text": "Ryan not gonna make You Gino you talk\n"
    },
    {
        "number": "14",
        "stopTime": "00:05:30,960",
        "startTime": "00:05:24,250",
        "text": "like that I never told you anything I\n"
    },
    {
        "number": "15",
        "stopTime": "00:05:36,330",
        "startTime": "00:05:26,139",
        "text": "love you had to tell you before right\n"
    },
    {
        "number": "16",
        "stopTime": "00:05:38,940",
        "startTime": "00:05:30,960",
        "text": "no Ryan not gonna make it gene you talk\n"
    },
    {
        "number": "17",
        "stopTime": "00:05:41,250",
        "startTime": "00:05:36,330",
        "text": "like that I never told you even left the\n"
    },
    {
        "number": "18",
        "stopTime": "00:05:42,990",
        "startTime": "00:05:38,940",
        "text": "soda can in the freezer ray left a can\n"
    },
    {
        "number": "19",
        "stopTime": "00:05:45,840",
        "startTime": "00:05:41,250",
        "text": "of soda in the freezer you don't take it\n"
    },
    {
        "number": "20",
        "stopTime": "00:05:47,430",
        "startTime": "00:05:42,990",
        "text": "out it's gonna explode what who cares\n"
    },
    {
        "number": "21",
        "stopTime": "00:05:49,050",
        "startTime": "00:05:45,840",
        "text": "about that you've just been shot don't\n"
    },
    {
        "number": "22",
        "stopTime": "00:05:50,220",
        "startTime": "00:05:47,430",
        "text": "understand if you don't take it out it's\n"
    },
    {
        "number": "23",
        "stopTime": "00:05:51,930",
        "startTime": "00:05:49,050",
        "text": "gonna go everything I don't care about\n"
    },
    {
        "number": "24",
        "stopTime": "00:05:55,110",
        "startTime": "00:05:50,220",
        "text": "the freezer I don't care about a stupid\n"
    },
    {
        "number": "25",
        "stopTime": "00:05:59,160",
        "startTime": "00:05:51,930",
        "text": "can of coke I care about you coke from\n"
    },
    {
        "number": "26",
        "stopTime": "00:06:01,319",
        "startTime": "00:05:55,110",
        "text": "him because I love you what what are you\n"
    },
    {
        "number": "27",
        "stopTime": "00:06:03,090",
        "startTime": "00:05:59,160",
        "text": "doing Ryan this isn't funny I know\n"
    },
    {
        "number": "28",
        "stopTime": "00:06:05,220",
        "startTime": "00:06:01,319",
        "text": "you're still alive I can feel your pulse\n"
    },
    {
        "number": "29",
        "stopTime": "00:06:06,720",
        "startTime": "00:06:03,090",
        "text": "you know what even if you do live\n"
    },
    {
        "number": "30",
        "stopTime": "00:06:08,340",
        "startTime": "00:06:05,220",
        "text": "through this don't expect me to be\n"
    },
    {
        "number": "31",
        "stopTime": "00:06:09,810",
        "startTime": "00:06:06,720",
        "text": "around anymore and I hope that stupid\n"
    },
    {
        "number": "32",
        "stopTime": "00:06:23,280",
        "startTime": "00:06:08,340",
        "text": "coke does explode in your freezer you\n"
    },
    {
        "number": "33",
        "stopTime": "00:06:25,229",
        "startTime": "00:06:09,810",
        "text": "jerk g2 sprite damn it Charlie is the\n"
    },
    {
        "number": "34",
        "stopTime": "00:06:27,509",
        "startTime": "00:06:23,280",
        "text": "blue one or the red one just caught red\n"
    },
    {
        "number": "35",
        "stopTime": "00:06:29,250",
        "startTime": "00:06:25,229",
        "text": "blue white black which one anyone cut\n"
    },
    {
        "number": "36",
        "stopTime": "00:06:30,810",
        "startTime": "00:06:27,509",
        "text": "the way no again it can't be the white\n"
    },
    {
        "number": "37",
        "stopTime": "00:06:32,580",
        "startTime": "00:06:29,250",
        "text": "one Charlie cook then cut the blue one\n"
    },
    {
        "number": "38",
        "stopTime": "00:06:34,139",
        "startTime": "00:06:30,810",
        "text": "it's not the blue one either red Telling\n"
    },
    {
        "number": "39",
        "stopTime": "00:06:36,180",
        "startTime": "00:06:32,580",
        "text": "You Charlie it's not the red and it has\n"
    },
    {
        "number": "40",
        "stopTime": "00:06:38,639",
        "startTime": "00:06:34,139",
        "text": "to be the black one whoa what the hell\n"
    },
    {
        "number": "41",
        "stopTime": "00:06:40,110",
        "startTime": "00:06:36,180",
        "text": "man what that is racist what I think\n"
    },
    {
        "number": "42",
        "stopTime": "00:06:41,400",
        "startTime": "00:06:38,639",
        "text": "just because it's the black one that's\n"
    },
    {
        "number": "43",
        "stopTime": "00:06:42,810",
        "startTime": "00:06:40,110",
        "text": "the one that needs to be cut what are\n"
    },
    {
        "number": "44",
        "stopTime": "00:06:44,039",
        "startTime": "00:06:41,400",
        "text": "you talking about that was the last one\n"
    },
    {
        "number": "45",
        "stopTime": "00:06:45,240",
        "startTime": "00:06:42,810",
        "text": "I told you to cut you should hear\n"
    },
    {
        "number": "46",
        "stopTime": "00:06:47,130",
        "startTime": "00:06:44,039",
        "text": "yourself right now you sound like a\n"
    },
    {
        "number": "47",
        "stopTime": "00:06:49,530",
        "startTime": "00:06:45,240",
        "text": "racist basketball coach listen we are\n"
    },
    {
        "number": "48",
        "stopTime": "00:06:53,780",
        "startTime": "00:06:47,130",
        "text": "running out of time just cut a quiet\n"
    },
    {
        "number": "49",
        "stopTime": "00:06:53,780",
        "startTime": "00:06:49,530",
        "text": "line this was your choice not mine\n"
    },
    {
        "number": "50",
        "stopTime": "00:07:01,330",
        "startTime": "00:06:57,100",
        "text": "you did it I did it you did it\n"
    },
    {
        "number": "51",
        "stopTime": "00:07:05,600",
        "startTime": "00:07:01,900",
        "text": "damn it Charlie is the blue one of the\n"
    },
    {
        "number": "52",
        "stopTime": "00:07:07,370",
        "startTime": "00:07:04,130",
        "text": "red don't cut any of them just flip it\n"
    },
    {
        "number": "53",
        "stopTime": "00:07:07,940",
        "startTime": "00:07:05,600",
        "text": "over flip it over okay take out the\n"
    },
    {
        "number": "54",
        "stopTime": "00:07:09,680",
        "startTime": "00:07:07,370",
        "text": "batteries\n"
    },
    {
        "number": "55",
        "stopTime": "00:07:11,389",
        "startTime": "00:07:07,940",
        "text": "all right the batteries out still climb\n"
    },
    {
        "number": "56",
        "stopTime": "00:07:14,300",
        "startTime": "00:07:09,680",
        "text": "down - all right well look for an outlet\n"
    },
    {
        "number": "57",
        "stopTime": "00:07:17,810",
        "startTime": "00:07:11,389",
        "text": "around got it plugged in yes okay so\n"
    },
    {
        "number": "58",
        "stopTime": "00:07:19,490",
        "startTime": "00:07:14,300",
        "text": "unplug it still counting down Charlie\n"
    },
    {
        "number": "59",
        "stopTime": "00:07:22,250",
        "startTime": "00:07:17,810",
        "text": "humming all right listen okay I want you\n"
    },
    {
        "number": "60",
        "stopTime": "00:07:24,290",
        "startTime": "00:07:19,490",
        "text": "to just cut all the wires at once what\n"
    },
    {
        "number": "61",
        "stopTime": "00:07:25,729",
        "startTime": "00:07:22,250",
        "text": "wires or what makes it work if you cut\n"
    },
    {
        "number": "62",
        "stopTime": "00:07:27,320",
        "startTime": "00:07:24,290",
        "text": "them all at once it'll probably mess\n"
    },
    {
        "number": "63",
        "stopTime": "00:07:27,949",
        "startTime": "00:07:25,729",
        "text": "something up are you crazy I'm not gonna\n"
    },
    {
        "number": "64",
        "stopTime": "00:07:41,780",
        "startTime": "00:07:27,320",
        "text": "do that\n"
    },
    {
        "number": "65",
        "stopTime": "00:07:44,720",
        "startTime": "00:07:27,949",
        "text": "I'm just Yolo okay kid you did it okay\n"
    },
    {
        "number": "66",
        "stopTime": "00:07:47,530",
        "startTime": "00:07:41,780",
        "text": "so now the alarm clock is off what what\n"
    },
    {
        "number": "67",
        "stopTime": "00:07:47,530",
        "startTime": "00:07:44,720",
        "text": "do you want me to do with the bomb\n"
    },
    {
        "number": "68",
        "stopTime": "00:08:12,640",
        "startTime": "00:08:08,440",
        "text": "get up against the wall turn around\n"
    },
    {
        "number": "69",
        "stopTime": "00:08:24,319",
        "startTime": "00:08:15,770",
        "text": "yeah hold on you know I expected a long\n"
    },
    {
        "number": "70",
        "stopTime": "00:08:26,990",
        "startTime": "00:08:19,669",
        "text": "one it was too easy so easy that I can\n"
    },
    {
        "number": "71",
        "stopTime": "00:08:29,150",
        "startTime": "00:08:24,319",
        "text": "pour myself a cup of delicious tea I can\n"
    },
    {
        "number": "72",
        "stopTime": "00:08:30,500",
        "startTime": "00:08:26,990",
        "text": "enjoy this cup of tea carefree without\n"
    },
    {
        "number": "73",
        "stopTime": "00:08:36,229",
        "startTime": "00:08:29,150",
        "text": "even being worried about being\n"
    },
    {
        "number": "74",
        "stopTime": "00:08:38,450",
        "startTime": "00:08:30,500",
        "text": "interrupted mid sense it was too easy so\n"
    },
    {
        "number": "75",
        "stopTime": "00:08:40,580",
        "startTime": "00:08:36,229",
        "text": "easy that I can pour myself a cup of\n"
    },
    {
        "number": "76",
        "stopTime": "00:08:42,320",
        "startTime": "00:08:38,450",
        "text": "delicious tea I can enjoy this cup of\n"
    },
    {
        "number": "77",
        "stopTime": "00:09:02,810",
        "startTime": "00:08:40,580",
        "text": "tea carefree without even being\n"
    },
    {
        "number": "78",
        "stopTime": "00:09:03,350",
        "startTime": "00:08:42,320",
        "text": "interrupted mid-set wipe yourself off\n"
    },
    {
        "number": "79",
        "stopTime": "00:09:09,430",
        "startTime": "00:09:02,810",
        "text": "man\n"
    },
    {
        "number": "80",
        "stopTime": "00:09:11,779",
        "startTime": "00:09:03,350",
        "text": "you did without even being interrupted\n"
    },
    {
        "number": "81",
        "stopTime": "00:09:14,270",
        "startTime": "00:09:09,430",
        "text": "mid-sentence wipe yourself off man\n"
    },
    {
        "number": "82",
        "stopTime": "00:09:17,540",
        "startTime": "00:09:11,779",
        "text": "you did are you supposed to say that\n"
    },
    {
        "number": "83",
        "stopTime": "00:09:19,220",
        "startTime": "00:09:14,270",
        "text": "after issue is Justin riffle again I get\n"
    },
    {
        "number": "84",
        "stopTime": "00:09:21,709",
        "startTime": "00:09:17,540",
        "text": "to lethal weapon to reference but that's\n"
    },
    {
        "number": "85",
        "stopTime": "00:09:23,180",
        "startTime": "00:09:19,220",
        "text": "supposed to happen long live the king\n"
    },
    {
        "number": "86",
        "stopTime": "00:09:25,070",
        "startTime": "00:09:21,709",
        "text": "okay well that would actually did happen\n"
    },
    {
        "number": "87",
        "stopTime": "00:09:29,620",
        "startTime": "00:09:23,180",
        "text": "before the kill but my king doesn't\n"
    },
    {
        "number": "88",
        "stopTime": "00:09:42,920",
        "startTime": "00:09:25,070",
        "text": "really have nothing to do ah tea huh\n"
    },
    {
        "number": "89",
        "stopTime": "00:09:44,810",
        "startTime": "00:09:29,620",
        "text": "we're like teehee okay so now the alarm\n"
    },
    {
        "number": "90",
        "stopTime": "00:09:51,820",
        "startTime": "00:09:42,920",
        "text": "clock is off what what do you want me to\n"
    },
    {
        "number": "91",
        "stopTime": "00:09:51,820",
        "startTime": "00:09:44,810",
        "text": "do with the bomb too easy\n"
    },
    {
        "number": "92",
        "stopTime": "00:10:12,900",
        "startTime": "00:10:05,750",
        "text": "tea huh\n"
    },
    {
        "number": "93",
        "stopTime": "00:10:14,310",
        "startTime": "00:10:07,380",
        "text": "more like tea so thank you guys again so\n"
    },
    {
        "number": "94",
        "stopTime": "00:10:15,570",
        "startTime": "00:10:12,900",
        "text": "much for watching if you want to see the\n"
    },
    {
        "number": "95",
        "stopTime": "00:10:16,590",
        "startTime": "00:10:14,310",
        "text": "behind the scenes in bloopers click the\n"
    },
    {
        "number": "96",
        "stopTime": "00:10:18,480",
        "startTime": "00:10:15,570",
        "text": "one on the left if you want to see the\n"
    },
    {
        "number": "97",
        "stopTime": "00:10:19,770",
        "startTime": "00:10:16,590",
        "text": "last expectations vs. reality I think it\n"
    },
    {
        "number": "98",
        "stopTime": "00:10:22,260",
        "startTime": "00:10:18,480",
        "text": "was like relationships or something like\n"
    },
    {
        "number": "99",
        "stopTime": "00:10:27,380",
        "startTime": "00:10:19,770",
        "text": "the one on the right and that's all\n"
    },
    {
        "number": "100",
        "stopTime": "00:10:27,380",
        "startTime": "00:10:22,260",
        "text": "there is to clicked today so yeah\n"
    }
]