[
    {
        "number": "1",
        "stopTime": "00:00:03,270",
        "startTime": "00:00:00,000",
        "text": "hey there I haven't made a video on\n"
    },
    {
        "number": "2",
        "stopTime": "00:00:05,190",
        "startTime": "00:00:01,410",
        "text": "eugenia cooney's weight in months my\n"
    },
    {
        "number": "3",
        "stopTime": "00:00:06,420",
        "startTime": "00:00:03,270",
        "text": "videos on Eugenia Cooney always do very\n"
    },
    {
        "number": "4",
        "stopTime": "00:00:07,890",
        "startTime": "00:00:05,190",
        "text": "well so as a person who's concerned\n"
    },
    {
        "number": "5",
        "stopTime": "00:00:09,420",
        "startTime": "00:00:06,420",
        "text": "about Eugenie's health and a person who\n"
    },
    {
        "number": "6",
        "stopTime": "00:00:10,469",
        "startTime": "00:00:07,890",
        "text": "wants to make successful videos I'd like\n"
    },
    {
        "number": "7",
        "stopTime": "00:00:13,219",
        "startTime": "00:00:09,420",
        "text": "to take the opportunity to publicly\n"
    },
    {
        "number": "8",
        "stopTime": "00:00:15,299",
        "startTime": "00:00:10,469",
        "text": "check up on her now type in Eugenia\n"
    },
    {
        "number": "9",
        "stopTime": "00:00:17,160",
        "startTime": "00:00:13,219",
        "text": "Cooney there she is over a million\n"
    },
    {
        "number": "10",
        "stopTime": "00:00:18,420",
        "startTime": "00:00:15,299",
        "text": "subscribers partially no doubt thanks to\n"
    },
    {
        "number": "11",
        "stopTime": "00:00:19,859",
        "startTime": "00:00:17,160",
        "text": "me I mean one of my videos on her got\n"
    },
    {
        "number": "12",
        "stopTime": "00:00:21,449",
        "startTime": "00:00:18,420",
        "text": "over three million views some of those\n"
    },
    {
        "number": "13",
        "stopTime": "00:00:22,830",
        "startTime": "00:00:19,859",
        "text": "viewers had to translate to subscribers\n"
    },
    {
        "number": "14",
        "stopTime": "00:00:24,539",
        "startTime": "00:00:21,449",
        "text": "to her Channel so again Eugene yet\n"
    },
    {
        "number": "15",
        "stopTime": "00:00:26,310",
        "startTime": "00:00:22,830",
        "text": "you're welcome and thank you so you gina\n"
    },
    {
        "number": "16",
        "stopTime": "00:00:28,410",
        "startTime": "00:00:24,539",
        "text": "has ignored basically all of my videos\n"
    },
    {
        "number": "17",
        "stopTime": "00:00:30,150",
        "startTime": "00:00:26,310",
        "text": "despite the popular response they got\n"
    },
    {
        "number": "18",
        "stopTime": "00:00:31,590",
        "startTime": "00:00:28,410",
        "text": "this video about Eugenia's actual\n"
    },
    {
        "number": "19",
        "stopTime": "00:00:34,050",
        "startTime": "00:00:30,150",
        "text": "weights which I hope was an eye-opening\n"
    },
    {
        "number": "20",
        "stopTime": "00:00:36,300",
        "startTime": "00:00:31,590",
        "text": "video 59,000 likes 4,000 dislikes or\n"
    },
    {
        "number": "21",
        "stopTime": "00:00:38,219",
        "startTime": "00:00:34,050",
        "text": "Eugenia Cooney final video 75,000 like\n"
    },
    {
        "number": "22",
        "stopTime": "00:00:39,780",
        "startTime": "00:00:36,300",
        "text": "6,000 dislikes most all of us want\n"
    },
    {
        "number": "23",
        "stopTime": "00:00:40,980",
        "startTime": "00:00:38,219",
        "text": "Eugenie hakuna to get help but she\n"
    },
    {
        "number": "24",
        "stopTime": "00:00:42,420",
        "startTime": "00:00:39,780",
        "text": "doesn't want to get herself held and her\n"
    },
    {
        "number": "25",
        "stopTime": "00:00:44,010",
        "startTime": "00:00:40,980",
        "text": "mom was in one of her videos three weeks\n"
    },
    {
        "number": "26",
        "stopTime": "00:00:46,020",
        "startTime": "00:00:42,420",
        "text": "ago so clearly her mom is well aware of\n"
    },
    {
        "number": "27",
        "stopTime": "00:00:47,850",
        "startTime": "00:00:44,010",
        "text": "Eugenia's condition but as for some\n"
    },
    {
        "number": "28",
        "stopTime": "00:00:49,170",
        "startTime": "00:00:46,020",
        "text": "reason decided not to do enough as you\n"
    },
    {
        "number": "29",
        "stopTime": "00:00:52,559",
        "startTime": "00:00:47,850",
        "text": "genius still suffering so this is\n"
    },
    {
        "number": "30",
        "stopTime": "00:00:53,699",
        "startTime": "00:00:49,170",
        "text": "Eugenia on the twelfth of februari sorry\n"
    },
    {
        "number": "31",
        "stopTime": "00:00:55,520",
        "startTime": "00:00:52,559",
        "text": "I'm struggling here I'm kind of at a\n"
    },
    {
        "number": "32",
        "stopTime": "00:00:57,809",
        "startTime": "00:00:53,699",
        "text": "loss for words just looking at her legs\n"
    },
    {
        "number": "33",
        "stopTime": "00:00:59,190",
        "startTime": "00:00:55,520",
        "text": "she obviously hasn't paid attention to a\n"
    },
    {
        "number": "34",
        "stopTime": "00:01:01,079",
        "startTime": "00:00:57,809",
        "text": "single goddamn thing I've said she's\n"
    },
    {
        "number": "35",
        "stopTime": "00:01:03,390",
        "startTime": "00:00:59,190",
        "text": "obviously still starving herself and\n"
    },
    {
        "number": "36",
        "stopTime": "00:01:06,180",
        "startTime": "00:01:01,079",
        "text": "she's probably like what 68 pounds she's\n"
    },
    {
        "number": "37",
        "stopTime": "00:01:07,890",
        "startTime": "00:01:03,390",
        "text": "5 foot 9 and weighs less than one-third\n"
    },
    {
        "number": "38",
        "stopTime": "00:01:10,409",
        "startTime": "00:01:06,180",
        "text": "of me probably she's still gladly\n"
    },
    {
        "number": "39",
        "stopTime": "00:01:12,960",
        "startTime": "00:01:07,890",
        "text": "triggering anorexic girls around the\n"
    },
    {
        "number": "40",
        "stopTime": "00:01:14,880",
        "startTime": "00:01:10,409",
        "text": "world I've gotten tons of tweets tons of\n"
    },
    {
        "number": "41",
        "stopTime": "00:01:16,799",
        "startTime": "00:01:12,960",
        "text": "people messaging me about how her videos\n"
    },
    {
        "number": "42",
        "stopTime": "00:01:19,110",
        "startTime": "00:01:14,880",
        "text": "are triggering and she does not give a\n"
    },
    {
        "number": "43",
        "stopTime": "00:01:20,909",
        "startTime": "00:01:16,799",
        "text": "shit could not be more obvious she\n"
    },
    {
        "number": "44",
        "stopTime": "00:01:23,490",
        "startTime": "00:01:19,110",
        "text": "continues the worst skimpy outfits in\n"
    },
    {
        "number": "45",
        "stopTime": "00:01:25,110",
        "startTime": "00:01:20,909",
        "text": "her videos showing off her starve body\n"
    },
    {
        "number": "46",
        "stopTime": "00:01:26,640",
        "startTime": "00:01:23,490",
        "text": "and nobody's doing anything about it\n"
    },
    {
        "number": "47",
        "stopTime": "00:01:28,680",
        "startTime": "00:01:25,110",
        "text": "that's awesome just want to stop real\n"
    },
    {
        "number": "48",
        "stopTime": "00:01:30,600",
        "startTime": "00:01:26,640",
        "text": "quick if you are triggered by this video\n"
    },
    {
        "number": "49",
        "stopTime": "00:01:32,610",
        "startTime": "00:01:28,680",
        "text": "and now you want to starve yourself just\n"
    },
    {
        "number": "50",
        "stopTime": "00:01:34,500",
        "startTime": "00:01:30,600",
        "text": "want to emphasize that you are insanely\n"
    },
    {
        "number": "51",
        "stopTime": "00:01:36,869",
        "startTime": "00:01:32,610",
        "text": "fucking stupid and if you don't want to\n"
    },
    {
        "number": "52",
        "stopTime": "00:01:38,909",
        "startTime": "00:01:34,500",
        "text": "be insanely fucking stupid and please go\n"
    },
    {
        "number": "53",
        "stopTime": "00:01:41,070",
        "startTime": "00:01:36,869",
        "text": "feed yourself being stupid means you\n"
    },
    {
        "number": "54",
        "stopTime": "00:01:43,530",
        "startTime": "00:01:38,909",
        "text": "lack intelligence or common sense and\n"
    },
    {
        "number": "55",
        "stopTime": "00:01:45,570",
        "startTime": "00:01:41,070",
        "text": "starving yourself is not common sense\n"
    },
    {
        "number": "56",
        "stopTime": "00:01:48,329",
        "startTime": "00:01:43,530",
        "text": "that's the opposite of common sense even\n"
    },
    {
        "number": "57",
        "stopTime": "00:01:50,280",
        "startTime": "00:01:45,570",
        "text": "the dumbest dogs know to feed themselves\n"
    },
    {
        "number": "58",
        "stopTime": "00:01:52,290",
        "startTime": "00:01:48,329",
        "text": "so understand what you have is a\n"
    },
    {
        "number": "59",
        "stopTime": "00:01:54,360",
        "startTime": "00:01:50,280",
        "text": "dysfunction to dysfunction and your\n"
    },
    {
        "number": "60",
        "stopTime": "00:01:56,430",
        "startTime": "00:01:52,290",
        "text": "brain and also understand that skinny\n"
    },
    {
        "number": "61",
        "stopTime": "00:01:58,020",
        "startTime": "00:01:54,360",
        "text": "people starving themselves will not make\n"
    },
    {
        "number": "62",
        "stopTime": "00:01:59,700",
        "startTime": "00:01:56,430",
        "text": "them more beautiful it will just make\n"
    },
    {
        "number": "63",
        "stopTime": "00:02:01,710",
        "startTime": "00:01:58,020",
        "text": "them ugly will reveal how ugly your\n"
    },
    {
        "number": "64",
        "stopTime": "00:02:03,299",
        "startTime": "00:01:59,700",
        "text": "brain is as it is clearly defective and\n"
    },
    {
        "number": "65",
        "stopTime": "00:02:04,799",
        "startTime": "00:02:01,710",
        "text": "will make your body look unappealing and\n"
    },
    {
        "number": "66",
        "stopTime": "00:02:06,210",
        "startTime": "00:02:03,299",
        "text": "defective as well when you hear oh my\n"
    },
    {
        "number": "67",
        "stopTime": "00:02:07,950",
        "startTime": "00:02:04,799",
        "text": "gosh you're so skinny it's not a\n"
    },
    {
        "number": "68",
        "stopTime": "00:02:09,929",
        "startTime": "00:02:06,210",
        "text": "compliment it's a recognition of your\n"
    },
    {
        "number": "69",
        "stopTime": "00:02:11,610",
        "startTime": "00:02:07,950",
        "text": "clear ab normality and many but not all\n"
    },
    {
        "number": "70",
        "stopTime": "00:02:13,880",
        "startTime": "00:02:09,929",
        "text": "cases an indication that you might have\n"
    },
    {
        "number": "71",
        "stopTime": "00:02:15,380",
        "startTime": "00:02:11,610",
        "text": "an eating disorder so hopefully I\n"
    },
    {
        "number": "72",
        "stopTime": "00:02:16,880",
        "startTime": "00:02:13,880",
        "text": "figured you and we can continue to\n"
    },
    {
        "number": "73",
        "stopTime": "00:02:18,290",
        "startTime": "00:02:15,380",
        "text": "observe footage here Eugenia did a\n"
    },
    {
        "number": "74",
        "stopTime": "00:02:19,760",
        "startTime": "00:02:16,880",
        "text": "makeup tutorial thank goodness at least\n"
    },
    {
        "number": "75",
        "stopTime": "00:02:21,320",
        "startTime": "00:02:18,290",
        "text": "in that video she's not triggering\n"
    },
    {
        "number": "76",
        "stopTime": "00:02:22,940",
        "startTime": "00:02:19,760",
        "text": "people with her body and oh my gosh can\n"
    },
    {
        "number": "77",
        "stopTime": "00:02:24,860",
        "startTime": "00:02:21,320",
        "text": "i just say how beautiful Eugenia Cooney\n"
    },
    {
        "number": "78",
        "stopTime": "00:02:27,500",
        "startTime": "00:02:22,940",
        "text": "would be if she was twice as heavy\n"
    },
    {
        "number": "79",
        "stopTime": "00:02:29,450",
        "startTime": "00:02:24,860",
        "text": "that's right twice as heavy as she's 70\n"
    },
    {
        "number": "80",
        "stopTime": "00:02:31,310",
        "startTime": "00:02:27,500",
        "text": "pounds right now he should be about 140\n"
    },
    {
        "number": "81",
        "stopTime": "00:02:34,280",
        "startTime": "00:02:29,450",
        "text": "considering she's 59 I was once with\n"
    },
    {
        "number": "82",
        "stopTime": "00:02:36,050",
        "startTime": "00:02:31,310",
        "text": "someone who was 57 in 135 pounds and she\n"
    },
    {
        "number": "83",
        "stopTime": "00:02:37,580",
        "startTime": "00:02:34,280",
        "text": "had a great body so you think I would\n"
    },
    {
        "number": "84",
        "stopTime": "00:02:39,200",
        "startTime": "00:02:36,050",
        "text": "know considering I had sex with that\n"
    },
    {
        "number": "85",
        "stopTime": "00:02:40,730",
        "startTime": "00:02:37,580",
        "text": "person Eugenia has a video called how to\n"
    },
    {
        "number": "86",
        "stopTime": "00:02:42,950",
        "startTime": "00:02:39,200",
        "text": "get a guy to fall in love with you say\n"
    },
    {
        "number": "87",
        "stopTime": "00:02:44,870",
        "startTime": "00:02:40,730",
        "text": "so yeah that's what this video is gonna\n"
    },
    {
        "number": "88",
        "stopTime": "00:02:46,610",
        "startTime": "00:02:42,950",
        "text": "be about I know I haven't really been in\n"
    },
    {
        "number": "89",
        "stopTime": "00:02:48,710",
        "startTime": "00:02:44,870",
        "text": "too many relationships other than was\n"
    },
    {
        "number": "90",
        "stopTime": "00:02:50,060",
        "startTime": "00:02:46,610",
        "text": "like Jack Skellington but the fact that\n"
    },
    {
        "number": "91",
        "stopTime": "00:02:51,740",
        "startTime": "00:02:48,710",
        "text": "the first person who came to her mind\n"
    },
    {
        "number": "92",
        "stopTime": "00:02:53,870",
        "startTime": "00:02:50,060",
        "text": "when she talked about relationship she's\n"
    },
    {
        "number": "93",
        "stopTime": "00:02:56,090",
        "startTime": "00:02:51,740",
        "text": "been in is a fictional character from a\n"
    },
    {
        "number": "94",
        "stopTime": "00:02:58,250",
        "startTime": "00:02:53,870",
        "text": "Tim Burton film know a guy who literally\n"
    },
    {
        "number": "95",
        "stopTime": "00:03:00,470",
        "startTime": "00:02:56,090",
        "text": "is dead because he has no meat on his\n"
    },
    {
        "number": "96",
        "stopTime": "00:03:01,970",
        "startTime": "00:02:58,250",
        "text": "bones eugenia take a hint you know that\n"
    },
    {
        "number": "97",
        "stopTime": "00:03:03,560",
        "startTime": "00:03:00,470",
        "text": "just seems a little bit odd to me\n"
    },
    {
        "number": "98",
        "stopTime": "00:03:05,090",
        "startTime": "00:03:01,970",
        "text": "doesn't it seem odd to you the first\n"
    },
    {
        "number": "99",
        "stopTime": "00:03:07,130",
        "startTime": "00:03:03,560",
        "text": "thing that comes to remind regarding a\n"
    },
    {
        "number": "100",
        "stopTime": "00:03:08,780",
        "startTime": "00:03:05,090",
        "text": "relationship and emotional connection\n"
    },
    {
        "number": "101",
        "stopTime": "00:03:11,630",
        "startTime": "00:03:07,130",
        "text": "with someone is a creature beyond\n"
    },
    {
        "number": "102",
        "stopTime": "00:03:13,670",
        "startTime": "00:03:08,780",
        "text": "anorexia and has another big f you to\n"
    },
    {
        "number": "103",
        "stopTime": "00:03:15,620",
        "startTime": "00:03:11,630",
        "text": "the world Gina made a winter outfits\n"
    },
    {
        "number": "104",
        "stopTime": "00:03:17,630",
        "startTime": "00:03:13,670",
        "text": "video only two weeks ago and it got\n"
    },
    {
        "number": "105",
        "stopTime": "00:03:19,550",
        "startTime": "00:03:15,620",
        "text": "mainly dislikes because a lot of other\n"
    },
    {
        "number": "106",
        "stopTime": "00:03:21,350",
        "startTime": "00:03:17,630",
        "text": "people are as pissed off as I am as she\n"
    },
    {
        "number": "107",
        "stopTime": "00:03:23,270",
        "startTime": "00:03:19,550",
        "text": "keeps triggering people knowing she's\n"
    },
    {
        "number": "108",
        "stopTime": "00:03:30,410",
        "startTime": "00:03:21,350",
        "text": "hurting people with her clearly anorexic\n"
    },
    {
        "number": "109",
        "stopTime": "00:03:33,260",
        "startTime": "00:03:23,270",
        "text": "bodies yes video the King I thought we\n"
    },
    {
        "number": "110",
        "stopTime": "00:03:35,600",
        "startTime": "00:03:30,410",
        "text": "actually won't do that but yeah but\n"
    },
    {
        "number": "111",
        "stopTime": "00:03:37,850",
        "startTime": "00:03:33,260",
        "text": "t-spin to this video like spitting video\n"
    },
    {
        "number": "112",
        "stopTime": "00:03:39,260",
        "startTime": "00:03:35,600",
        "text": "almost I don't know why he foresaw says\n"
    },
    {
        "number": "113",
        "stopTime": "00:03:42,140",
        "startTime": "00:03:37,850",
        "text": "it's gonna gonna be down by the way guys\n"
    },
    {
        "number": "114",
        "stopTime": "00:03:43,400",
        "startTime": "00:03:39,260",
        "text": "so so I could think of weird but I hope\n"
    },
    {
        "number": "115",
        "stopTime": "00:03:46,610",
        "startTime": "00:03:42,140",
        "text": "people that like spitting\n"
    },
    {
        "number": "116",
        "stopTime": "00:03:47,900",
        "startTime": "00:03:43,400",
        "text": "like super like yay spit it out so a lot\n"
    },
    {
        "number": "117",
        "stopTime": "00:03:49,400",
        "startTime": "00:03:46,610",
        "text": "of people think that I called for\n"
    },
    {
        "number": "118",
        "stopTime": "00:03:51,019",
        "startTime": "00:03:47,900",
        "text": "Eugenio cooney to be banned from YouTube\n"
    },
    {
        "number": "119",
        "stopTime": "00:03:52,549",
        "startTime": "00:03:49,400",
        "text": "in the past I actually never did I\n"
    },
    {
        "number": "120",
        "stopTime": "00:03:53,629",
        "startTime": "00:03:51,019",
        "text": "specifically address people wanting to\n"
    },
    {
        "number": "121",
        "stopTime": "00:03:55,220",
        "startTime": "00:03:52,549",
        "text": "get her band and I said that she\n"
    },
    {
        "number": "122",
        "stopTime": "00:03:56,329",
        "startTime": "00:03:53,629",
        "text": "shouldn't be bad as I'm not confident\n"
    },
    {
        "number": "123",
        "stopTime": "00:03:57,620",
        "startTime": "00:03:55,220",
        "text": "that that would cause her to feed\n"
    },
    {
        "number": "124",
        "stopTime": "00:03:59,329",
        "startTime": "00:03:56,329",
        "text": "herself especially if that's her primary\n"
    },
    {
        "number": "125",
        "stopTime": "00:04:00,799",
        "startTime": "00:03:57,620",
        "text": "source of income you know how are you\n"
    },
    {
        "number": "126",
        "stopTime": "00:04:02,870",
        "startTime": "00:03:59,329",
        "text": "supposed to buy food if you don't have\n"
    },
    {
        "number": "127",
        "stopTime": "00:04:04,579",
        "startTime": "00:04:00,799",
        "text": "money but if you are a friend of Eugenia\n"
    },
    {
        "number": "128",
        "stopTime": "00:04:06,739",
        "startTime": "00:04:02,870",
        "text": "cooney's or if you are a family member\n"
    },
    {
        "number": "129",
        "stopTime": "00:04:08,629",
        "startTime": "00:04:04,579",
        "text": "please contact other friends or family\n"
    },
    {
        "number": "130",
        "stopTime": "00:04:10,489",
        "startTime": "00:04:06,739",
        "text": "members so you can form an intervention\n"
    },
    {
        "number": "131",
        "stopTime": "00:04:11,959",
        "startTime": "00:04:08,629",
        "text": "and confront Eugenia directly there's a\n"
    },
    {
        "number": "132",
        "stopTime": "00:04:13,099",
        "startTime": "00:04:10,489",
        "text": "phone number that can be called to help\n"
    },
    {
        "number": "133",
        "stopTime": "00:04:14,780",
        "startTime": "00:04:11,959",
        "text": "Eugene young with her eating disorder\n"
    },
    {
        "number": "134",
        "stopTime": "00:04:16,940",
        "startTime": "00:04:13,099",
        "text": "the girl clearly needs to go to rehab\n"
    },
    {
        "number": "135",
        "stopTime": "00:04:18,680",
        "startTime": "00:04:14,780",
        "text": "please remember that this is no joke\n"
    },
    {
        "number": "136",
        "stopTime": "00:04:20,570",
        "startTime": "00:04:16,940",
        "text": "anorexia actually has the highest\n"
    },
    {
        "number": "137",
        "stopTime": "00:04:22,160",
        "startTime": "00:04:18,680",
        "text": "fatality rate of any psychological\n"
    },
    {
        "number": "138",
        "stopTime": "00:04:23,840",
        "startTime": "00:04:20,570",
        "text": "disorder it is highly likely that\n"
    },
    {
        "number": "139",
        "stopTime": "00:04:25,130",
        "startTime": "00:04:22,160",
        "text": "Eugenia Cooney is killing herself and\n"
    },
    {
        "number": "140",
        "stopTime": "00:04:27,229",
        "startTime": "00:04:23,840",
        "text": "statistically around one out of every\n"
    },
    {
        "number": "141",
        "stopTime": "00:04:28,970",
        "startTime": "00:04:25,130",
        "text": "five people she inspires to starve\n"
    },
    {
        "number": "142",
        "stopTime": "00:04:30,470",
        "startTime": "00:04:27,229",
        "text": "themselves is going to wind up killing\n"
    },
    {
        "number": "143",
        "stopTime": "00:04:32,000",
        "startTime": "00:04:28,970",
        "text": "themselves meanwhile while some\n"
    },
    {
        "number": "144",
        "stopTime": "00:04:34,370",
        "startTime": "00:04:30,470",
        "text": "countries are thinking about banning\n"
    },
    {
        "number": "145",
        "stopTime": "00:04:36,620",
        "startTime": "00:04:32,000",
        "text": "anorexic websites I don't see anything\n"
    },
    {
        "number": "146",
        "stopTime": "00:04:38,720",
        "startTime": "00:04:34,370",
        "text": "showing up about how anorexia itself is\n"
    },
    {
        "number": "147",
        "stopTime": "00:04:41,270",
        "startTime": "00:04:36,620",
        "text": "illegal while suicide is illegal in many\n"
    },
    {
        "number": "148",
        "stopTime": "00:04:43,190",
        "startTime": "00:04:38,720",
        "text": "states this is unfortunately a gray case\n"
    },
    {
        "number": "149",
        "stopTime": "00:04:45,139",
        "startTime": "00:04:41,270",
        "text": "so we have Eugenia cooney's family and\n"
    },
    {
        "number": "150",
        "stopTime": "00:04:46,849",
        "startTime": "00:04:43,190",
        "text": "friends not caring about her enough to\n"
    },
    {
        "number": "151",
        "stopTime": "00:04:48,289",
        "startTime": "00:04:45,139",
        "text": "force her to get help because if I were\n"
    },
    {
        "number": "152",
        "stopTime": "00:04:49,940",
        "startTime": "00:04:46,849",
        "text": "her family member that's exactly what I\n"
    },
    {
        "number": "153",
        "stopTime": "00:04:51,410",
        "startTime": "00:04:48,289",
        "text": "would do with the consent of local law\n"
    },
    {
        "number": "154",
        "stopTime": "00:04:53,690",
        "startTime": "00:04:49,940",
        "text": "enforcement our drive her to a rehab\n"
    },
    {
        "number": "155",
        "stopTime": "00:04:55,370",
        "startTime": "00:04:51,410",
        "text": "center myself ginia Cooney herself isn't\n"
    },
    {
        "number": "156",
        "stopTime": "00:04:57,110",
        "startTime": "00:04:53,690",
        "text": "listening obviously despite how many\n"
    },
    {
        "number": "157",
        "stopTime": "00:04:58,490",
        "startTime": "00:04:55,370",
        "text": "videos people have made on her despite\n"
    },
    {
        "number": "158",
        "stopTime": "00:04:59,690",
        "startTime": "00:04:57,110",
        "text": "how much support those videos have\n"
    },
    {
        "number": "159",
        "stopTime": "00:05:01,490",
        "startTime": "00:04:58,490",
        "text": "gotten she's not listening to you guys\n"
    },
    {
        "number": "160",
        "stopTime": "00:05:03,260",
        "startTime": "00:04:59,690",
        "text": "who have probably by now made millions\n"
    },
    {
        "number": "161",
        "stopTime": "00:05:04,729",
        "startTime": "00:05:01,490",
        "text": "of comments regarding how insane her\n"
    },
    {
        "number": "162",
        "stopTime": "00:05:06,020",
        "startTime": "00:05:03,260",
        "text": "treatment of herself is of course\n"
    },
    {
        "number": "163",
        "stopTime": "00:05:07,490",
        "startTime": "00:05:04,729",
        "text": "YouTube themselves haven't banned\n"
    },
    {
        "number": "164",
        "stopTime": "00:05:09,260",
        "startTime": "00:05:06,020",
        "text": "Eugenia no dad because the potential\n"
    },
    {
        "number": "165",
        "stopTime": "00:05:11,240",
        "startTime": "00:05:07,490",
        "text": "drama that would cause now generally\n"
    },
    {
        "number": "166",
        "stopTime": "00:05:12,860",
        "startTime": "00:05:09,260",
        "text": "risky that might be Eugene yet so many\n"
    },
    {
        "number": "167",
        "stopTime": "00:05:14,090",
        "startTime": "00:05:11,240",
        "text": "people have proven it you are risk to\n"
    },
    {
        "number": "168",
        "stopTime": "00:05:16,220",
        "startTime": "00:05:12,860",
        "text": "yourself at your current state is\n"
    },
    {
        "number": "169",
        "stopTime": "00:05:18,320",
        "startTime": "00:05:14,090",
        "text": "unhealthy if you ate a normal healthy\n"
    },
    {
        "number": "170",
        "stopTime": "00:05:20,150",
        "startTime": "00:05:16,220",
        "text": "diet weight would no doubt go up and you\n"
    },
    {
        "number": "171",
        "stopTime": "00:05:21,949",
        "startTime": "00:05:18,320",
        "text": "with a normal healthy body at the age\n"
    },
    {
        "number": "172",
        "stopTime": "00:05:23,510",
        "startTime": "00:05:20,150",
        "text": "you are people would be much more likely\n"
    },
    {
        "number": "173",
        "stopTime": "00:05:24,860",
        "startTime": "00:05:21,949",
        "text": "to click on your videos and want to\n"
    },
    {
        "number": "174",
        "stopTime": "00:05:26,659",
        "startTime": "00:05:23,510",
        "text": "watch you for an extended period of time\n"
    },
    {
        "number": "175",
        "stopTime": "00:05:28,070",
        "startTime": "00:05:24,860",
        "text": "considering you're already a likable\n"
    },
    {
        "number": "176",
        "stopTime": "00:05:29,539",
        "startTime": "00:05:26,659",
        "text": "person your problem is that you're\n"
    },
    {
        "number": "177",
        "stopTime": "00:05:31,039",
        "startTime": "00:05:28,070",
        "text": "killing yourself in most everyone's\n"
    },
    {
        "number": "178",
        "stopTime": "00:05:32,419",
        "startTime": "00:05:29,539",
        "text": "season but I realized why I haven't made\n"
    },
    {
        "number": "179",
        "stopTime": "00:05:34,159",
        "startTime": "00:05:31,039",
        "text": "videos on this for a couple months why I\n"
    },
    {
        "number": "180",
        "stopTime": "00:05:35,930",
        "startTime": "00:05:32,419",
        "text": "showed a disinterest never making videos\n"
    },
    {
        "number": "181",
        "stopTime": "00:05:37,729",
        "startTime": "00:05:34,159",
        "text": "about Eugenia ever again before because\n"
    },
    {
        "number": "182",
        "stopTime": "00:05:39,440",
        "startTime": "00:05:35,930",
        "text": "no one can really fix Eugenia but\n"
    },
    {
        "number": "183",
        "stopTime": "00:05:41,389",
        "startTime": "00:05:37,729",
        "text": "Eugenia and she's clearly unwilling to\n"
    },
    {
        "number": "184",
        "stopTime": "00:05:43,130",
        "startTime": "00:05:39,440",
        "text": "help anyone help her sell and by the way\n"
    },
    {
        "number": "185",
        "stopTime": "00:05:44,419",
        "startTime": "00:05:41,389",
        "text": "Eugenia your videos have actually hurt\n"
    },
    {
        "number": "186",
        "stopTime": "00:05:45,650",
        "startTime": "00:05:43,130",
        "text": "people that I've cared about if\n"
    },
    {
        "number": "187",
        "stopTime": "00:05:48,080",
        "startTime": "00:05:44,419",
        "text": "indicated to me in private conversations\n"
    },
    {
        "number": "188",
        "stopTime": "00:05:49,430",
        "startTime": "00:05:45,650",
        "text": "that's significantly in part because of\n"
    },
    {
        "number": "189",
        "stopTime": "00:05:51,289",
        "startTime": "00:05:48,080",
        "text": "you and your videos they have also\n"
    },
    {
        "number": "190",
        "stopTime": "00:05:53,479",
        "startTime": "00:05:49,430",
        "text": "starved themselves but I understand that\n"
    },
    {
        "number": "191",
        "stopTime": "00:05:56,110",
        "startTime": "00:05:51,289",
        "text": "you are also a victim a victim of\n"
    },
    {
        "number": "192",
        "stopTime": "00:05:56,110",
        "startTime": "00:05:53,479",
        "text": "yourself\n"
    }
]