{
    "sentiment_analysis": [
        {
            "positive": [
                {
                    "sentiment": "make successful videos",
                    "topic": null,
                    "score": 0.83035851058597,
                    "original_text": "make successful videos",
                    "original_length": 22,
                    "normalized_text": "make successful videos",
                    "normalized_length": 22,
                    "offset": 203
                },
                {
                    "sentiment": "no doubt thanks to",
                    "topic": null,
                    "score": 0.63982045835682,
                    "original_text": "subscribers partially no doubt thanks to",
                    "original_length": 40,
                    "normalized_text": "subscribers partially no doubt thanks to",
                    "normalized_length": 40,
                    "offset": 346
                },
                {
                    "sentiment": "welcome",
                    "topic": null,
                    "score": 0.79233520429398,
                    "original_text": "you're welcome",
                    "original_length": 14,
                    "normalized_text": "you're welcome",
                    "normalized_length": 14,
                    "offset": 544
                },
                {
                    "sentiment": "thank you",
                    "topic": null,
                    "score": 0.81406432882078,
                    "original_text": "thank you",
                    "original_length": 9,
                    "normalized_text": "thank you",
                    "normalized_length": 9,
                    "offset": 563
                },
                {
                    "sentiment": "the popular",
                    "topic": "response",
                    "score": 0.67489840558231,
                    "original_text": "the popular response",
                    "original_length": 20,
                    "normalized_text": "the popular response",
                    "normalized_length": 20,
                    "offset": 634
                },
                {
                    "sentiment": "likes",
                    "topic": "4,000",
                    "score": 0.79233520429398,
                    "original_text": "video 59,000 likes 4,000",
                    "original_length": 24,
                    "normalized_text": "video 59,000 likes 4,000",
                    "normalized_length": 24,
                    "offset": 741
                },
                {
                    "sentiment": "help",
                    "topic": null,
                    "score": 0.40325111109508,
                    "original_text": "get help",
                    "original_length": 8,
                    "normalized_text": "get help",
                    "normalized_length": 8,
                    "offset": 873
                },
                {
                    "sentiment": "is well aware of",
                    "topic": "her mom",
                    "score": 0.77418135736804,
                    "original_text": "her mom is well aware of",
                    "original_length": 24,
                    "normalized_text": "her mom is well aware of",
                    "normalized_length": 24,
                    "offset": 990
                },
                {
                    "sentiment": "kind of ",
                    "topic": null,
                    "score": 0.0016962376972446,
                    "original_text": "I'm kind of ",
                    "original_length": 12,
                    "normalized_text": "I'm kind of ",
                    "normalized_length": 12,
                    "offset": 1190
                },
                {
                    "sentiment": "could not be more",
                    "topic": "shit",
                    "score": 0.71764400493077,
                    "original_text": "shit could not be more",
                    "original_length": 22,
                    "normalized_text": "shit could not be more",
                    "normalized_length": 22,
                    "offset": 1647
                },
                {
                    "sentiment": "awesome",
                    "topic": null,
                    "score": 0.94681019513986,
                    "original_text": "that's awesome just",
                    "original_length": 19,
                    "normalized_text": "that's awesome just",
                    "normalized_length": 19,
                    "offset": 1800
                },
                {
                    "sentiment": "compliment",
                    "topic": null,
                    "score": 0.83035851058597,
                    "original_text": "compliment it",
                    "original_length": 13,
                    "normalized_text": "compliment it",
                    "normalized_length": 13,
                    "offset": 2631
                },
                {
                    "sentiment": "thank",
                    "topic": "goodness",
                    "score": 0.38700997699244,
                    "original_text": "makeup tutorial thank goodness at least",
                    "original_length": 39,
                    "normalized_text": "makeup tutorial thank goodness at least",
                    "normalized_length": 39,
                    "offset": 2859
                },
                {
                    "sentiment": "beautiful",
                    "topic": "Eugenia Cooney",
                    "score": 0.67489840558231,
                    "original_text": "beautiful Eugenia Cooney",
                    "original_length": 24,
                    "normalized_text": "beautiful Eugenia Cooney",
                    "normalized_length": 24,
                    "offset": 2992
                },
                {
                    "sentiment": "right twice",
                    "topic": null,
                    "score": 0.57345066344102,
                    "original_text": "that's right twice",
                    "original_length": 18,
                    "normalized_text": "that's right twice",
                    "normalized_length": 18,
                    "offset": 3054
                },
                {
                    "sentiment": "love with",
                    "topic": null,
                    "score": 0.8401344326865,
                    "original_text": "love with you",
                    "original_length": 13,
                    "normalized_text": "love with you",
                    "normalized_length": 13,
                    "offset": 3356
                },
                {
                    "sentiment": "like spitting",
                    "topic": null,
                    "score": 0.60858454666352,
                    "original_text": "that like spitting",
                    "original_length": 18,
                    "normalized_text": "that like spitting",
                    "normalized_length": 18,
                    "offset": 4495
                },
                {
                    "sentiment": "yay",
                    "topic": null,
                    "score": 0.67003104828152,
                    "original_text": "yay",
                    "original_length": 3,
                    "normalized_text": "yay",
                    "normalized_length": 3,
                    "offset": 4531
                },
                {
                    "sentiment": "shouldn't be bad",
                    "topic": null,
                    "score": 0.36297940325605,
                    "original_text": "shouldn't be bad",
                    "original_length": 16,
                    "normalized_text": "shouldn't be bad",
                    "normalized_length": 16,
                    "offset": 4744
                },
                {
                    "sentiment": "inspires to starve",
                    "topic": null,
                    "score": 0.83035851058597,
                    "original_text": "she inspires to starve",
                    "original_length": 22,
                    "normalized_text": "she inspires to starve",
                    "normalized_length": 22,
                    "offset": 5496
                },
                {
                    "sentiment": "caring about",
                    "topic": null,
                    "score": 0.70933685150655,
                    "original_text": "caring about her",
                    "original_length": 16,
                    "normalized_text": "caring about her",
                    "normalized_length": 16,
                    "offset": 5848
                },
                {
                    "sentiment": "help",
                    "topic": null,
                    "score": 0.40325111109508,
                    "original_text": "get help",
                    "original_length": 8,
                    "normalized_text": "get help",
                    "normalized_length": 8,
                    "offset": 5889
                },
                {
                    "sentiment": "would no doubt go up",
                    "topic": null,
                    "score": 0.39782016327653,
                    "original_text": "diet weight would no doubt go up",
                    "original_length": 32,
                    "normalized_text": "diet weight would no doubt go up",
                    "normalized_length": 32,
                    "offset": 6609
                },
                {
                    "sentiment": "healthy",
                    "topic": "body at the age",
                    "score": 0.67489840558231,
                    "original_text": "healthy body at the age",
                    "original_length": 23,
                    "normalized_text": "healthy body at the age",
                    "normalized_length": 23,
                    "offset": 6665
                },
                {
                    "sentiment": "already a likable",
                    "topic": null,
                    "score": 0.8956559492582,
                    "original_text": "you're already a likable",
                    "original_length": 24,
                    "normalized_text": "you're already a likable",
                    "normalized_length": 24,
                    "offset": 6823
                },
                {
                    "sentiment": "ve cared about",
                    "topic": null,
                    "score": 0.8265700636425,
                    "original_text": "I've cared about",
                    "original_length": 16,
                    "normalized_text": "I've cared about",
                    "normalized_length": 16,
                    "offset": 7258
                }
            ],
            "negative": [
                {
                    "sentiment": "has ignored basically",
                    "topic": "all of my videos",
                    "score": -0.70234994039345,
                    "original_text": "has ignored basically all of my videos",
                    "original_length": 38,
                    "normalized_text": "has ignored basically all of my videos",
                    "normalized_length": 38,
                    "offset": 586
                },
                {
                    "sentiment": "dislikes most",
                    "topic": null,
                    "score": -0.93511952033618,
                    "original_text": "6,000 dislikes most all",
                    "original_length": 23,
                    "normalized_text": "6,000 dislikes most all",
                    "normalized_length": 23,
                    "offset": 819
                },
                {
                    "sentiment": "still suffering so",
                    "topic": "genius",
                    "score": -0.9507451727281,
                    "original_text": "genius still suffering so this",
                    "original_length": 30,
                    "normalized_text": "genius still suffering so this",
                    "normalized_length": 30,
                    "offset": 1093
                },
                {
                    "sentiment": "m struggling here",
                    "topic": null,
                    "score": -0.60858454666352,
                    "original_text": "I'm struggling here",
                    "original_length": 19,
                    "normalized_text": "I'm struggling here",
                    "normalized_length": 19,
                    "offset": 1170
                },
                {
                    "sentiment": "loss",
                    "topic": "words",
                    "score": -0.75700031106962,
                    "original_text": "loss for words",
                    "original_length": 14,
                    "normalized_text": "loss for words",
                    "normalized_length": 14,
                    "offset": 1208
                },
                {
                    "sentiment": "goddamn",
                    "topic": "thing",
                    "score": -0.67489840558231,
                    "original_text": "goddamn thing",
                    "original_length": 13,
                    "normalized_text": "goddamn thing",
                    "normalized_length": 13,
                    "offset": 1298
                },
                {
                    "sentiment": "continues the worst skimpy outfits",
                    "topic": null,
                    "score": -0.85699715559582,
                    "original_text": "continues the worst skimpy outfits",
                    "original_length": 34,
                    "normalized_text": "continues the worst skimpy outfits",
                    "normalized_length": 34,
                    "offset": 1683
                },
                {
                    "sentiment": "are insanely",
                    "topic": null,
                    "score": -0.7614534295774,
                    "original_text": "you are insanely",
                    "original_length": 16,
                    "normalized_text": "you are insanely",
                    "normalized_length": 16,
                    "offset": 1946
                },
                {
                    "sentiment": "insanely fucking stupid",
                    "topic": null,
                    "score": -0.9672136235682,
                    "original_text": "be insanely fucking stupid",
                    "original_length": 26,
                    "normalized_text": "be insanely fucking stupid",
                    "normalized_length": 26,
                    "offset": 2005
                },
                {
                    "sentiment": "stupid",
                    "topic": "yourself",
                    "score": -0.79813669994825,
                    "original_text": "yourself being stupid",
                    "original_length": 21,
                    "normalized_text": "yourself being stupid",
                    "normalized_length": 21,
                    "offset": 2052
                },
                {
                    "sentiment": "lack",
                    "topic": null,
                    "score": -0.57345066344102,
                    "original_text": "lack intelligence",
                    "original_length": 17,
                    "normalized_text": "lack intelligence",
                    "normalized_length": 17,
                    "offset": 2085
                },
                {
                    "sentiment": "the dumbest",
                    "topic": "dogs",
                    "score": -0.74700038636648,
                    "original_text": "the dumbest dogs",
                    "original_length": 16,
                    "normalized_text": "the dumbest dogs",
                    "normalized_length": 16,
                    "offset": 2205
                },
                {
                    "sentiment": "clearly defective",
                    "topic": null,
                    "score": -0.90258715778194,
                    "original_text": "it is clearly defective",
                    "original_length": 23,
                    "normalized_text": "it is clearly defective",
                    "normalized_length": 23,
                    "offset": 2487
                },
                {
                    "sentiment": "unappealing",
                    "topic": "make your body",
                    "score": -0.79233520429398,
                    "original_text": "make your body look unappealing",
                    "original_length": 31,
                    "normalized_text": "make your body look unappealing",
                    "normalized_length": 31,
                    "offset": 2521
                },
                {
                    "sentiment": "too many",
                    "topic": "relationships",
                    "score": -0.67489840558231,
                    "original_text": "too many relationships",
                    "original_length": 22,
                    "normalized_text": "too many relationships",
                    "normalized_length": 22,
                    "offset": 3458
                },
                {
                    "sentiment": "dead",
                    "topic": null,
                    "score": -0.4859387301891,
                    "original_text": "is dead",
                    "original_length": 7,
                    "normalized_text": "is dead",
                    "normalized_length": 7,
                    "offset": 3702
                },
                {
                    "sentiment": "a little bit odd",
                    "topic": null,
                    "score": -0.22778957433814,
                    "original_text": "seems a little bit odd",
                    "original_length": 22,
                    "normalized_text": "seems a little bit odd",
                    "normalized_length": 22,
                    "offset": 3787
                },
                {
                    "sentiment": "odd",
                    "topic": null,
                    "score": -0.57345066344102,
                    "original_text": "it seem odd",
                    "original_length": 11,
                    "normalized_text": "it seem odd",
                    "normalized_length": 11,
                    "offset": 3825
                },
                {
                    "sentiment": "as pissed off",
                    "topic": "people",
                    "score": -0.88224907438536,
                    "original_text": "people are as pissed off",
                    "original_length": 24,
                    "normalized_text": "people are as pissed off",
                    "normalized_length": 24,
                    "offset": 4123
                },
                {
                    "sentiment": "hurting",
                    "topic": "people",
                    "score": -0.70933685150655,
                    "original_text": "hurting people",
                    "original_length": 14,
                    "normalized_text": "hurting people",
                    "normalized_length": 14,
                    "offset": 4203
                },
                {
                    "sentiment": "m not confident",
                    "topic": null,
                    "score": -0.70933685150655,
                    "original_text": "I'm not confident",
                    "original_length": 17,
                    "normalized_text": "I'm not confident",
                    "normalized_length": 17,
                    "offset": 4764
                },
                {
                    "sentiment": "is killing",
                    "topic": "Eugenia Cooney",
                    "score": -0.79233520429398,
                    "original_text": "Eugenia Cooney is killing herself",
                    "original_length": 33,
                    "normalized_text": "Eugenia Cooney is killing herself",
                    "normalized_length": 33,
                    "offset": 5406
                },
                {
                    "sentiment": "illegal",
                    "topic": "suicide",
                    "score": -0.79233520429398,
                    "original_text": "suicide is illegal",
                    "original_length": 18,
                    "normalized_text": "suicide is illegal",
                    "normalized_length": 18,
                    "offset": 5726
                },
                {
                    "sentiment": "is unfortunately",
                    "topic": "a gray case",
                    "score": -0.7614534295774,
                    "original_text": "this is unfortunately a gray case",
                    "original_length": 33,
                    "normalized_text": "this is unfortunately a gray case",
                    "normalized_length": 33,
                    "offset": 5761
                },
                {
                    "sentiment": "risk",
                    "topic": null,
                    "score": -0.57345066344102,
                    "original_text": "you are risk",
                    "original_length": 12,
                    "normalized_text": "you are risk",
                    "normalized_length": 12,
                    "offset": 6518
                },
                {
                    "sentiment": "killing",
                    "topic": null,
                    "score": -0.70933685150655,
                    "original_text": "killing yourself",
                    "original_length": 16,
                    "normalized_text": "killing yourself",
                    "normalized_length": 16,
                    "offset": 6885
                },
                {
                    "sentiment": "no one can really fix",
                    "topic": null,
                    "score": -0.43281841315504,
                    "original_text": "no one can really fix Eugenia",
                    "original_length": 29,
                    "normalized_text": "no one can really fix Eugenia",
                    "normalized_length": 29,
                    "offset": 7089
                },
                {
                    "sentiment": "clearly unwilling",
                    "topic": null,
                    "score": -0.7288836109638,
                    "original_text": "she's clearly unwilling",
                    "original_length": 23,
                    "normalized_text": "she's clearly unwilling",
                    "normalized_length": 23,
                    "offset": 7136
                },
                {
                    "sentiment": "have actually hurt",
                    "topic": "Eugenia your videos",
                    "score": -0.90258715778194,
                    "original_text": "Eugenia your videos have actually hurt",
                    "original_length": 38,
                    "normalized_text": "Eugenia your videos have actually hurt",
                    "normalized_length": 38,
                    "offset": 7206
                }
            ],
            "aggregate": {
                "sentiment": "slightly negative",
                "score": -0.071115269867412
            }
        }
    ]
}