[
    {
        "number": "1",
        "stopTime": "00:00:03,629",
        "startTime": "00:00:00,000",
        "text": "thank you Jeannie ask for today I'm\n"
    },
    {
        "number": "2",
        "stopTime": "00:00:06,240",
        "startTime": "00:00:01,800",
        "text": "going to be viewing a smash or pass\n"
    },
    {
        "number": "3",
        "stopTime": "00:00:08,069",
        "startTime": "00:00:03,629",
        "text": "video I can see a lot of people doing\n"
    },
    {
        "number": "4",
        "stopTime": "00:00:09,269",
        "startTime": "00:00:06,240",
        "text": "these kind of videos on YouTube and I\n"
    },
    {
        "number": "5",
        "stopTime": "00:00:10,860",
        "startTime": "00:00:08,069",
        "text": "thought it would be cool she's also\n"
    },
    {
        "number": "6",
        "stopTime": "00:00:12,540",
        "startTime": "00:00:09,269",
        "text": "doing these videos I thought I could\n"
    },
    {
        "number": "7",
        "stopTime": "00:00:14,639",
        "startTime": "00:00:10,860",
        "text": "actually do this so with a little twist\n"
    },
    {
        "number": "8",
        "stopTime": "00:00:17,010",
        "startTime": "00:00:12,540",
        "text": "so instead of disputing in normal\n"
    },
    {
        "number": "9",
        "stopTime": "00:00:19,020",
        "startTime": "00:00:14,639",
        "text": "masterpass video I'm actually going to\n"
    },
    {
        "number": "10",
        "stopTime": "00:00:20,640",
        "startTime": "00:00:17,010",
        "text": "be doing this is Disney characters so I\n"
    },
    {
        "number": "11",
        "stopTime": "00:00:22,590",
        "startTime": "00:00:19,020",
        "text": "wanted to Twitter and I like you guys\n"
    },
    {
        "number": "12",
        "stopTime": "00:00:25,529",
        "startTime": "00:00:20,640",
        "text": "asked me a bunch of like Disney\n"
    },
    {
        "number": "13",
        "stopTime": "00:00:27,300",
        "startTime": "00:00:22,590",
        "text": "character Mattrick passes not your past\n"
    },
    {
        "number": "14",
        "stopTime": "00:00:30,210",
        "startTime": "00:00:25,529",
        "text": "by the Vegas I feel like that sounds\n"
    },
    {
        "number": "15",
        "stopTime": "00:00:33,930",
        "startTime": "00:00:27,300",
        "text": "like so sexual and I am not feeling a\n"
    },
    {
        "number": "16",
        "stopTime": "00:00:36,239",
        "startTime": "00:00:30,210",
        "text": "very super sexual person so this is\n"
    },
    {
        "number": "17",
        "stopTime": "00:00:38,250",
        "startTime": "00:00:33,930",
        "text": "thought super sexual videos don't worry\n"
    },
    {
        "number": "18",
        "stopTime": "00:00:40,590",
        "startTime": "00:00:36,239",
        "text": "guys this is totally not like a porn\n"
    },
    {
        "number": "19",
        "stopTime": "00:00:43,770",
        "startTime": "00:00:38,250",
        "text": "vide or anything like that so like don't\n"
    },
    {
        "number": "20",
        "stopTime": "00:00:45,600",
        "startTime": "00:00:40,590",
        "text": "worry you know I feel like the napping\n"
    },
    {
        "number": "21",
        "stopTime": "00:00:47,039",
        "startTime": "00:00:43,770",
        "text": "could you see something super cool if\n"
    },
    {
        "number": "22",
        "stopTime": "00:00:49,050",
        "startTime": "00:00:45,600",
        "text": "you guys remember like a while so our\n"
    },
    {
        "number": "23",
        "stopTime": "00:00:51,660",
        "startTime": "00:00:47,039",
        "text": "various like Nigel you would always just\n"
    },
    {
        "number": "24",
        "stopTime": "00:00:53,789",
        "startTime": "00:00:49,050",
        "text": "feel like wow that fit washing there's a\n"
    },
    {
        "number": "25",
        "stopTime": "00:00:55,559",
        "startTime": "00:00:51,660",
        "text": "game super smash bros if you're going to\n"
    },
    {
        "number": "26",
        "stopTime": "00:00:57,539",
        "startTime": "00:00:53,789",
        "text": "like smash with someone could go and\n"
    },
    {
        "number": "27",
        "stopTime": "00:01:00,750",
        "startTime": "00:00:55,559",
        "text": "play mass whole day we're gonna do like\n"
    },
    {
        "number": "28",
        "stopTime": "00:01:02,640",
        "startTime": "00:00:57,539",
        "text": "hey like let's not play this hangout you\n"
    },
    {
        "number": "29",
        "stopTime": "00:01:04,320",
        "startTime": "00:01:00,750",
        "text": "know so it's like it's totally friendly\n"
    },
    {
        "number": "30",
        "stopTime": "00:01:06,390",
        "startTime": "00:01:02,640",
        "text": "turn or we're just going to pass and be\n"
    },
    {
        "number": "31",
        "stopTime": "00:01:09,060",
        "startTime": "00:01:04,320",
        "text": "like no we're not hanging out with that\n"
    },
    {
        "number": "32",
        "stopTime": "00:01:11,790",
        "startTime": "00:01:06,390",
        "text": "person thats also means but we're we're\n"
    },
    {
        "number": "33",
        "stopTime": "00:01:13,590",
        "startTime": "00:01:09,060",
        "text": "passing for whatever reason i'm going to\n"
    },
    {
        "number": "34",
        "stopTime": "00:01:15,720",
        "startTime": "00:01:11,790",
        "text": "like read what you guys sent me now and\n"
    },
    {
        "number": "35",
        "stopTime": "00:01:17,880",
        "startTime": "00:01:13,590",
        "text": "tell you guys if I would smash or pass\n"
    },
    {
        "number": "36",
        "stopTime": "00:01:21,990",
        "startTime": "00:01:15,720",
        "text": "to disney cars if you guys sent me your\n"
    },
    {
        "number": "37",
        "stopTime": "00:01:24,090",
        "startTime": "00:01:17,880",
        "text": "I was totally smashed with your here is\n"
    },
    {
        "number": "38",
        "stopTime": "00:01:26,009",
        "startTime": "00:01:21,990",
        "text": "great i am sitting here so cute and I\n"
    },
    {
        "number": "39",
        "stopTime": "00:01:28,560",
        "startTime": "00:01:24,090",
        "text": "feel really bad for York because usually\n"
    },
    {
        "number": "40",
        "stopTime": "00:01:30,509",
        "startTime": "00:01:26,009",
        "text": "lonely a lot and I don't want him to do\n"
    },
    {
        "number": "41",
        "stopTime": "00:01:33,869",
        "startTime": "00:01:28,560",
        "text": "a late I spend a lot of time alone too\n"
    },
    {
        "number": "42",
        "stopTime": "00:01:37,200",
        "startTime": "00:01:30,509",
        "text": "so your looks like what smash hang out\n"
    },
    {
        "number": "43",
        "stopTime": "00:01:39,900",
        "startTime": "00:01:33,869",
        "text": "with the best friends hola hmm but I\n"
    },
    {
        "number": "44",
        "stopTime": "00:01:42,780",
        "startTime": "00:01:37,200",
        "text": "want to face than that just because he's\n"
    },
    {
        "number": "45",
        "stopTime": "00:01:44,970",
        "startTime": "00:01:39,900",
        "text": "in a snowman and so many cute I think\n"
    },
    {
        "number": "46",
        "stopTime": "00:01:47,130",
        "startTime": "00:01:42,780",
        "text": "did it really like frozen too much even\n"
    },
    {
        "number": "47",
        "stopTime": "00:01:49,890",
        "startTime": "00:01:44,970",
        "text": "have everyone like love prison but I\n"
    },
    {
        "number": "48",
        "stopTime": "00:01:53,009",
        "startTime": "00:01:47,130",
        "text": "don't got passing oo oo could easily\n"
    },
    {
        "number": "49",
        "stopTime": "00:01:54,630",
        "startTime": "00:01:49,890",
        "text": "friendly at night and you snowman so I'm\n"
    },
    {
        "number": "50",
        "stopTime": "00:01:58,409",
        "startTime": "00:01:53,009",
        "text": "like a mixed but I guess we'll smash\n"
    },
    {
        "number": "51",
        "stopTime": "00:02:01,590",
        "startTime": "00:01:54,630",
        "text": "most place natural haha oh my gosh whoa\n"
    },
    {
        "number": "52",
        "stopTime": "00:02:03,180",
        "startTime": "00:01:58,409",
        "text": "I think of some type of Alliance I don't\n"
    },
    {
        "number": "53",
        "stopTime": "00:02:04,829",
        "startTime": "00:02:01,590",
        "text": "know i'm not actually maybe not a lot\n"
    },
    {
        "number": "54",
        "stopTime": "00:02:07,140",
        "startTime": "00:02:03,180",
        "text": "and I can actually no I don't think it's\n"
    },
    {
        "number": "55",
        "stopTime": "00:02:10,110",
        "startTime": "00:02:04,829",
        "text": "a lot of never mind but I no idea with\n"
    },
    {
        "number": "56",
        "stopTime": "00:02:13,560",
        "startTime": "00:02:07,140",
        "text": "this guy's scary though it a little bit\n"
    },
    {
        "number": "57",
        "stopTime": "00:02:15,599",
        "startTime": "00:02:10,110",
        "text": "evil so I'm sorry this guy if I'm wrong\n"
    },
    {
        "number": "58",
        "stopTime": "00:02:17,430",
        "startTime": "00:02:13,560",
        "text": "if you meeting is nice and easy not evil\n"
    },
    {
        "number": "59",
        "stopTime": "00:02:21,150",
        "startTime": "00:02:15,599",
        "text": "sometimes looks can be deceiving you\n"
    },
    {
        "number": "60",
        "stopTime": "00:02:23,340",
        "startTime": "00:02:17,430",
        "text": "know I'm going tuesday passed by the way\n"
    },
    {
        "number": "61",
        "stopTime": "00:02:25,830",
        "startTime": "00:02:21,150",
        "text": "how does this crusty old bitch get your\n"
    },
    {
        "number": "62",
        "stopTime": "00:02:28,470",
        "startTime": "00:02:23,340",
        "text": "necklace oh my gosh this guy doesn't\n"
    },
    {
        "number": "63",
        "stopTime": "00:02:31,050",
        "startTime": "00:02:25,830",
        "text": "wear a necklace woke up for democracy\n"
    },
    {
        "number": "64",
        "stopTime": "00:02:33,120",
        "startTime": "00:02:28,470",
        "text": "old men but I'm good because if you look\n"
    },
    {
        "number": "65",
        "stopTime": "00:02:35,459",
        "startTime": "00:02:31,050",
        "text": "like you might possess my soul bleeding\n"
    },
    {
        "number": "66",
        "stopTime": "00:02:38,580",
        "startTime": "00:02:33,120",
        "text": "out if you feel like he's white eyes was\n"
    },
    {
        "number": "67",
        "stopTime": "00:02:41,819",
        "startTime": "00:02:35,459",
        "text": "like no pupils or anything I just feel\n"
    },
    {
        "number": "68",
        "stopTime": "00:02:44,790",
        "startTime": "00:02:38,580",
        "text": "like he wants to do this me so I'm going\n"
    },
    {
        "number": "69",
        "stopTime": "00:02:46,830",
        "startTime": "00:02:41,819",
        "text": "to see half what are you from choice or\n"
    },
    {
        "number": "70",
        "stopTime": "00:02:49,230",
        "startTime": "00:02:44,790",
        "text": "what kind of pictures is this so oh my\n"
    },
    {
        "number": "71",
        "stopTime": "00:02:51,810",
        "startTime": "00:02:46,830",
        "text": "gosh okay well normally I'm a face mask\n"
    },
    {
        "number": "72",
        "stopTime": "00:02:54,180",
        "startTime": "00:02:49,230",
        "text": "I love woody woody is my favorite toy\n"
    },
    {
        "number": "73",
        "stopTime": "00:02:56,819",
        "startTime": "00:02:51,810",
        "text": "story character but this picture for the\n"
    },
    {
        "number": "74",
        "stopTime": "00:02:59,489",
        "startTime": "00:02:54,180",
        "text": "safe house is then scary where you going\n"
    },
    {
        "number": "75",
        "stopTime": "00:03:01,680",
        "startTime": "00:02:56,819",
        "text": "to find stuff area area is gonna be\n"
    },
    {
        "number": "76",
        "stopTime": "00:03:03,090",
        "startTime": "00:02:59,489",
        "text": "smashed she's totally cool year by the\n"
    },
    {
        "number": "77",
        "stopTime": "00:03:05,040",
        "startTime": "00:03:01,680",
        "text": "way with always attached using the\n"
    },
    {
        "number": "78",
        "stopTime": "00:03:07,230",
        "startTime": "00:03:03,090",
        "text": "piercing and I would actually love to\n"
    },
    {
        "number": "79",
        "stopTime": "00:03:08,700",
        "startTime": "00:03:05,040",
        "text": "hang out with Ariel Ariel has always\n"
    },
    {
        "number": "80",
        "stopTime": "00:03:11,940",
        "startTime": "00:03:07,230",
        "text": "been like my favorite Disney Princess\n"
    },
    {
        "number": "81",
        "stopTime": "00:03:14,010",
        "startTime": "00:03:08,700",
        "text": "though yes and turn me into a mermaid\n"
    },
    {
        "number": "82",
        "stopTime": "00:03:15,750",
        "startTime": "00:03:11,940",
        "text": "going to be so fun because my trading\n"
    },
    {
        "number": "83",
        "stopTime": "00:03:18,480",
        "startTime": "00:03:14,010",
        "text": "places like should give me a human on\n"
    },
    {
        "number": "84",
        "stopTime": "00:03:20,190",
        "startTime": "00:03:15,750",
        "text": "albion mermaid gonna be great and then\n"
    },
    {
        "number": "85",
        "stopTime": "00:03:22,680",
        "startTime": "00:03:18,480",
        "text": "like jacob visit me in to defeat we'll\n"
    },
    {
        "number": "86",
        "stopTime": "00:03:26,250",
        "startTime": "00:03:20,190",
        "text": "hang out we super gone through wish from\n"
    },
    {
        "number": "87",
        "stopTime": "00:03:29,010",
        "startTime": "00:03:22,680",
        "text": "Snow White I'm going to pastors and few\n"
    },
    {
        "number": "88",
        "stopTime": "00:03:31,019",
        "startTime": "00:03:26,250",
        "text": "seems really evil he tries to make the\n"
    },
    {
        "number": "89",
        "stopTime": "00:03:33,659",
        "startTime": "00:03:29,010",
        "text": "white eat like an evil apple or\n"
    },
    {
        "number": "90",
        "stopTime": "00:03:35,610",
        "startTime": "00:03:31,019",
        "text": "something I really prefer if it happens\n"
    },
    {
        "number": "91",
        "stopTime": "00:03:37,379",
        "startTime": "00:03:33,659",
        "text": "to me and that I don't like how that\n"
    },
    {
        "number": "92",
        "stopTime": "00:03:40,200",
        "startTime": "00:03:35,610",
        "text": "happens it doesn't seem fun while\n"
    },
    {
        "number": "93",
        "stopTime": "00:03:42,540",
        "startTime": "00:03:37,379",
        "text": "they're all definitely smash responders\n"
    },
    {
        "number": "94",
        "stopTime": "00:03:46,260",
        "startTime": "00:03:40,200",
        "text": "vomit you so much fun foods or ammonia\n"
    },
    {
        "number": "95",
        "stopTime": "00:03:49,830",
        "startTime": "00:03:42,540",
        "text": "six is around whoa this is like Elsa and\n"
    },
    {
        "number": "96",
        "stopTime": "00:03:52,620",
        "startTime": "00:03:46,260",
        "text": "frozen is pictured and a few with like\n"
    },
    {
        "number": "97",
        "stopTime": "00:03:54,689",
        "startTime": "00:03:49,830",
        "text": "like like like like slick support richer\n"
    },
    {
        "number": "98",
        "stopTime": "00:03:58,379",
        "startTime": "00:03:52,620",
        "text": "fremont so is this kind of crazy\n"
    },
    {
        "number": "99",
        "stopTime": "00:03:59,600",
        "startTime": "00:03:54,689",
        "text": "pictures I'll smash else's not like that\n"
    },
    {
        "number": "100",
        "stopTime": "00:04:01,730",
        "startTime": "00:03:58,379",
        "text": "so light\n"
    },
    {
        "number": "101",
        "stopTime": "00:04:04,040",
        "startTime": "00:03:59,600",
        "text": "I know that would be cool if I had to\n"
    },
    {
        "number": "102",
        "stopTime": "00:04:06,920",
        "startTime": "00:04:01,730",
        "text": "pick a favorite frozen princess I depict\n"
    },
    {
        "number": "103",
        "stopTime": "00:04:09,470",
        "startTime": "00:04:04,040",
        "text": "also that cuz I look like the coolest us\n"
    },
    {
        "number": "104",
        "stopTime": "00:04:10,970",
        "startTime": "00:04:06,920",
        "text": "and sprinkles so she's cool even if\n"
    },
    {
        "number": "105",
        "stopTime": "00:04:13,160",
        "startTime": "00:04:09,470",
        "text": "she's an ice princess to like she is\n"
    },
    {
        "number": "106",
        "stopTime": "00:04:16,010",
        "startTime": "00:04:10,970",
        "text": "cool so she can teach me enough be cold\n"
    },
    {
        "number": "107",
        "stopTime": "00:04:17,750",
        "startTime": "00:04:13,160",
        "text": "then cold all the time Cinderella not\n"
    },
    {
        "number": "108",
        "stopTime": "00:04:19,790",
        "startTime": "00:04:16,010",
        "text": "Cinderella this is such an offer\n"
    },
    {
        "number": "109",
        "stopTime": "00:04:22,400",
        "startTime": "00:04:17,750",
        "text": "something video me and Israel are gonna\n"
    },
    {
        "number": "110",
        "stopTime": "00:04:25,430",
        "startTime": "00:04:19,790",
        "text": "hang out we can go like finally shoes\n"
    },
    {
        "number": "111",
        "stopTime": "00:04:27,650",
        "startTime": "00:04:22,400",
        "text": "together so yeah Matt beast from beauty\n"
    },
    {
        "number": "112",
        "stopTime": "00:04:30,110",
        "startTime": "00:04:25,430",
        "text": "in the beast mass because he was\n"
    },
    {
        "number": "113",
        "stopTime": "00:04:31,730",
        "startTime": "00:04:27,650",
        "text": "actually really nice I think that beyond\n"
    },
    {
        "number": "114",
        "stopTime": "00:04:33,290",
        "startTime": "00:04:30,110",
        "text": "like a really beautiful soul and that's\n"
    },
    {
        "number": "115",
        "stopTime": "00:04:35,210",
        "startTime": "00:04:31,730",
        "text": "like Bella and started falling in love\n"
    },
    {
        "number": "116",
        "stopTime": "00:04:37,490",
        "startTime": "00:04:33,290",
        "text": "is when she found out the kind of person\n"
    },
    {
        "number": "117",
        "stopTime": "00:04:39,080",
        "startTime": "00:04:35,210",
        "text": "anyone even if you looked scary she fell\n"
    },
    {
        "number": "118",
        "stopTime": "00:04:41,120",
        "startTime": "00:04:37,490",
        "text": "in love with who he was just a beautiful\n"
    },
    {
        "number": "119",
        "stopTime": "00:04:43,100",
        "startTime": "00:04:39,080",
        "text": "thing which he fell in love him for who\n"
    },
    {
        "number": "120",
        "stopTime": "00:04:46,730",
        "startTime": "00:04:41,120",
        "text": "he truly it I think that he seems like a\n"
    },
    {
        "number": "121",
        "stopTime": "00:04:49,490",
        "startTime": "00:04:43,100",
        "text": "beautiful creatures so yeah not so we\n"
    },
    {
        "number": "122",
        "stopTime": "00:04:52,640",
        "startTime": "00:04:46,730",
        "text": "need a few match we need to do is so\n"
    },
    {
        "number": "123",
        "stopTime": "00:04:55,610",
        "startTime": "00:04:49,490",
        "text": "cute Hercules I've actually seen\n"
    },
    {
        "number": "124",
        "stopTime": "00:04:57,920",
        "startTime": "00:04:52,640",
        "text": "Hercules but i'm going to thank much her\n"
    },
    {
        "number": "125",
        "stopTime": "00:05:01,490",
        "startTime": "00:04:55,610",
        "text": "Joey seems like a cool very heroic\n"
    },
    {
        "number": "126",
        "stopTime": "00:05:04,310",
        "startTime": "00:04:57,920",
        "text": "person Mickey Mouse not obviously used\n"
    },
    {
        "number": "127",
        "stopTime": "00:05:07,520",
        "startTime": "00:05:01,490",
        "text": "to King he's like the king of Disney\n"
    },
    {
        "number": "128",
        "stopTime": "00:05:10,370",
        "startTime": "00:05:04,310",
        "text": "like everyone busy he's the king so get\n"
    },
    {
        "number": "129",
        "stopTime": "00:05:12,680",
        "startTime": "00:05:07,520",
        "text": "a smash me he's the best submitting is\n"
    },
    {
        "number": "130",
        "stopTime": "00:05:14,240",
        "startTime": "00:05:10,370",
        "text": "coming I'll at something McGee like but\n"
    },
    {
        "number": "131",
        "stopTime": "00:05:18,320",
        "startTime": "00:05:12,680",
        "text": "I think you are like so much for this\n"
    },
    {
        "number": "132",
        "stopTime": "00:05:21,740",
        "startTime": "00:05:14,240",
        "text": "like more spaced out kinda me mouth I\n"
    },
    {
        "number": "133",
        "stopTime": "00:05:25,670",
        "startTime": "00:05:18,320",
        "text": "think max is he's bitchy mission awesome\n"
    },
    {
        "number": "134",
        "stopTime": "00:05:27,980",
        "startTime": "00:05:21,740",
        "text": "Aladdin hmm not a lot of exterior might\n"
    },
    {
        "number": "135",
        "stopTime": "00:05:32,030",
        "startTime": "00:05:25,670",
        "text": "be kind of astro doughnuts and I used to\n"
    },
    {
        "number": "136",
        "stopTime": "00:05:33,860",
        "startTime": "00:05:27,980",
        "text": "be assessment so yes alice from alice in\n"
    },
    {
        "number": "137",
        "stopTime": "00:05:36,140",
        "startTime": "00:05:32,030",
        "text": "wonderland i would love to hang out with\n"
    },
    {
        "number": "138",
        "stopTime": "00:05:38,780",
        "startTime": "00:05:33,860",
        "text": "Allison Allison was there is to have\n"
    },
    {
        "number": "139",
        "stopTime": "00:05:41,840",
        "startTime": "00:05:36,140",
        "text": "face to not because to be cool to see\n"
    },
    {
        "number": "140",
        "stopTime": "00:05:43,940",
        "startTime": "00:05:38,780",
        "text": "creditors he seems like a cool person\n"
    },
    {
        "number": "141",
        "stopTime": "00:05:45,440",
        "startTime": "00:05:41,840",
        "text": "like that tool like magical Wonderland\n"
    },
    {
        "number": "142",
        "stopTime": "00:05:48,680",
        "startTime": "00:05:43,940",
        "text": "and I certainly don't be so cool to do\n"
    },
    {
        "number": "143",
        "stopTime": "00:05:51,350",
        "startTime": "00:05:45,440",
        "text": "that Peter Pan max Peter Pan is awesome\n"
    },
    {
        "number": "144",
        "stopTime": "00:05:53,930",
        "startTime": "00:05:48,680",
        "text": "he has like a young soul forever scar\n"
    },
    {
        "number": "145",
        "stopTime": "00:05:56,510",
        "startTime": "00:05:51,350",
        "text": "from the lion king oh my gosh pass some\n"
    },
    {
        "number": "146",
        "stopTime": "00:05:58,910",
        "startTime": "00:05:53,930",
        "text": "scar from the lion king stars terrible\n"
    },
    {
        "number": "147",
        "stopTime": "00:06:02,000",
        "startTime": "00:05:56,510",
        "text": "he nixed easily statuses like that bad\n"
    },
    {
        "number": "148",
        "stopTime": "00:06:03,919",
        "startTime": "00:05:58,910",
        "text": "things dozen white pink so I definitely\n"
    },
    {
        "number": "149",
        "stopTime": "00:06:06,320",
        "startTime": "00:06:02,000",
        "text": "do not want to hang out with him meebo\n"
    },
    {
        "number": "150",
        "stopTime": "00:06:08,690",
        "startTime": "00:06:03,919",
        "text": "is dick oh my god i enjoyed you smashed\n"
    },
    {
        "number": "151",
        "stopTime": "00:06:11,180",
        "startTime": "00:06:06,320",
        "text": "both at us there was so often into you\n"
    },
    {
        "number": "152",
        "stopTime": "00:06:13,160",
        "startTime": "00:06:08,690",
        "text": "at such a good movie yesterday it does\n"
    },
    {
        "number": "153",
        "stopTime": "00:06:15,470",
        "startTime": "00:06:11,180",
        "text": "count okay guys if you don't cut their\n"
    },
    {
        "number": "154",
        "stopTime": "00:06:17,600",
        "startTime": "00:06:13,160",
        "text": "Wars characters then you should because\n"
    },
    {
        "number": "155",
        "stopTime": "00:06:19,610",
        "startTime": "00:06:15,470",
        "text": "Disney technically on Star Wars out and\n"
    },
    {
        "number": "156",
        "stopTime": "00:06:22,700",
        "startTime": "00:06:17,600",
        "text": "I love story so as the servers in here\n"
    },
    {
        "number": "157",
        "stopTime": "00:06:24,770",
        "startTime": "00:06:19,610",
        "text": "and I think not the devastated because\n"
    },
    {
        "number": "158",
        "stopTime": "00:06:26,810",
        "startTime": "00:06:22,700",
        "text": "even though i'd normally I want to pop\n"
    },
    {
        "number": "159",
        "stopTime": "00:06:28,850",
        "startTime": "00:06:24,770",
        "text": "the nose and not like be playing smash\n"
    },
    {
        "number": "160",
        "stopTime": "00:06:30,919",
        "startTime": "00:06:26,810",
        "text": "events for like hanging out for whatever\n"
    },
    {
        "number": "161",
        "stopTime": "00:06:35,150",
        "startTime": "00:06:28,850",
        "text": "her theater is a great villain he is\n"
    },
    {
        "number": "162",
        "stopTime": "00:06:37,340",
        "startTime": "00:06:30,919",
        "text": "often so mass Prince Eric Massey is such\n"
    },
    {
        "number": "163",
        "stopTime": "00:06:40,430",
        "startTime": "00:06:35,150",
        "text": "a cool print he's probably my favorite\n"
    },
    {
        "number": "164",
        "stopTime": "00:06:42,949",
        "startTime": "00:06:37,340",
        "text": "Prince I think on Disney princes cross\n"
    },
    {
        "number": "165",
        "stopTime": "00:06:44,720",
        "startTime": "00:06:40,430",
        "text": "why do not know what croc is from if you\n"
    },
    {
        "number": "166",
        "stopTime": "00:06:46,639",
        "startTime": "00:06:42,949",
        "text": "found my efforts me groove or something\n"
    },
    {
        "number": "167",
        "stopTime": "00:06:48,770",
        "startTime": "00:06:44,720",
        "text": "I've seen this show like the efforts me\n"
    },
    {
        "number": "168",
        "stopTime": "00:06:50,690",
        "startTime": "00:06:46,639",
        "text": "schoolgirl whatever but I actually\n"
    },
    {
        "number": "169",
        "stopTime": "00:06:52,460",
        "startTime": "00:06:48,770",
        "text": "haven't seen the aspiration you provide\n"
    },
    {
        "number": "170",
        "stopTime": "00:06:55,490",
        "startTime": "00:06:50,690",
        "text": "update but hey you look like a nice\n"
    },
    {
        "number": "171",
        "stopTime": "00:06:58,550",
        "startTime": "00:06:52,460",
        "text": "friendly guys so yeah looks like smashed\n"
    },
    {
        "number": "172",
        "stopTime": "00:07:00,889",
        "startTime": "00:06:55,490",
        "text": "hang out no way despicable like take\n"
    },
    {
        "number": "173",
        "stopTime": "00:07:02,360",
        "startTime": "00:06:58,550",
        "text": "your hair like those punk at it Alice\n"
    },
    {
        "number": "174",
        "stopTime": "00:07:05,180",
        "startTime": "00:07:00,889",
        "text": "max you're not going to hang out with\n"
    },
    {
        "number": "175",
        "stopTime": "00:07:09,020",
        "startTime": "00:07:02,360",
        "text": "the evil witch so next hero oh my gosh\n"
    },
    {
        "number": "176",
        "stopTime": "00:07:13,220",
        "startTime": "00:07:05,180",
        "text": "mass Europe and a max Q I love big hero\n"
    },
    {
        "number": "177",
        "stopTime": "00:07:16,270",
        "startTime": "00:07:09,020",
        "text": "6 so much joy I haven't seen emotions\n"
    },
    {
        "number": "178",
        "stopTime": "00:07:19,340",
        "startTime": "00:07:13,220",
        "text": "but do I looks like she's just oh joy so\n"
    },
    {
        "number": "179",
        "stopTime": "00:07:21,979",
        "startTime": "00:07:16,270",
        "text": "oh my god thank you guys for sending me\n"
    },
    {
        "number": "180",
        "stopTime": "00:07:23,690",
        "startTime": "00:07:19,340",
        "text": "your smash or pass it I really hope that\n"
    },
    {
        "number": "181",
        "stopTime": "00:07:25,669",
        "startTime": "00:07:21,979",
        "text": "you guys like this video give it a like\n"
    },
    {
        "number": "182",
        "stopTime": "00:07:26,910",
        "startTime": "00:07:23,690",
        "text": "if you liked it beautiful on you guys\n"
    },
    {
        "number": "183",
        "stopTime": "00:07:28,470",
        "startTime": "00:07:25,669",
        "text": "liked it I don't know\n"
    },
    {
        "number": "184",
        "stopTime": "00:07:30,840",
        "startTime": "00:07:26,910",
        "text": "Beyonce another why maybe I'll be like a\n"
    },
    {
        "number": "185",
        "stopTime": "00:07:32,580",
        "startTime": "00:07:28,470",
        "text": "Pokemon one or something and subscribe\n"
    },
    {
        "number": "186",
        "stopTime": "00:07:34,980",
        "startTime": "00:07:30,840",
        "text": "to my youtube channel if you want to see\n"
    },
    {
        "number": "187",
        "stopTime": "00:07:36,510",
        "startTime": "00:07:32,580",
        "text": "more videos for me also you'll be a VIP\n"
    },
    {
        "number": "188",
        "stopTime": "00:07:38,040",
        "startTime": "00:07:34,980",
        "text": "member of the calls all you're going to\n"
    },
    {
        "number": "189",
        "stopTime": "00:07:40,230",
        "startTime": "00:07:36,510",
        "text": "do to doing the call to give the video a\n"
    },
    {
        "number": "190",
        "stopTime": "00:07:42,360",
        "startTime": "00:07:38,040",
        "text": "like subscribe for like a VIP members\n"
    },
    {
        "number": "191",
        "stopTime": "00:07:44,160",
        "startTime": "00:07:40,230",
        "text": "cult it's super easy also be sure to\n"
    },
    {
        "number": "192",
        "stopTime": "00:07:46,410",
        "startTime": "00:07:42,360",
        "text": "click the bell icon you want to be\n"
    },
    {
        "number": "193",
        "stopTime": "00:07:47,730",
        "startTime": "00:07:44,160",
        "text": "notified ever I post a new video because\n"
    },
    {
        "number": "194",
        "stopTime": "00:07:49,740",
        "startTime": "00:07:46,410",
        "text": "once you press that it should tell you\n"
    },
    {
        "number": "195",
        "stopTime": "00:07:51,780",
        "startTime": "00:07:47,730",
        "text": "like I cook and I was videos a lot I\n"
    },
    {
        "number": "196",
        "stopTime": "00:07:55,020",
        "startTime": "00:07:49,740",
        "text": "ready Joe so much i'll see you in my\n"
    },
    {
        "number": "197",
        "stopTime": "00:08:16,070",
        "startTime": "00:07:51,780",
        "text": "next video okay bye\n"
    },
    {
        "number": "198",
        "stopTime": "00:08:16,070",
        "startTime": "00:07:55,020",
        "text": "[Music]\n"
    }
]