[
    {
        "number": "1",
        "stopTime": "00:00:14,040",
        "startTime": "00:00:00,000",
        "text": "hello I made you my big cock may come\n"
    },
    {
        "number": "2",
        "stopTime": "00:00:18,090",
        "startTime": "00:00:09,420",
        "text": "over look can't we are we ready I'm\n"
    },
    {
        "number": "3",
        "stopTime": "00:00:22,410",
        "startTime": "00:00:14,040",
        "text": "gonna be beautiful haha hey guys today\n"
    },
    {
        "number": "4",
        "stopTime": "00:00:25,350",
        "startTime": "00:00:18,090",
        "text": "I'm here with my mom hell of a night so\n"
    },
    {
        "number": "5",
        "stopTime": "00:00:27,420",
        "startTime": "00:00:22,410",
        "text": "excited so excited again and I'm going\n"
    },
    {
        "number": "6",
        "stopTime": "00:00:29,849",
        "startTime": "00:00:25,350",
        "text": "to do something really cool tonight like\n"
    },
    {
        "number": "7",
        "stopTime": "00:00:34,230",
        "startTime": "00:00:27,420",
        "text": "she actually came on today he's like you\n"
    },
    {
        "number": "8",
        "stopTime": "00:00:37,200",
        "startTime": "00:00:29,849",
        "text": "know me cause we're able dutiful you are\n"
    },
    {
        "number": "9",
        "stopTime": "00:00:39,809",
        "startTime": "00:00:34,230",
        "text": "known you longer to count is 2 so this\n"
    },
    {
        "number": "10",
        "stopTime": "00:00:41,640",
        "startTime": "00:00:37,200",
        "text": "is like you know a anime habano I'm\n"
    },
    {
        "number": "11",
        "stopTime": "00:00:44,730",
        "startTime": "00:00:39,809",
        "text": "actually believe you can make it for her\n"
    },
    {
        "number": "12",
        "stopTime": "00:00:46,289",
        "startTime": "00:00:41,640",
        "text": "and if you do I'm gonna need her lip\n"
    },
    {
        "number": "13",
        "stopTime": "00:00:50,430",
        "startTime": "00:00:44,730",
        "text": "service I mean you already look\n"
    },
    {
        "number": "14",
        "stopTime": "00:00:53,219",
        "startTime": "00:00:46,289",
        "text": "beautiful but i'm going to make fun okay\n"
    },
    {
        "number": "15",
        "stopTime": "00:00:55,739",
        "startTime": "00:00:50,430",
        "text": "all right i excised using my makeup so\n"
    },
    {
        "number": "16",
        "stopTime": "00:00:58,260",
        "startTime": "00:00:53,219",
        "text": "she did that normally use my makeup like\n"
    },
    {
        "number": "17",
        "stopTime": "00:01:02,760",
        "startTime": "00:00:55,739",
        "text": "normally so just use internal makeup who\n"
    },
    {
        "number": "18",
        "stopTime": "00:01:06,510",
        "startTime": "00:00:58,260",
        "text": "use an ominous you know that yeah these\n"
    },
    {
        "number": "19",
        "stopTime": "00:01:08,640",
        "startTime": "00:01:02,760",
        "text": "lines this is open tomato but not like\n"
    },
    {
        "number": "20",
        "stopTime": "00:01:11,220",
        "startTime": "00:01:06,510",
        "text": "you now make me email making some sue a\n"
    },
    {
        "number": "21",
        "stopTime": "00:01:13,979",
        "startTime": "00:01:08,640",
        "text": "little i do good okay it should be very\n"
    },
    {
        "number": "22",
        "stopTime": "00:01:16,229",
        "startTime": "00:01:11,220",
        "text": "beneficial of it and a foul I mean it's\n"
    },
    {
        "number": "23",
        "stopTime": "00:01:19,080",
        "startTime": "00:01:13,979",
        "text": "going to be a good experience okay but\n"
    },
    {
        "number": "24",
        "stopTime": "00:01:21,930",
        "startTime": "00:01:16,229",
        "text": "was giving me a look like oh oh here she\n"
    },
    {
        "number": "25",
        "stopTime": "00:01:23,790",
        "startTime": "00:01:19,080",
        "text": "goes yeah you know first time we didn't\n"
    },
    {
        "number": "26",
        "stopTime": "00:01:25,920",
        "startTime": "00:01:21,930",
        "text": "know you had such following some places\n"
    },
    {
        "number": "27",
        "stopTime": "00:01:30,060",
        "startTime": "00:01:23,790",
        "text": "I go people actually recognize me which\n"
    },
    {
        "number": "28",
        "stopTime": "00:01:32,670",
        "startTime": "00:01:25,920",
        "text": "is really scary you're a come on this is\n"
    },
    {
        "number": "29",
        "stopTime": "00:01:35,040",
        "startTime": "00:01:30,060",
        "text": "your cup of tea maybe I sequester my own\n"
    },
    {
        "number": "30",
        "stopTime": "00:01:38,220",
        "startTime": "00:01:32,670",
        "text": "sake I didn't want to measure only if\n"
    },
    {
        "number": "31",
        "stopTime": "00:01:42,509",
        "startTime": "00:01:35,040",
        "text": "you can also make your own YouTube chill\n"
    },
    {
        "number": "32",
        "stopTime": "00:01:44,850",
        "startTime": "00:01:38,220",
        "text": "I would subscribe we on alright so we're\n"
    },
    {
        "number": "33",
        "stopTime": "00:01:47,729",
        "startTime": "00:01:42,509",
        "text": "going to do your own bacon so this is my\n"
    },
    {
        "number": "34",
        "stopTime": "00:01:49,979",
        "startTime": "00:01:44,850",
        "text": "foundation ok I think me mum when you're\n"
    },
    {
        "number": "35",
        "stopTime": "00:01:53,260",
        "startTime": "00:01:47,729",
        "text": "in different colors ex-wife okay look\n"
    },
    {
        "number": "36",
        "stopTime": "00:01:55,830",
        "startTime": "00:01:49,979",
        "text": "I'm gonna like kale person but ok\n"
    },
    {
        "number": "37",
        "stopTime": "00:02:00,670",
        "startTime": "00:01:53,260",
        "text": "inside you don't put anything under all\n"
    },
    {
        "number": "38",
        "stopTime": "00:02:02,860",
        "startTime": "00:01:55,830",
        "text": "people do like I don't feel but I put\n"
    },
    {
        "number": "39",
        "stopTime": "00:02:05,200",
        "startTime": "00:02:00,670",
        "text": "like the green address block south as\n"
    },
    {
        "number": "40",
        "stopTime": "00:02:08,140",
        "startTime": "00:02:02,860",
        "text": "red as I have but that's okay a\n"
    },
    {
        "number": "41",
        "stopTime": "00:02:11,560",
        "startTime": "00:02:05,200",
        "text": "beautiful are you ready oh you're in\n"
    },
    {
        "number": "42",
        "stopTime": "00:02:14,380",
        "startTime": "00:02:08,140",
        "text": "Italy is all I combinations oh ok you\n"
    },
    {
        "number": "43",
        "stopTime": "00:02:17,410",
        "startTime": "00:02:11,560",
        "text": "don't put my job I'm here labreche I\n"
    },
    {
        "number": "44",
        "stopTime": "00:02:22,120",
        "startTime": "00:02:14,380",
        "text": "don't feel any fun day sorry Jeff sorry\n"
    },
    {
        "number": "45",
        "stopTime": "00:02:26,430",
        "startTime": "00:02:17,410",
        "text": "oh yeah wonderful thank your makeup\n"
    },
    {
        "number": "46",
        "stopTime": "00:02:35,590",
        "startTime": "00:02:22,120",
        "text": "she's like a soap yeah really feels only\n"
    },
    {
        "number": "47",
        "stopTime": "00:02:45,010",
        "startTime": "00:02:26,430",
        "text": "joking so exactly I make up feeling mom\n"
    },
    {
        "number": "48",
        "stopTime": "00:02:55,570",
        "startTime": "00:02:35,590",
        "text": "como a spa through this trophy right ok\n"
    },
    {
        "number": "49",
        "stopTime": "00:02:58,090",
        "startTime": "00:02:45,010",
        "text": "ok so i can you type ok so you like\n"
    },
    {
        "number": "50",
        "stopTime": "00:03:02,320",
        "startTime": "00:02:55,570",
        "text": "using a brush I always did the brush I\n"
    },
    {
        "number": "51",
        "stopTime": "00:03:05,830",
        "startTime": "00:02:58,090",
        "text": "like you is fun it's like spongebob yes\n"
    },
    {
        "number": "52",
        "stopTime": "00:03:11,890",
        "startTime": "00:03:02,320",
        "text": "good I can't there bouvet I wanna see\n"
    },
    {
        "number": "53",
        "stopTime": "00:03:13,660",
        "startTime": "00:03:05,830",
        "text": "some za swimmy aye captain here the\n"
    },
    {
        "number": "54",
        "stopTime": "00:03:19,510",
        "startTime": "00:03:11,890",
        "text": "tricks i respond to go home the best\n"
    },
    {
        "number": "55",
        "stopTime": "00:03:22,540",
        "startTime": "00:03:13,660",
        "text": "time to enjoy sweater oh my god when you\n"
    },
    {
        "number": "56",
        "stopTime": "00:03:26,230",
        "startTime": "00:03:19,510",
        "text": "wear this dress sweater with one with\n"
    },
    {
        "number": "57",
        "stopTime": "00:03:29,110",
        "startTime": "00:03:22,540",
        "text": "the color run with the car Carol nah you\n"
    },
    {
        "number": "58",
        "stopTime": "00:03:31,660",
        "startTime": "00:03:26,230",
        "text": "don't know i don't like spongebob\n"
    },
    {
        "number": "59",
        "stopTime": "00:03:34,750",
        "startTime": "00:03:29,110",
        "text": "whether you want once the haunt andy is\n"
    },
    {
        "number": "60",
        "stopTime": "00:03:37,540",
        "startTime": "00:03:31,660",
        "text": "an advocate to know when an interesting\n"
    },
    {
        "number": "61",
        "stopTime": "00:03:42,910",
        "startTime": "00:03:34,750",
        "text": "i like them we have the jingles like\n"
    },
    {
        "number": "62",
        "stopTime": "00:03:44,710",
        "startTime": "00:03:37,540",
        "text": "this isn't like you know so is turn on\n"
    },
    {
        "number": "63",
        "stopTime": "00:03:48,670",
        "startTime": "00:03:42,910",
        "text": "bedrock Jeremiah\n"
    },
    {
        "number": "64",
        "stopTime": "00:03:51,040",
        "startTime": "00:03:44,710",
        "text": "a benefit is really quick I think it\n"
    },
    {
        "number": "65",
        "stopTime": "00:03:55,930",
        "startTime": "00:03:48,670",
        "text": "looks really good so far right okay like\n"
    },
    {
        "number": "66",
        "stopTime": "00:03:58,600",
        "startTime": "00:03:51,040",
        "text": "I said no gelatin hi all open suppose\n"
    },
    {
        "number": "67",
        "stopTime": "00:04:02,080",
        "startTime": "00:03:55,930",
        "text": "this little bit oh wow she's with get\n"
    },
    {
        "number": "68",
        "stopTime": "00:04:05,980",
        "startTime": "00:03:58,600",
        "text": "makeup little it not blended foot please\n"
    },
    {
        "number": "69",
        "stopTime": "00:04:08,350",
        "startTime": "00:04:02,080",
        "text": "closing rate it feels good he'll\n"
    },
    {
        "number": "70",
        "stopTime": "00:04:11,410",
        "startTime": "00:04:05,980",
        "text": "remember I'm going out now get some like\n"
    },
    {
        "number": "71",
        "stopTime": "00:04:13,180",
        "startTime": "00:04:08,350",
        "text": "Tyler y-you don't know where I later no\n"
    },
    {
        "number": "72",
        "stopTime": "00:04:15,340",
        "startTime": "00:04:11,410",
        "text": "what's your phone well that's a big\n"
    },
    {
        "number": "73",
        "stopTime": "00:04:20,350",
        "startTime": "00:04:13,180",
        "text": "reason if you look so shiny I will wash\n"
    },
    {
        "number": "74",
        "stopTime": "00:04:23,770",
        "startTime": "00:04:15,340",
        "text": "or grandma's rooms really happy yes okay\n"
    },
    {
        "number": "75",
        "stopTime": "00:04:28,780",
        "startTime": "00:04:20,350",
        "text": "all right thank you weapons at this spot\n"
    },
    {
        "number": "76",
        "stopTime": "00:04:33,610",
        "startTime": "00:04:23,770",
        "text": "a little the fuel to my errands come on\n"
    },
    {
        "number": "77",
        "stopTime": "00:04:35,530",
        "startTime": "00:04:28,780",
        "text": "what try my vinyl turn off is today but\n"
    },
    {
        "number": "78",
        "stopTime": "00:04:37,210",
        "startTime": "00:04:33,610",
        "text": "it looks really what it's like\n"
    },
    {
        "number": "79",
        "stopTime": "00:04:49,920",
        "startTime": "00:04:35,530",
        "text": "highlighter you don't like it highly to\n"
    },
    {
        "number": "80",
        "stopTime": "00:04:55,720",
        "startTime": "00:04:37,210",
        "text": "be good foster 8300 have a sauna on top\n"
    },
    {
        "number": "81",
        "stopTime": "00:04:58,330",
        "startTime": "00:04:49,920",
        "text": "what are you doing I'm doing away from\n"
    },
    {
        "number": "82",
        "stopTime": "00:05:02,080",
        "startTime": "00:04:55,720",
        "text": "facebook be finalized the finale every\n"
    },
    {
        "number": "83",
        "stopTime": "00:05:05,590",
        "startTime": "00:04:58,330",
        "text": "rock but yeah okay but now we're gonna\n"
    },
    {
        "number": "84",
        "stopTime": "00:05:07,990",
        "startTime": "00:05:02,080",
        "text": "do your eyes yes good one okay so let's\n"
    },
    {
        "number": "85",
        "stopTime": "00:05:11,260",
        "startTime": "00:05:05,590",
        "text": "look Holly love you something very\n"
    },
    {
        "number": "86",
        "stopTime": "00:05:13,750",
        "startTime": "00:05:07,990",
        "text": "neutral purple I really like a music\n"
    },
    {
        "number": "87",
        "stopTime": "00:05:17,830",
        "startTime": "00:05:11,260",
        "text": "purple will be purple yeah like a muted\n"
    },
    {
        "number": "88",
        "stopTime": "00:05:20,800",
        "startTime": "00:05:13,750",
        "text": "her braces we got this ahead I'm mission\n"
    },
    {
        "number": "89",
        "stopTime": "00:05:24,340",
        "startTime": "00:05:17,830",
        "text": "unify man painted all timing this is\n"
    },
    {
        "number": "90",
        "stopTime": "00:05:25,900",
        "startTime": "00:05:20,800",
        "text": "really John now it doesn't like me so\n"
    },
    {
        "number": "91",
        "stopTime": "00:05:29,350",
        "startTime": "00:05:24,340",
        "text": "like you think you know we could just\n"
    },
    {
        "number": "92",
        "stopTime": "00:05:31,950",
        "startTime": "00:05:25,900",
        "text": "the prior a toast it is it hi so sure\n"
    },
    {
        "number": "93",
        "stopTime": "00:05:33,900",
        "startTime": "00:05:29,350",
        "text": "the community is good for men\n"
    },
    {
        "number": "94",
        "stopTime": "00:05:36,000",
        "startTime": "00:05:31,950",
        "text": "by the end of the day but surely the\n"
    },
    {
        "number": "95",
        "stopTime": "00:05:39,290",
        "startTime": "00:05:33,900",
        "text": "ticket okay I get there soon mr.\n"
    },
    {
        "number": "96",
        "stopTime": "00:05:46,070",
        "startTime": "00:05:36,000",
        "text": "Napthine importance of the white color\n"
    },
    {
        "number": "97",
        "stopTime": "00:05:49,650",
        "startTime": "00:05:39,290",
        "text": "color is going to you are a natural oh\n"
    },
    {
        "number": "98",
        "stopTime": "00:05:54,840",
        "startTime": "00:05:46,070",
        "text": "this is natural rate which ok just jokin\n"
    },
    {
        "number": "99",
        "stopTime": "00:05:56,760",
        "startTime": "00:05:49,650",
        "text": "I are gonna do this by opposition yes I\n"
    },
    {
        "number": "100",
        "stopTime": "00:05:59,370",
        "startTime": "00:05:54,840",
        "text": "feel like it applies better to use me\n"
    },
    {
        "number": "101",
        "stopTime": "00:06:02,730",
        "startTime": "00:05:56,760",
        "text": "and great idea before of torque toys\n"
    },
    {
        "number": "102",
        "stopTime": "00:06:04,830",
        "startTime": "00:05:59,370",
        "text": "down I am getting excited yeah it's a\n"
    },
    {
        "number": "103",
        "stopTime": "00:06:07,110",
        "startTime": "00:06:02,730",
        "text": "little bit darker when it goes on so I\n"
    },
    {
        "number": "104",
        "stopTime": "00:06:12,630",
        "startTime": "00:06:04,830",
        "text": "thought I'm gonna look for the light and\n"
    },
    {
        "number": "105",
        "stopTime": "00:06:15,360",
        "startTime": "00:06:07,110",
        "text": "dark alone with you Oh with you oh he's\n"
    },
    {
        "number": "106",
        "stopTime": "00:06:18,210",
        "startTime": "00:06:12,630",
        "text": "not chancing it to feel a little bit\n"
    },
    {
        "number": "107",
        "stopTime": "00:06:36,000",
        "startTime": "00:06:15,360",
        "text": "done do you have any sisters you don't\n"
    },
    {
        "number": "108",
        "stopTime": "00:06:38,430",
        "startTime": "00:06:18,210",
        "text": "worry all new power oh yeah this dream\n"
    },
    {
        "number": "109",
        "stopTime": "00:06:42,660",
        "startTime": "00:06:36,000",
        "text": "or not there's like that ladies like\n"
    },
    {
        "number": "110",
        "stopTime": "00:06:46,020",
        "startTime": "00:06:38,430",
        "text": "this green a lazy people would go this\n"
    },
    {
        "number": "111",
        "stopTime": "00:06:53,640",
        "startTime": "00:06:42,660",
        "text": "way let's remember we go back that's you\n"
    },
    {
        "number": "112",
        "stopTime": "00:06:56,760",
        "startTime": "00:06:46,020",
        "text": "love me now the right margin great lunch\n"
    },
    {
        "number": "113",
        "stopTime": "00:06:59,250",
        "startTime": "00:06:53,640",
        "text": "this is squid over love it sorry I\n"
    },
    {
        "number": "114",
        "stopTime": "00:07:01,260",
        "startTime": "00:06:56,760",
        "text": "realized it now I want to go ahead and\n"
    },
    {
        "number": "115",
        "stopTime": "00:07:03,960",
        "startTime": "00:06:59,250",
        "text": "put its lending in the comments but like\n"
    },
    {
        "number": "116",
        "stopTime": "00:07:06,900",
        "startTime": "00:07:01,260",
        "text": "I all I think I think I know Sarah I\n"
    },
    {
        "number": "117",
        "stopTime": "00:07:09,870",
        "startTime": "00:07:03,960",
        "text": "don't want you thank you all right rear\n"
    },
    {
        "number": "118",
        "stopTime": "00:07:12,290",
        "startTime": "00:07:06,900",
        "text": "this one the ball enough to put your\n"
    },
    {
        "number": "119",
        "stopTime": "00:07:12,290",
        "startTime": "00:07:09,870",
        "text": "ugliness\n"
    },
    {
        "number": "120",
        "stopTime": "00:07:18,849",
        "startTime": "00:07:12,969",
        "text": "I'm all such great thank you put the\n"
    },
    {
        "number": "121",
        "stopTime": "00:07:20,949",
        "startTime": "00:07:15,909",
        "text": "oddball doing I mean so fearful oh yeah\n"
    },
    {
        "number": "122",
        "stopTime": "00:07:22,419",
        "startTime": "00:07:18,849",
        "text": "but with you out of all handsome or one\n"
    },
    {
        "number": "123",
        "stopTime": "00:07:25,149",
        "startTime": "00:07:20,949",
        "text": "more run of all I have to play the other\n"
    },
    {
        "number": "124",
        "stopTime": "00:07:28,029",
        "startTime": "00:07:22,419",
        "text": "way so it's where the eyeliner okay\n"
    },
    {
        "number": "125",
        "stopTime": "00:07:36,699",
        "startTime": "00:07:25,149",
        "text": "ready alright nobody knows yeah yeah I\n"
    },
    {
        "number": "126",
        "stopTime": "00:07:42,099",
        "startTime": "00:07:28,029",
        "text": "like yeah Michael oh yeah I can sense a\n"
    },
    {
        "number": "127",
        "stopTime": "00:07:47,009",
        "startTime": "00:07:36,699",
        "text": "feeling like oh yeah aye captain come\n"
    },
    {
        "number": "128",
        "stopTime": "00:07:50,559",
        "startTime": "00:07:42,099",
        "text": "again what was that any other patterns\n"
    },
    {
        "number": "129",
        "stopTime": "00:07:55,239",
        "startTime": "00:07:47,009",
        "text": "your fav Sandy Cheeks and love her oh\n"
    },
    {
        "number": "130",
        "stopTime": "00:07:58,299",
        "startTime": "00:07:50,559",
        "text": "she's got a cheap stuff yeah csb and we\n"
    },
    {
        "number": "131",
        "stopTime": "00:08:03,129",
        "startTime": "00:07:55,239",
        "text": "go underneath oh I was looking at\n"
    },
    {
        "number": "132",
        "stopTime": "00:08:05,739",
        "startTime": "00:07:58,299",
        "text": "Waterloo Oh like look boy sleep it's\n"
    },
    {
        "number": "133",
        "stopTime": "00:08:09,909",
        "startTime": "00:08:03,129",
        "text": "done oh you're gonna put even while I\n"
    },
    {
        "number": "134",
        "stopTime": "00:08:12,999",
        "startTime": "00:08:05,739",
        "text": "know you want I could you like the Eagle\n"
    },
    {
        "number": "135",
        "stopTime": "00:08:16,959",
        "startTime": "00:08:09,909",
        "text": "spongebob you would hide on Eva homicide\n"
    },
    {
        "number": "136",
        "stopTime": "00:08:20,439",
        "startTime": "00:08:12,999",
        "text": "oh my name is in the law oh honey i have\n"
    },
    {
        "number": "137",
        "stopTime": "00:08:32,769",
        "startTime": "00:08:16,959",
        "text": "nokia c6 receive us but I stop pull it\n"
    },
    {
        "number": "138",
        "stopTime": "00:08:35,620",
        "startTime": "00:08:20,439",
        "text": "off are the email all your bad for a lot\n"
    },
    {
        "number": "139",
        "stopTime": "00:08:37,809",
        "startTime": "00:08:32,769",
        "text": "of a multi-city my under cyclic send it\n"
    },
    {
        "number": "140",
        "stopTime": "00:08:40,900",
        "startTime": "00:08:35,620",
        "text": "oh don't give you look kind of point\n"
    },
    {
        "number": "141",
        "stopTime": "00:08:42,790",
        "startTime": "00:08:37,809",
        "text": "work than i doing Oh door\n"
    },
    {
        "number": "142",
        "stopTime": "00:08:44,590",
        "startTime": "00:08:40,900",
        "text": "open it to China just a little already\n"
    },
    {
        "number": "143",
        "stopTime": "00:08:47,290",
        "startTime": "00:08:42,790",
        "text": "to do on a second person i feel like i\n"
    },
    {
        "number": "144",
        "stopTime": "00:08:49,990",
        "startTime": "00:08:44,590",
        "text": "do I like Lucy take over the line\n"
    },
    {
        "number": "145",
        "stopTime": "00:09:03,570",
        "startTime": "00:08:47,290",
        "text": "darling you are doing what kind of like\n"
    },
    {
        "number": "146",
        "stopTime": "00:09:06,850",
        "startTime": "00:08:49,990",
        "text": "ego but thanks to my daughter walk ah\n"
    },
    {
        "number": "147",
        "stopTime": "00:09:08,500",
        "startTime": "00:09:03,570",
        "text": "that are individually that's over you so\n"
    },
    {
        "number": "148",
        "stopTime": "00:09:11,200",
        "startTime": "00:09:06,850",
        "text": "it's going to finish the way too much\n"
    },
    {
        "number": "149",
        "stopTime": "00:09:14,590",
        "startTime": "00:09:08,500",
        "text": "drama I'm going to fight all you want to\n"
    },
    {
        "number": "150",
        "stopTime": "00:09:19,180",
        "startTime": "00:09:11,200",
        "text": "be a hairy I know you're going way over\n"
    },
    {
        "number": "151",
        "stopTime": "00:09:22,000",
        "startTime": "00:09:14,590",
        "text": "was a good a doubling today ok I get\n"
    },
    {
        "number": "152",
        "stopTime": "00:09:26,290",
        "startTime": "00:09:19,180",
        "text": "this words like oh I love it and it's\n"
    },
    {
        "number": "153",
        "stopTime": "00:09:27,910",
        "startTime": "00:09:22,000",
        "text": "supposed to be a way ok look at me here\n"
    },
    {
        "number": "154",
        "stopTime": "00:09:30,370",
        "startTime": "00:09:26,290",
        "text": "only be two ee do you want to double\n"
    },
    {
        "number": "155",
        "stopTime": "00:09:34,230",
        "startTime": "00:09:27,910",
        "text": "within the other line well I'm good so\n"
    },
    {
        "number": "156",
        "stopTime": "00:09:36,970",
        "startTime": "00:09:30,370",
        "text": "I'm just going your license and no no\n"
    },
    {
        "number": "157",
        "stopTime": "00:09:42,280",
        "startTime": "00:09:34,230",
        "text": "you know what's right doll thanks\n"
    },
    {
        "number": "158",
        "stopTime": "00:09:44,550",
        "startTime": "00:09:36,970",
        "text": "natural titties don't you remember I'm\n"
    },
    {
        "number": "159",
        "stopTime": "00:09:47,710",
        "startTime": "00:09:42,280",
        "text": "drunk if you want like holographic lips\n"
    },
    {
        "number": "160",
        "stopTime": "00:09:50,890",
        "startTime": "00:09:44,550",
        "text": "from the club cuz i wanna make a nigga\n"
    },
    {
        "number": "161",
        "stopTime": "00:09:54,730",
        "startTime": "00:09:47,710",
        "text": "pull it looks really good not actually\n"
    },
    {
        "number": "162",
        "stopTime": "00:09:57,640",
        "startTime": "00:09:50,890",
        "text": "works LOL seriously it worse I'm really\n"
    },
    {
        "number": "163",
        "stopTime": "00:09:58,839",
        "startTime": "00:09:54,730",
        "text": "good like you looking to do you know if\n"
    },
    {
        "number": "164",
        "stopTime": "00:10:03,769",
        "startTime": "00:09:57,640",
        "text": "you like sushi\n"
    },
    {
        "number": "165",
        "stopTime": "00:10:09,559",
        "startTime": "00:09:58,839",
        "text": "you were talking about happenings are\n"
    },
    {
        "number": "166",
        "stopTime": "00:10:11,899",
        "startTime": "00:10:03,769",
        "text": "Hollow nothing like sorry now also you\n"
    },
    {
        "number": "167",
        "stopTime": "00:10:19,759",
        "startTime": "00:10:09,559",
        "text": "want fair nice it was really cool see\n"
    },
    {
        "number": "168",
        "stopTime": "00:10:21,170",
        "startTime": "00:10:11,899",
        "text": "like 10 to be very cultured this\n"
    },
    {
        "number": "169",
        "stopTime": "00:10:23,629",
        "startTime": "00:10:19,759",
        "text": "actually thinks is this the life you\n"
    },
    {
        "number": "170",
        "stopTime": "00:10:28,839",
        "startTime": "00:10:21,170",
        "text": "bang it somehow because the color keeps\n"
    },
    {
        "number": "171",
        "stopTime": "00:10:28,839",
        "startTime": "00:10:23,629",
        "text": "like not being very tolerant words wow\n"
    },
    {
        "number": "172",
        "stopTime": "00:10:36,829",
        "startTime": "00:10:30,040",
        "text": "you look so good you think I haven't\n"
    },
    {
        "number": "173",
        "stopTime": "00:10:39,230",
        "startTime": "00:10:33,369",
        "text": "really used to it all right good why\n"
    },
    {
        "number": "174",
        "stopTime": "00:10:41,119",
        "startTime": "00:10:36,829",
        "text": "should I slide it off I think I did oh\n"
    },
    {
        "number": "175",
        "stopTime": "00:10:43,189",
        "startTime": "00:10:39,230",
        "text": "god I look like a freak against\n"
    },
    {
        "number": "176",
        "stopTime": "00:10:45,499",
        "startTime": "00:10:41,119",
        "text": "eyeglasses all they go how do you hate\n"
    },
    {
        "number": "177",
        "stopTime": "00:10:49,429",
        "startTime": "00:10:43,189",
        "text": "my hair up give a lot of life give a lot\n"
    },
    {
        "number": "178",
        "stopTime": "00:10:52,360",
        "startTime": "00:10:45,499",
        "text": "to life so I might make it up I think I\n"
    },
    {
        "number": "179",
        "stopTime": "00:11:00,860",
        "startTime": "00:10:49,429",
        "text": "used to my channel ok gives me an idea\n"
    },
    {
        "number": "180",
        "stopTime": "00:11:02,689",
        "startTime": "00:10:52,360",
        "text": "to fuck whoo scary because the eyebrows\n"
    },
    {
        "number": "181",
        "stopTime": "00:11:05,149",
        "startTime": "00:11:00,860",
        "text": "did he really won with you ok I'm going\n"
    },
    {
        "number": "182",
        "stopTime": "00:11:08,119",
        "startTime": "00:11:02,689",
        "text": "to do a colorful like a giant I've\n"
    },
    {
        "number": "183",
        "stopTime": "00:11:10,819",
        "startTime": "00:11:05,149",
        "text": "actually never done that for services I\n"
    },
    {
        "number": "184",
        "stopTime": "00:11:13,069",
        "startTime": "00:11:08,119",
        "text": "know Tetris I used to talk to fuck\n"
    },
    {
        "number": "185",
        "stopTime": "00:11:16,369",
        "startTime": "00:11:10,819",
        "text": "impart my upper back when I has to like\n"
    },
    {
        "number": "186",
        "stopTime": "00:11:18,769",
        "startTime": "00:11:13,069",
        "text": "Jenna Lyons and I guess what one day my\n"
    },
    {
        "number": "187",
        "stopTime": "00:11:20,809",
        "startTime": "00:11:16,369",
        "text": "eyebrows ever really grew back I want me\n"
    },
    {
        "number": "188",
        "stopTime": "00:11:23,569",
        "startTime": "00:11:18,769",
        "text": "like somebody get more people just like\n"
    },
    {
        "number": "189",
        "stopTime": "00:11:27,410",
        "startTime": "00:11:20,809",
        "text": "my videos and like sums up this really\n"
    },
    {
        "number": "190",
        "stopTime": "00:11:32,149",
        "startTime": "00:11:23,569",
        "text": "the thing that is cool all because of\n"
    },
    {
        "number": "191",
        "stopTime": "00:11:35,540",
        "startTime": "00:11:27,410",
        "text": "the dungeon I think I'm it's like I\n"
    },
    {
        "number": "192",
        "stopTime": "00:11:38,689",
        "startTime": "00:11:32,149",
        "text": "honestly afraid I am I've experimental\n"
    },
    {
        "number": "193",
        "stopTime": "00:11:40,759",
        "startTime": "00:11:35,540",
        "text": "guinea pig in from working what are we\n"
    },
    {
        "number": "194",
        "stopTime": "00:11:42,499",
        "startTime": "00:11:38,689",
        "text": "trying to pull that with you I want to\n"
    },
    {
        "number": "195",
        "stopTime": "00:11:44,480",
        "startTime": "00:11:40,759",
        "text": "make your eyebrows look purple and I've\n"
    },
    {
        "number": "196",
        "stopTime": "00:11:46,790",
        "startTime": "00:11:42,499",
        "text": "never done this before we're going right\n"
    },
    {
        "number": "197",
        "stopTime": "00:11:52,129",
        "startTime": "00:11:44,480",
        "text": "back to email you your second was in\n"
    },
    {
        "number": "198",
        "stopTime": "00:11:54,259",
        "startTime": "00:11:46,790",
        "text": "your brows yalda okay I mean age or over\n"
    },
    {
        "number": "199",
        "stopTime": "00:11:56,319",
        "startTime": "00:11:52,129",
        "text": "that purple so let me try some ahead of\n"
    },
    {
        "number": "200",
        "stopTime": "00:12:00,439",
        "startTime": "00:11:54,259",
        "text": "highlighters that we're fighting about\n"
    },
    {
        "number": "201",
        "stopTime": "00:12:02,360",
        "startTime": "00:11:56,319",
        "text": "both work with more love for people who\n"
    },
    {
        "number": "202",
        "stopTime": "00:12:02,690",
        "startTime": "00:12:00,439",
        "text": "are reminded working I don't think it's\n"
    },
    {
        "number": "203",
        "stopTime": "00:12:06,170",
        "startTime": "00:12:02,360",
        "text": "like\n"
    },
    {
        "number": "204",
        "stopTime": "00:12:08,660",
        "startTime": "00:12:02,690",
        "text": "second so girly but it kind do you don't\n"
    },
    {
        "number": "205",
        "stopTime": "00:12:10,580",
        "startTime": "00:12:06,170",
        "text": "keep that is my long beautiful makeover\n"
    },
    {
        "number": "206",
        "stopTime": "00:12:14,060",
        "startTime": "00:12:08,660",
        "text": "that I've tried to do a good job and\n"
    },
    {
        "number": "207",
        "stopTime": "00:12:17,270",
        "startTime": "00:12:10,580",
        "text": "hopefully I am here color now what are\n"
    },
    {
        "number": "208",
        "stopTime": "00:12:20,660",
        "startTime": "00:12:14,060",
        "text": "you going to be like it and i want to\n"
    },
    {
        "number": "209",
        "stopTime": "00:12:22,730",
        "startTime": "00:12:17,270",
        "text": "express the world with my dues makeover\n"
    },
    {
        "number": "210",
        "stopTime": "00:12:26,150",
        "startTime": "00:12:20,660",
        "text": "please like the video like the video\n"
    },
    {
        "number": "211",
        "stopTime": "00:12:28,160",
        "startTime": "00:12:22,730",
        "text": "look and if you do we don't take another\n"
    },
    {
        "number": "212",
        "stopTime": "00:12:31,340",
        "startTime": "00:12:26,150",
        "text": "one and you keep us some ideas what to\n"
    },
    {
        "number": "213",
        "stopTime": "00:12:34,940",
        "startTime": "00:12:28,160",
        "text": "do we get 25,000 life I'll do your\n"
    },
    {
        "number": "214",
        "stopTime": "00:12:37,880",
        "startTime": "00:12:31,340",
        "text": "makeup is all made very beautiful and\n"
    },
    {
        "number": "215",
        "stopTime": "00:12:40,370",
        "startTime": "00:12:34,940",
        "text": "then she can go out and maybe just do\n"
    },
    {
        "number": "216",
        "stopTime": "00:12:43,370",
        "startTime": "00:12:37,880",
        "text": "well his loss right so ready come to\n"
    },
    {
        "number": "217",
        "stopTime": "00:12:47,360",
        "startTime": "00:12:40,370",
        "text": "make over here we go baby all right and\n"
    },
    {
        "number": "218",
        "stopTime": "00:12:50,660",
        "startTime": "00:12:43,370",
        "text": "I did I'll do it to Bill your life I'll\n"
    },
    {
        "number": "219",
        "stopTime": "00:12:54,800",
        "startTime": "00:12:47,360",
        "text": "do it like oh maybe YouTube here oh yeah\n"
    },
    {
        "number": "220",
        "stopTime": "00:12:58,640",
        "startTime": "00:12:50,660",
        "text": "five like it up wake it up yeah I coming\n"
    },
    {
        "number": "221",
        "stopTime": "00:13:02,900",
        "startTime": "00:12:54,800",
        "text": "down here okay right now I can't go no\n"
    },
    {
        "number": "222",
        "stopTime": "00:13:13,160",
        "startTime": "00:12:58,640",
        "text": "idiot like the day outcomes and using\n"
    },
    {
        "number": "223",
        "stopTime": "00:13:15,200",
        "startTime": "00:13:02,900",
        "text": "see it off I was doing very well that\n"
    },
    {
        "number": "224",
        "stopTime": "00:13:17,540",
        "startTime": "00:13:13,160",
        "text": "was a shocker oh my god alright it's\n"
    },
    {
        "number": "225",
        "stopTime": "00:13:20,180",
        "startTime": "00:13:15,200",
        "text": "beautiful Bible really do look like I\n"
    },
    {
        "number": "226",
        "stopTime": "00:13:23,140",
        "startTime": "00:13:17,540",
        "text": "don't know how to do my makeup I did you\n"
    },
    {
        "number": "227",
        "stopTime": "00:13:30,819",
        "startTime": "00:13:20,180",
        "text": "can kind of need yeah oh my god yeah\n"
    },
    {
        "number": "228",
        "stopTime": "00:13:32,850",
        "startTime": "00:13:23,140",
        "text": "she's been ok hey so makeup artist 25\n"
    },
    {
        "number": "229",
        "stopTime": "00:13:32,850",
        "startTime": "00:13:30,819",
        "text": "ah\n"
    },
    {
        "number": "230",
        "stopTime": "00:13:49,960",
        "startTime": "00:13:33,400",
        "text": "[Music]\n"
    }
]