{
    "sentiment_analysis": [
        {
            "positive": [
                {
                    "sentiment": "the right",
                    "topic": "support system",
                    "score": 0.41366197954986,
                    "original_text": "the right support system",
                    "original_length": 24,
                    "normalized_text": "the right support system",
                    "normalized_length": 24,
                    "offset": 367
                },
                {
                    "sentiment": "could've been helped so long",
                    "topic": "ago",
                    "score": 0.52898011924964,
                    "original_text": "your condition could've been helped so long ago...",
                    "original_length": 50,
                    "normalized_text": "your condition could've been helped so long ago...",
                    "normalized_length": 50,
                    "offset": 393
                },
                {
                    "sentiment": "just care about",
                    "topic": null,
                    "score": 0.84484659729366,
                    "original_text": "you just care about the revenue from her videos",
                    "original_length": 47,
                    "normalized_text": "you just care about the revenue from her videos",
                    "normalized_length": 47,
                    "offset": 771
                },
                {
                    "sentiment": "good",
                    "topic": null,
                    "score": 0.79813669994825,
                    "original_text": "she was good",
                    "original_length": 12,
                    "normalized_text": "she was good",
                    "normalized_length": 12,
                    "offset": 1328
                },
                {
                    "sentiment": "created this safe space",
                    "topic": null,
                    "score": 0.79233520429398,
                    "original_text": "she created this safe space",
                    "original_length": 27,
                    "normalized_text": "she created this safe space",
                    "normalized_length": 27,
                    "offset": 1395
                },
                {
                    "sentiment": "her best",
                    "topic": null,
                    "score": 0.84484659729366,
                    "original_text": "looking her best",
                    "original_length": 16,
                    "normalized_text": "looking her best",
                    "normalized_length": 16,
                    "offset": 1447
                }
            ],
            "negative": [
                {
                    "sentiment": "wrong",
                    "topic": null,
                    "score": -0.79233520429398,
                    "original_text": "What's wrong",
                    "original_length": 12,
                    "normalized_text": "What's wrong",
                    "normalized_length": 12,
                    "offset": 0
                },
                {
                    "sentiment": "is clearly in denial",
                    "topic": null,
                    "score": -0.69501155781454,
                    "original_text": "She is clearly in denial",
                    "original_length": 24,
                    "normalized_text": "She is clearly in denial",
                    "normalized_length": 24,
                    "offset": 99
                },
                {
                    "sentiment": "Unfortunately",
                    "topic": null,
                    "score": -0.56857996205272,
                    "original_text": "Unfortunately",
                    "original_length": 13,
                    "normalized_text": "Unfortunately",
                    "normalized_length": 13,
                    "offset": 145
                },
                {
                    "sentiment": "sad",
                    "topic": "story",
                    "score": -0.62801457251814,
                    "original_text": "sad story",
                    "original_length": 9,
                    "normalized_text": "sad story",
                    "normalized_length": 9,
                    "offset": 478
                },
                {
                    "sentiment": "wrong",
                    "topic": "earth",
                    "score": -0.79233520429398,
                    "original_text": "earth is wrong",
                    "original_length": 14,
                    "normalized_text": "earth is wrong",
                    "normalized_length": 14,
                    "offset": 609
                },
                {
                    "sentiment": "there overweight",
                    "topic": "whilst your kid",
                    "score": -0.41366197954986,
                    "original_text": "there overweight whilst your kid",
                    "original_length": 32,
                    "normalized_text": "there overweight whilst your kid",
                    "normalized_length": 32,
                    "offset": 671
                },
                {
                    "sentiment": "lost",
                    "topic": null,
                    "score": -0.57345066344102,
                    "original_text": "I lost my daughter",
                    "original_length": 18,
                    "normalized_text": "I lost my daughter",
                    "normalized_length": 18,
                    "offset": 878
                },
                {
                    "sentiment": "FFS",
                    "topic": null,
                    "score": -0.56857996205272,
                    "original_text": "FFS",
                    "original_length": 3,
                    "normalized_text": "FFS",
                    "normalized_length": 3,
                    "offset": 975
                },
                {
                    "sentiment": "the most depressing thing",
                    "topic": "a MOTHERthis",
                    "score": -0.93511952033618,
                    "original_text": "a MOTHERthis is the most depressing thing",
                    "original_length": 41,
                    "normalized_text": "a MOTHERthis is the most depressing thing",
                    "normalized_length": 41,
                    "offset": 987
                },
                {
                    "sentiment": "obese",
                    "topic": "relatives",
                    "score": -0.62801457251814,
                    "original_text": "obese relatives",
                    "original_length": 15,
                    "normalized_text": "obese relatives",
                    "normalized_length": 15,
                    "offset": 1242
                },
                {
                    "sentiment": "spoil",
                    "topic": null,
                    "score": -0.79233520429398,
                    "original_text": "spoil her",
                    "original_length": 9,
                    "normalized_text": "spoil her",
                    "normalized_length": 9,
                    "offset": 1608
                },
                {
                    "sentiment": "pain by",
                    "topic": null,
                    "score": -0.67489840558231,
                    "original_text": "pain by letting",
                    "original_length": 15,
                    "normalized_text": "pain by letting",
                    "normalized_length": 15,
                    "offset": 1720
                },
                {
                    "sentiment": "so much denial",
                    "topic": "her mom",
                    "score": -0.82152623471776,
                    "original_text": "her mom is so much denial",
                    "original_length": 25,
                    "normalized_text": "her mom is so much denial",
                    "normalized_length": 25,
                    "offset": 1770
                },
                {
                    "sentiment": "did die",
                    "topic": null,
                    "score": -0.046714077474846,
                    "original_text": "if she did die",
                    "original_length": 14,
                    "normalized_text": "if she did die",
                    "normalized_length": 14,
                    "offset": 1826
                },
                {
                    "sentiment": "died",
                    "topic": "Eugenia",
                    "score": -0.46377052838785,
                    "original_text": "Eugenia died",
                    "original_length": 12,
                    "normalized_text": "Eugenia died",
                    "normalized_length": 12,
                    "offset": 1857
                },
                {
                    "sentiment": "scares",
                    "topic": "pukeYour mother",
                    "score": -0.67489840558231,
                    "original_text": "pukeYour mother scares me",
                    "original_length": 25,
                    "normalized_text": "pukeYour mother scares me",
                    "normalized_length": 25,
                    "offset": 1956
                },
                {
                    "sentiment": "\ud83d\ude28",
                    "topic": null,
                    "score": -0.75700031106962,
                    "original_text": "\ud83d\ude28",
                    "original_length": 1,
                    "normalized_text": "\ud83d\ude28",
                    "normalized_length": 1,
                    "offset": 2110
                }
            ],
            "aggregate": {
                "sentiment": "negative",
                "score": -0.28710605079786
            }
        }
    ]
}