{"search_results": [
	{
		"thumbnail": {
			"default": {
				"url": "https:\/\/i.ytimg.com\/vi\/gocwRvLhDf8\/default.jpg",
				"width": 120,
				"height": 90
			},
			"medium": {
				"url": "https:\/\/i.ytimg.com\/vi\/gocwRvLhDf8\/mqdefault.jpg",
				"width": 320,
				"height": 180
			},
			"high": {
				"url": "https:\/\/i.ytimg.com\/vi\/gocwRvLhDf8\/hqdefault.jpg",
				"width": 480,
				"height": 360
			}
		},
		
		"id": {
			"channelId": null,
			"kind": "youtube#video",
			"playlistId": null,
			"videoId": "gocwRvLhDf8"
		},
		"snippet": {
			"channelId": "UCBa659QWEk1AI4Tg--mrJ2A",
			"channelTitle": "Tom Scott",
			"description": "In the URL of each YouTube video is the 11-character video ID, unique for each video. Can they ever run out? Just how many videos can YouTube handle?",
			"liveBroadcastContent": "none",
			"publishedAt": "2016-03-21T16:00:02.000Z",
			"title": "Will YouTube Ever Run Out Of Video IDs?"
		}
	}
]}