{"search_results": [{"thumbnail" : {
    "default": {
        "url": "https:\/\/i.ytimg.com\/vi\/gocwRvLhDf8\/default.jpg",
        "width": 120,
        "height": 90
    },
    "medium": {
        "url": "https:\/\/i.ytimg.com\/vi\/gocwRvLhDf8\/mqdefault.jpg",
        "width": 320,
        "height": 180
    },
    "high": {
        "url": "https:\/\/i.ytimg.com\/vi\/gocwRvLhDf8\/hqdefault.jpg",
        "width": 480,
        "height": 360
    }
},"id" : {
    "channelId": null,
    "kind": "youtube#video",
    "playlistId": null,
    "videoId": "gocwRvLhDf8"
},"snippet" : {
    "categoryId": "27",
    "channelId": "UCBa659QWEk1AI4Tg--mrJ2A",
    "channelTitle": "Tom Scott",
    "defaultAudioLanguage": "en",
    "defaultLanguage": "en",
    "description": "In the URL of each YouTube video is the 11-character video ID, unique for each video. Can they ever run out? Just how many videos can YouTube handle? To work it out, we need to talk about counting systems, and about something called Base 64.\n\nWant to know how the single camera shot was done? \"Matt Bought a DJI Osmo and It's Surprisingly Good\" is today's video over on the Park Bench: https:\/\/www.youtube.com\/watch?v=Dyy41yAs8nc\n\nI'm at https:\/\/tomscott.com\/\nor on Twitter at http:\/\/twitter.com\/tomscott\nor on Facebook at http:\/\/facebook.com\/tomscott\nor on Instagram as tomscottgo.\n\nFilmed by Matt Gray, who's at http:\/\/mattg.co.uk\nor @unnamedculprit on basically everything everywhere.",
    "liveBroadcastContent": "none",
    "publishedAt": "2016-03-21T16:00:02.000Z",
    "tags": [
        "tomscott",
        "tom scott",
        "base 64",
        "base64",
        "youtube",
        "video id",
        "maths",
        "url",
        "computer minutiae"
    ],
    "title": "Will YouTube Ever Run Out Of Video IDs?"
}"statistics" : {
    "commentCount": "4448",
    "dislikeCount": "396",
    "favoriteCount": "0",
    "likeCount": "47196",
    "viewCount": "1113135"
}}]}