[
    {
        "number": "1",
        "stopTime": "00:00:04,020",
        "startTime": "00:00:00,000",
        "text": "hey guys it's Eugenia today I'm going to\n"
    },
    {
        "number": "2",
        "stopTime": "00:00:05,430",
        "startTime": "00:00:02,010",
        "text": "be doing a morning routine video I've\n"
    },
    {
        "number": "3",
        "stopTime": "00:00:07,049",
        "startTime": "00:00:04,020",
        "text": "seen a lot of a type of videos on\n"
    },
    {
        "number": "4",
        "stopTime": "00:00:08,400",
        "startTime": "00:00:05,430",
        "text": "YouTube and I've also had a lot of\n"
    },
    {
        "number": "5",
        "stopTime": "00:00:10,410",
        "startTime": "00:00:07,049",
        "text": "people ask me to make one of these\n"
    },
    {
        "number": "6",
        "stopTime": "00:00:12,420",
        "startTime": "00:00:08,400",
        "text": "videos but for some reason I've never\n"
    },
    {
        "number": "7",
        "stopTime": "00:00:15,089",
        "startTime": "00:00:10,410",
        "text": "made one I've made a lot of like makeup\n"
    },
    {
        "number": "8",
        "stopTime": "00:00:17,010",
        "startTime": "00:00:12,420",
        "text": "tutorial videos and hair videos and\n"
    },
    {
        "number": "9",
        "stopTime": "00:00:19,619",
        "startTime": "00:00:15,089",
        "text": "things like that but I've never made a\n"
    },
    {
        "number": "10",
        "stopTime": "00:00:22,410",
        "startTime": "00:00:17,010",
        "text": "morning routine video so yeah today I'm\n"
    },
    {
        "number": "11",
        "stopTime": "00:00:23,910",
        "startTime": "00:00:19,619",
        "text": "going to be doing that and um yeah I\n"
    },
    {
        "number": "12",
        "stopTime": "00:00:25,800",
        "startTime": "00:00:22,410",
        "text": "guess I'll just show you guys like what\n"
    },
    {
        "number": "13",
        "stopTime": "00:00:27,689",
        "startTime": "00:00:23,910",
        "text": "I do when I wake up and how I get ready\n"
    },
    {
        "number": "14",
        "stopTime": "00:00:29,699",
        "startTime": "00:00:25,800",
        "text": "this isn't really too much of a morning\n"
    },
    {
        "number": "15",
        "stopTime": "00:00:31,349",
        "startTime": "00:00:27,689",
        "text": "routine kind of video because a lot of\n"
    },
    {
        "number": "16",
        "stopTime": "00:00:34,079",
        "startTime": "00:00:29,699",
        "text": "the time i actually will have a very\n"
    },
    {
        "number": "17",
        "stopTime": "00:00:37,350",
        "startTime": "00:00:31,349",
        "text": "very weird sleep schedule and i will\n"
    },
    {
        "number": "18",
        "stopTime": "00:00:38,610",
        "startTime": "00:00:34,079",
        "text": "wake up at like 12 or later sometimes it\n"
    },
    {
        "number": "19",
        "stopTime": "00:00:39,930",
        "startTime": "00:00:37,350",
        "text": "just kind of depends this and that's my\n"
    },
    {
        "number": "20",
        "stopTime": "00:00:42,450",
        "startTime": "00:00:38,610",
        "text": "sleep schedule will get like really\n"
    },
    {
        "number": "21",
        "stopTime": "00:00:45,329",
        "startTime": "00:00:39,930",
        "text": "crazy anyways okay I'm going to show you\n"
    },
    {
        "number": "22",
        "stopTime": "00:00:47,489",
        "startTime": "00:00:42,450",
        "text": "guys my morning routine now hi guys so\n"
    },
    {
        "number": "23",
        "stopTime": "00:00:50,550",
        "startTime": "00:00:45,329",
        "text": "of course the first thing that I need to\n"
    },
    {
        "number": "24",
        "stopTime": "00:00:52,289",
        "startTime": "00:00:47,489",
        "text": "do is wake up though when I wake up I'm\n"
    },
    {
        "number": "25",
        "stopTime": "00:00:54,390",
        "startTime": "00:00:50,550",
        "text": "usually wearing this it's like a hello\n"
    },
    {
        "number": "26",
        "stopTime": "00:00:55,980",
        "startTime": "00:00:52,289",
        "text": "kitty robe so this is usually when I\n"
    },
    {
        "number": "27",
        "stopTime": "00:00:58,320",
        "startTime": "00:00:54,390",
        "text": "sleep in and then when i wake up i'm\n"
    },
    {
        "number": "28",
        "stopTime": "00:01:01,530",
        "startTime": "00:00:55,980",
        "text": "usually this cuz that's kind of how that\n"
    },
    {
        "number": "29",
        "stopTime": "00:01:04,049",
        "startTime": "00:00:58,320",
        "text": "works I guess huh so yeah I've awake now\n"
    },
    {
        "number": "30",
        "stopTime": "00:01:05,640",
        "startTime": "00:01:01,530",
        "text": "my bed is not really made that great\n"
    },
    {
        "number": "31",
        "stopTime": "00:01:07,170",
        "startTime": "00:01:04,049",
        "text": "right now but I've been in California\n"
    },
    {
        "number": "32",
        "stopTime": "00:01:10,670",
        "startTime": "00:01:05,640",
        "text": "the last few months and now i'm back\n"
    },
    {
        "number": "33",
        "stopTime": "00:01:12,840",
        "startTime": "00:01:07,170",
        "text": "here in connecticut for a while so um\n"
    },
    {
        "number": "34",
        "stopTime": "00:01:15,119",
        "startTime": "00:01:10,670",
        "text": "when I came up here from there I\n"
    },
    {
        "number": "35",
        "stopTime": "00:01:18,000",
        "startTime": "00:01:12,840",
        "text": "couldn't bring on my bedding so right\n"
    },
    {
        "number": "36",
        "stopTime": "00:01:20,759",
        "startTime": "00:01:15,119",
        "text": "now I have a different bedding so I have\n"
    },
    {
        "number": "37",
        "stopTime": "00:01:23,159",
        "startTime": "00:01:18,000",
        "text": "Pikachu this is pretty new ish oh my\n"
    },
    {
        "number": "38",
        "stopTime": "00:01:24,960",
        "startTime": "00:01:20,759",
        "text": "Pikachu comforter I bad just not made\n"
    },
    {
        "number": "39",
        "stopTime": "00:01:29,970",
        "startTime": "00:01:23,159",
        "text": "that well right now so sorry about that\n"
    },
    {
        "number": "40",
        "stopTime": "00:01:32,220",
        "startTime": "00:01:24,960",
        "text": "I yay for Pikachu I wish I had Pikachu\n"
    },
    {
        "number": "41",
        "stopTime": "00:01:35,820",
        "startTime": "00:01:29,970",
        "text": "pillows deal I feel like that would look\n"
    },
    {
        "number": "42",
        "stopTime": "00:01:37,439",
        "startTime": "00:01:32,220",
        "text": "so much better with this also just\n"
    },
    {
        "number": "43",
        "stopTime": "00:01:40,140",
        "startTime": "00:01:35,820",
        "text": "remembered that I spend a ton of time in\n"
    },
    {
        "number": "44",
        "stopTime": "00:01:42,420",
        "startTime": "00:01:37,439",
        "text": "the morning doing this I spend a ton of\n"
    },
    {
        "number": "45",
        "stopTime": "00:01:43,860",
        "startTime": "00:01:40,140",
        "text": "time on my phone here a lot at a time\n"
    },
    {
        "number": "46",
        "stopTime": "00:01:45,420",
        "startTime": "00:01:42,420",
        "text": "when I wake up one of the first things\n"
    },
    {
        "number": "47",
        "stopTime": "00:01:47,970",
        "startTime": "00:01:43,860",
        "text": "that I'll do before I even get out of\n"
    },
    {
        "number": "48",
        "stopTime": "00:01:50,009",
        "startTime": "00:01:45,420",
        "text": "bed is just going my phone and be\n"
    },
    {
        "number": "49",
        "stopTime": "00:01:53,159",
        "startTime": "00:01:47,970",
        "text": "checking Twitter Instagram and all of\n"
    },
    {
        "number": "50",
        "stopTime": "00:01:55,560",
        "startTime": "00:01:50,009",
        "text": "that and my emails and youtube comments\n"
    },
    {
        "number": "51",
        "stopTime": "00:01:57,210",
        "startTime": "00:01:53,159",
        "text": "and just a bunch of stuff that can be\n"
    },
    {
        "number": "52",
        "stopTime": "00:01:59,130",
        "startTime": "00:01:55,560",
        "text": "pretty addicting being in your phone so\n"
    },
    {
        "number": "53",
        "stopTime": "00:02:01,770",
        "startTime": "00:01:57,210",
        "text": "sometimes I feel like I will just be in\n"
    },
    {
        "number": "54",
        "stopTime": "00:02:04,020",
        "startTime": "00:01:59,130",
        "text": "there for like a couple of hours even\n"
    },
    {
        "number": "55",
        "stopTime": "00:02:05,969",
        "startTime": "00:02:01,770",
        "text": "sometimes just like checking stuff next\n"
    },
    {
        "number": "56",
        "stopTime": "00:02:08,160",
        "startTime": "00:02:04,020",
        "text": "thing that I do when I wake up this is\n"
    },
    {
        "number": "57",
        "stopTime": "00:02:10,069",
        "startTime": "00:02:05,969",
        "text": "one of the first very important things\n"
    },
    {
        "number": "58",
        "stopTime": "00:02:12,170",
        "startTime": "00:02:08,160",
        "text": "that I do is I brush\n"
    },
    {
        "number": "59",
        "stopTime": "00:02:14,389",
        "startTime": "00:02:10,069",
        "text": "my teeth everyday hugely I'll come in\n"
    },
    {
        "number": "60",
        "stopTime": "00:02:16,040",
        "startTime": "00:02:12,170",
        "text": "here and get a toothbrush my real\n"
    },
    {
        "number": "61",
        "stopTime": "00:02:17,389",
        "startTime": "00:02:14,389",
        "text": "toothbrush is actually charging right\n"
    },
    {
        "number": "62",
        "stopTime": "00:02:18,980",
        "startTime": "00:02:16,040",
        "text": "now because it's like an electric one\n"
    },
    {
        "number": "63",
        "stopTime": "00:02:20,749",
        "startTime": "00:02:17,389",
        "text": "but this is one of my travel\n"
    },
    {
        "number": "64",
        "stopTime": "00:02:23,659",
        "startTime": "00:02:18,980",
        "text": "toothbrushes it's not opens right now\n"
    },
    {
        "number": "65",
        "stopTime": "00:02:25,579",
        "startTime": "00:02:20,749",
        "text": "because it's new but the hello kitty one\n"
    },
    {
        "number": "66",
        "stopTime": "00:02:29,090",
        "startTime": "00:02:23,659",
        "text": "so it's pretty cool and then I'll brush\n"
    },
    {
        "number": "67",
        "stopTime": "00:02:31,370",
        "startTime": "00:02:25,579",
        "text": "my teeth every day and um yeah then I'll\n"
    },
    {
        "number": "68",
        "stopTime": "00:02:34,430",
        "startTime": "00:02:29,090",
        "text": "go into the bathroom and I'll take a\n"
    },
    {
        "number": "69",
        "stopTime": "00:02:40,609",
        "startTime": "00:02:31,370",
        "text": "bath or like a shower or whatever huh so\n"
    },
    {
        "number": "70",
        "stopTime": "00:02:42,709",
        "startTime": "00:02:34,430",
        "text": "yeah yay shower \/ bathtub um and if i\n"
    },
    {
        "number": "71",
        "stopTime": "00:02:45,590",
        "startTime": "00:02:40,609",
        "text": "have time to you then I kind of prefer\n"
    },
    {
        "number": "72",
        "stopTime": "00:02:49,549",
        "startTime": "00:02:42,709",
        "text": "baths a lot because I think bats are\n"
    },
    {
        "number": "73",
        "stopTime": "00:02:51,169",
        "startTime": "00:02:45,590",
        "text": "really nice and relaxing and like when\n"
    },
    {
        "number": "74",
        "stopTime": "00:02:53,780",
        "startTime": "00:02:49,549",
        "text": "they're warm they're really nice to just\n"
    },
    {
        "number": "75",
        "stopTime": "00:02:56,449",
        "startTime": "00:02:51,169",
        "text": "like stay in there for a while so yeah\n"
    },
    {
        "number": "76",
        "stopTime": "00:02:58,400",
        "startTime": "00:02:53,780",
        "text": "that's the next thing that I'll do then\n"
    },
    {
        "number": "77",
        "stopTime": "00:02:59,900",
        "startTime": "00:02:56,449",
        "text": "after that i'll usually go and pick what\n"
    },
    {
        "number": "78",
        "stopTime": "00:03:01,549",
        "startTime": "00:02:58,400",
        "text": "i'm going to wear today this is what I'm\n"
    },
    {
        "number": "79",
        "stopTime": "00:03:03,889",
        "startTime": "00:02:59,900",
        "text": "wearing today I'm going to show you\n"
    },
    {
        "number": "80",
        "stopTime": "00:03:06,650",
        "startTime": "00:03:01,549",
        "text": "closer this is my outfit that I'm\n"
    },
    {
        "number": "81",
        "stopTime": "00:03:09,019",
        "startTime": "00:03:03,889",
        "text": "wearing today it is kind of like a\n"
    },
    {
        "number": "82",
        "stopTime": "00:03:11,090",
        "startTime": "00:03:06,650",
        "text": "two-piece dress skirt thing it's like\n"
    },
    {
        "number": "83",
        "stopTime": "00:03:12,949",
        "startTime": "00:03:09,019",
        "text": "white there and then it's just like\n"
    },
    {
        "number": "84",
        "stopTime": "00:03:15,019",
        "startTime": "00:03:11,090",
        "text": "green with these cool flowers on it and\n"
    },
    {
        "number": "85",
        "stopTime": "00:03:18,079",
        "startTime": "00:03:12,949",
        "text": "the coolest thing about this outfit is I\n"
    },
    {
        "number": "86",
        "stopTime": "00:03:21,019",
        "startTime": "00:03:15,019",
        "text": "actually have Hello Kitty tights huh I\n"
    },
    {
        "number": "87",
        "stopTime": "00:03:22,549",
        "startTime": "00:03:18,079",
        "text": "love hello kitty so I thought they were\n"
    },
    {
        "number": "88",
        "stopTime": "00:03:24,590",
        "startTime": "00:03:21,019",
        "text": "so cool it's like my favorite part of\n"
    },
    {
        "number": "89",
        "stopTime": "00:03:26,299",
        "startTime": "00:03:22,549",
        "text": "this so the clothes that i have here\n"
    },
    {
        "number": "90",
        "stopTime": "00:03:28,489",
        "startTime": "00:03:24,590",
        "text": "right now are like kind of a mess\n"
    },
    {
        "number": "91",
        "stopTime": "00:03:29,959",
        "startTime": "00:03:26,299",
        "text": "because been in California the last\n"
    },
    {
        "number": "92",
        "stopTime": "00:03:32,000",
        "startTime": "00:03:28,489",
        "text": "couple of months and now i'm back here\n"
    },
    {
        "number": "93",
        "stopTime": "00:03:34,310",
        "startTime": "00:03:29,959",
        "text": "in connecticut for a while so the\n"
    },
    {
        "number": "94",
        "stopTime": "00:03:36,859",
        "startTime": "00:03:32,000",
        "text": "clothes that i do still have here are\n"
    },
    {
        "number": "95",
        "stopTime": "00:03:40,150",
        "startTime": "00:03:34,310",
        "text": "kind of a mess but yeah then i'll\n"
    },
    {
        "number": "96",
        "stopTime": "00:03:43,220",
        "startTime": "00:03:36,859",
        "text": "usually picked my outfit so yeah right\n"
    },
    {
        "number": "97",
        "stopTime": "00:03:45,470",
        "startTime": "00:03:40,150",
        "text": "now I honestly just have like a lot of\n"
    },
    {
        "number": "98",
        "stopTime": "00:03:47,479",
        "startTime": "00:03:43,220",
        "text": "clothes kind of all over the place so\n"
    },
    {
        "number": "99",
        "stopTime": "00:03:51,530",
        "startTime": "00:03:45,470",
        "text": "it's kind of a mess and kind of hard to\n"
    },
    {
        "number": "100",
        "stopTime": "00:03:53,479",
        "startTime": "00:03:47,479",
        "text": "find stuff sometimes but yeah so the\n"
    },
    {
        "number": "101",
        "stopTime": "00:03:55,069",
        "startTime": "00:03:51,530",
        "text": "next thing I do to get ready which is\n"
    },
    {
        "number": "102",
        "stopTime": "00:03:57,229",
        "startTime": "00:03:53,479",
        "text": "kind of like feels like the first thing\n"
    },
    {
        "number": "103",
        "stopTime": "00:03:59,000",
        "startTime": "00:03:55,069",
        "text": "because it's very important to me is I\n"
    },
    {
        "number": "104",
        "stopTime": "00:04:01,129",
        "startTime": "00:03:57,229",
        "text": "do my makeup I'm just going to quickly\n"
    },
    {
        "number": "105",
        "stopTime": "00:04:02,599",
        "startTime": "00:03:59,000",
        "text": "do my makeup right now I have a bunch of\n"
    },
    {
        "number": "106",
        "stopTime": "00:04:04,129",
        "startTime": "00:04:01,129",
        "text": "nigga tutorial videos too if you guys\n"
    },
    {
        "number": "107",
        "stopTime": "00:04:06,560",
        "startTime": "00:04:02,599",
        "text": "want to like check those out when I'm\n"
    },
    {
        "number": "108",
        "stopTime": "00:04:10,219",
        "startTime": "00:04:04,129",
        "text": "doing my makeup kind of like I do pretty\n"
    },
    {
        "number": "109",
        "stopTime": "00:04:12,469",
        "startTime": "00:04:06,560",
        "text": "much similar thing usually but I like to\n"
    },
    {
        "number": "110",
        "stopTime": "00:04:13,699",
        "startTime": "00:04:10,219",
        "text": "like change my eyeshadow colors all kind\n"
    },
    {
        "number": "111",
        "stopTime": "00:04:15,829",
        "startTime": "00:04:12,469",
        "text": "of just like depending on when I'm\n"
    },
    {
        "number": "112",
        "stopTime": "00:04:17,329",
        "startTime": "00:04:13,699",
        "text": "wearing or what I'm in the mood to put\n"
    },
    {
        "number": "113",
        "stopTime": "00:04:18,139",
        "startTime": "00:04:15,829",
        "text": "on my eyes like what I'm in the mood to\n"
    },
    {
        "number": "114",
        "stopTime": "00:04:20,359",
        "startTime": "00:04:17,329",
        "text": "wear\n"
    },
    {
        "number": "115",
        "stopTime": "00:04:22,629",
        "startTime": "00:04:18,139",
        "text": "yeah I'm just gonna do my make up really\n"
    },
    {
        "number": "116",
        "stopTime": "00:04:22,629",
        "startTime": "00:04:20,359",
        "text": "quick\n"
    },
    {
        "number": "117",
        "stopTime": "00:04:28,549",
        "startTime": "00:04:25,350",
        "text": "[Music]\n"
    },
    {
        "number": "118",
        "stopTime": "00:04:37,200",
        "startTime": "00:04:31,720",
        "text": "[Music]\n"
    },
    {
        "number": "119",
        "stopTime": "00:04:44,329",
        "startTime": "00:04:40,360",
        "text": "[Music]\n"
    },
    {
        "number": "120",
        "stopTime": "00:05:33,709",
        "startTime": "00:05:01,460",
        "text": "[Music]\n"
    },
    {
        "number": "121",
        "stopTime": "00:06:09,179",
        "startTime": "00:06:05,920",
        "text": "[Music]\n"
    },
    {
        "number": "122",
        "stopTime": "00:06:25,479",
        "startTime": "00:06:22,290",
        "text": "[Music]\n"
    },
    {
        "number": "123",
        "stopTime": "00:06:36,010",
        "startTime": "00:06:29,790",
        "text": "[Music]\n"
    },
    {
        "number": "124",
        "stopTime": "00:06:46,330",
        "startTime": "00:06:43,150",
        "text": "[Music]\n"
    },
    {
        "number": "125",
        "stopTime": "00:07:00,419",
        "startTime": "00:06:57,230",
        "text": "[Music]\n"
    },
    {
        "number": "126",
        "stopTime": "00:07:06,610",
        "startTime": "00:07:03,490",
        "text": "[Music]\n"
    },
    {
        "number": "127",
        "stopTime": "00:07:21,250",
        "startTime": "00:07:12,290",
        "text": "[Music]\n"
    },
    {
        "number": "128",
        "stopTime": "00:07:35,540",
        "startTime": "00:07:31,330",
        "text": "I'll also do my hair so what I'll\n"
    },
    {
        "number": "129",
        "stopTime": "00:07:37,940",
        "startTime": "00:07:33,980",
        "text": "usually do with my hair I actually\n"
    },
    {
        "number": "130",
        "stopTime": "00:07:40,970",
        "startTime": "00:07:35,540",
        "text": "already have it done right now but what\n"
    },
    {
        "number": "131",
        "stopTime": "00:07:42,980",
        "startTime": "00:07:37,940",
        "text": "i'll do is i will straighten it so I\n"
    },
    {
        "number": "132",
        "stopTime": "00:07:44,450",
        "startTime": "00:07:40,970",
        "text": "have my straightener right there I don't\n"
    },
    {
        "number": "133",
        "stopTime": "00:07:46,850",
        "startTime": "00:07:42,980",
        "text": "actually straighten my hair every day\n"
    },
    {
        "number": "134",
        "stopTime": "00:07:48,800",
        "startTime": "00:07:44,450",
        "text": "because I do have pretty naturally\n"
    },
    {
        "number": "135",
        "stopTime": "00:07:51,050",
        "startTime": "00:07:46,850",
        "text": "straight hair I always liked my hair to\n"
    },
    {
        "number": "136",
        "stopTime": "00:07:52,820",
        "startTime": "00:07:48,800",
        "text": "be perfectly straight so if sometimes I\n"
    },
    {
        "number": "137",
        "stopTime": "00:07:55,010",
        "startTime": "00:07:51,050",
        "text": "feel like it kind of got a little bit\n"
    },
    {
        "number": "138",
        "stopTime": "00:07:56,300",
        "startTime": "00:07:52,820",
        "text": "waves or anything as I was sleeping and\n"
    },
    {
        "number": "139",
        "stopTime": "00:07:57,560",
        "startTime": "00:07:55,010",
        "text": "I'll just kind of go through it and\n"
    },
    {
        "number": "140",
        "stopTime": "00:07:59,150",
        "startTime": "00:07:56,300",
        "text": "straighten it and make sure it's as\n"
    },
    {
        "number": "141",
        "stopTime": "00:08:02,060",
        "startTime": "00:07:57,560",
        "text": "straight as I want it to be and then\n"
    },
    {
        "number": "142",
        "stopTime": "00:08:05,240",
        "startTime": "00:07:59,150",
        "text": "after that then I tease my hair a little\n"
    },
    {
        "number": "143",
        "stopTime": "00:08:08,630",
        "startTime": "00:08:02,060",
        "text": "bit and I use tresemme freeze this is\n"
    },
    {
        "number": "144",
        "stopTime": "00:08:11,690",
        "startTime": "00:08:05,240",
        "text": "the best hairspray ever this one right\n"
    },
    {
        "number": "145",
        "stopTime": "00:08:13,400",
        "startTime": "00:08:08,630",
        "text": "here so this is like my favorite\n"
    },
    {
        "number": "146",
        "stopTime": "00:08:15,140",
        "startTime": "00:08:11,690",
        "text": "hairspray ever sorry i know i don't have\n"
    },
    {
        "number": "147",
        "stopTime": "00:08:17,030",
        "startTime": "00:08:13,400",
        "text": "the cap on that good the caps are\n"
    },
    {
        "number": "148",
        "stopTime": "00:08:19,880",
        "startTime": "00:08:15,140",
        "text": "actually always really hard to get on\n"
    },
    {
        "number": "149",
        "stopTime": "00:08:22,010",
        "startTime": "00:08:17,030",
        "text": "these so i don't always even put them\n"
    },
    {
        "number": "150",
        "stopTime": "00:08:24,620",
        "startTime": "00:08:19,880",
        "text": "back on but yeah this is my favorite\n"
    },
    {
        "number": "151",
        "stopTime": "00:08:26,990",
        "startTime": "00:08:22,010",
        "text": "hairspray it's super super good because\n"
    },
    {
        "number": "152",
        "stopTime": "00:08:29,810",
        "startTime": "00:08:24,620",
        "text": "it really really keeps your hair in\n"
    },
    {
        "number": "153",
        "stopTime": "00:08:31,850",
        "startTime": "00:08:26,990",
        "text": "place and it does a really good job of\n"
    },
    {
        "number": "154",
        "stopTime": "00:08:34,219",
        "startTime": "00:08:29,810",
        "text": "making sure if you have like bangs that\n"
    },
    {
        "number": "155",
        "stopTime": "00:08:36,469",
        "startTime": "00:08:31,850",
        "text": "they don't like fall apart pretty much\n"
    },
    {
        "number": "156",
        "stopTime": "00:08:38,630",
        "startTime": "00:08:34,219",
        "text": "and what I basically do to my hair is\n"
    },
    {
        "number": "157",
        "stopTime": "00:08:40,400",
        "startTime": "00:08:36,469",
        "text": "just straight in it tease it and\n"
    },
    {
        "number": "158",
        "stopTime": "00:08:42,200",
        "startTime": "00:08:38,630",
        "text": "hairspray it a little bit and then\n"
    },
    {
        "number": "159",
        "stopTime": "00:08:43,909",
        "startTime": "00:08:40,400",
        "text": "sometimes lately i've been using couple\n"
    },
    {
        "number": "160",
        "stopTime": "00:08:45,650",
        "startTime": "00:08:42,200",
        "text": "products that i'll show you guys but\n"
    },
    {
        "number": "161",
        "stopTime": "00:08:47,570",
        "startTime": "00:08:43,909",
        "text": "yeah that's pretty much what I do but if\n"
    },
    {
        "number": "162",
        "stopTime": "00:08:50,180",
        "startTime": "00:08:45,650",
        "text": "you want to see exactly how I do it and\n"
    },
    {
        "number": "163",
        "stopTime": "00:08:52,040",
        "startTime": "00:08:47,570",
        "text": "more I guess deaths or whatever then I\n"
    },
    {
        "number": "164",
        "stopTime": "00:08:53,600",
        "startTime": "00:08:50,180",
        "text": "do have some hair tutorial videos where\n"
    },
    {
        "number": "165",
        "stopTime": "00:08:56,180",
        "startTime": "00:08:52,040",
        "text": "I kind of show you guys how i style it\n"
    },
    {
        "number": "166",
        "stopTime": "00:08:58,460",
        "startTime": "00:08:53,600",
        "text": "and do all that last time that I got my\n"
    },
    {
        "number": "167",
        "stopTime": "00:09:01,070",
        "startTime": "00:08:56,180",
        "text": "hair cut it was by my friend Edward\n"
    },
    {
        "number": "168",
        "stopTime": "00:09:02,330",
        "startTime": "00:08:58,460",
        "text": "trico me he's really cool so I have to\n"
    },
    {
        "number": "169",
        "stopTime": "00:09:03,980",
        "startTime": "00:09:01,070",
        "text": "make up on my hands right now a little\n"
    },
    {
        "number": "170",
        "stopTime": "00:09:06,530",
        "startTime": "00:09:02,330",
        "text": "bit huh he was actually nice enough to\n"
    },
    {
        "number": "171",
        "stopTime": "00:09:08,839",
        "startTime": "00:09:03,980",
        "text": "give me these two amazing products so\n"
    },
    {
        "number": "172",
        "stopTime": "00:09:10,430",
        "startTime": "00:09:06,530",
        "text": "this is an anti frizz finishing cream\n"
    },
    {
        "number": "173",
        "stopTime": "00:09:12,050",
        "startTime": "00:09:08,839",
        "text": "and it's super good it's just kind of\n"
    },
    {
        "number": "174",
        "stopTime": "00:09:14,060",
        "startTime": "00:09:10,430",
        "text": "like a cream that you just kind of like\n"
    },
    {
        "number": "175",
        "stopTime": "00:09:16,250",
        "startTime": "00:09:12,050",
        "text": "squirt this a little bit if you have any\n"
    },
    {
        "number": "176",
        "stopTime": "00:09:17,330",
        "startTime": "00:09:14,060",
        "text": "frizziness in your hair or if you feel\n"
    },
    {
        "number": "177",
        "stopTime": "00:09:19,400",
        "startTime": "00:09:16,250",
        "text": "like you just kind of need this to keep\n"
    },
    {
        "number": "178",
        "stopTime": "00:09:21,410",
        "startTime": "00:09:17,330",
        "text": "your hair in place then you just kind of\n"
    },
    {
        "number": "179",
        "stopTime": "00:09:24,050",
        "startTime": "00:09:19,400",
        "text": "like rub it into your hair a little bit\n"
    },
    {
        "number": "180",
        "stopTime": "00:09:25,490",
        "startTime": "00:09:21,410",
        "text": "I get a mirror huh and then yeah like\n"
    },
    {
        "number": "181",
        "stopTime": "00:09:27,560",
        "startTime": "00:09:24,050",
        "text": "the whiteness like when you put it on\n"
    },
    {
        "number": "182",
        "stopTime": "00:09:29,480",
        "startTime": "00:09:25,490",
        "text": "your hand completely goes away when you\n"
    },
    {
        "number": "183",
        "stopTime": "00:09:31,279",
        "startTime": "00:09:27,560",
        "text": "rub it in and it's super good it makes\n"
    },
    {
        "number": "184",
        "stopTime": "00:09:33,500",
        "startTime": "00:09:29,480",
        "text": "your hair look really nice it definitely\n"
    },
    {
        "number": "185",
        "stopTime": "00:09:35,420",
        "startTime": "00:09:31,279",
        "text": "keeps it in place and gets rid of any\n"
    },
    {
        "number": "186",
        "stopTime": "00:09:37,069",
        "startTime": "00:09:33,500",
        "text": "frizziness or any places that you really\n"
    },
    {
        "number": "187",
        "stopTime": "00:09:38,899",
        "startTime": "00:09:35,420",
        "text": "want to like keep it in place it does a\n"
    },
    {
        "number": "188",
        "stopTime": "00:09:40,579",
        "startTime": "00:09:37,069",
        "text": "really good job of doing that and if you\n"
    },
    {
        "number": "189",
        "stopTime": "00:09:42,860",
        "startTime": "00:09:38,899",
        "text": "have any flyaways that way then this\n"
    },
    {
        "number": "190",
        "stopTime": "00:09:44,990",
        "startTime": "00:09:40,579",
        "text": "really keeps them like down makes it so\n"
    },
    {
        "number": "191",
        "stopTime": "00:09:47,660",
        "startTime": "00:09:42,860",
        "text": "your hair just like stays like I see a\n"
    },
    {
        "number": "192",
        "stopTime": "00:09:50,329",
        "startTime": "00:09:44,990",
        "text": "few right now so I'm just gonna like put\n"
    },
    {
        "number": "193",
        "stopTime": "00:09:52,129",
        "startTime": "00:09:47,660",
        "text": "that on there a little I done yet you'll\n"
    },
    {
        "number": "194",
        "stopTime": "00:09:54,649",
        "startTime": "00:09:50,329",
        "text": "see that like it goes down a lot and\n"
    },
    {
        "number": "195",
        "stopTime": "00:09:56,480",
        "startTime": "00:09:52,129",
        "text": "yeah it was a really good job of like\n"
    },
    {
        "number": "196",
        "stopTime": "00:09:57,949",
        "startTime": "00:09:54,649",
        "text": "keeping hair that doesn't want to stay\n"
    },
    {
        "number": "197",
        "stopTime": "00:09:59,959",
        "startTime": "00:09:56,480",
        "text": "in the right place in the right place so\n"
    },
    {
        "number": "198",
        "stopTime": "00:10:01,970",
        "startTime": "00:09:57,949",
        "text": "it's super good and then the next one is\n"
    },
    {
        "number": "199",
        "stopTime": "00:10:03,439",
        "startTime": "00:09:59,959",
        "text": "this and this is a blow-dry serum and\n"
    },
    {
        "number": "200",
        "stopTime": "00:10:05,720",
        "startTime": "00:10:01,970",
        "text": "this will make your hair look a lot\n"
    },
    {
        "number": "201",
        "stopTime": "00:10:07,370",
        "startTime": "00:10:03,439",
        "text": "better it will keep like any frizz down\n"
    },
    {
        "number": "202",
        "stopTime": "00:10:08,509",
        "startTime": "00:10:05,720",
        "text": "just like the other one does and then if\n"
    },
    {
        "number": "203",
        "stopTime": "00:10:10,160",
        "startTime": "00:10:07,370",
        "text": "you're straightening your hair it\n"
    },
    {
        "number": "204",
        "stopTime": "00:10:11,779",
        "startTime": "00:10:08,509",
        "text": "definitely makes you hear a lot shinier\n"
    },
    {
        "number": "205",
        "stopTime": "00:10:13,399",
        "startTime": "00:10:10,160",
        "text": "and make sure here locally night and it\n"
    },
    {
        "number": "206",
        "stopTime": "00:10:14,839",
        "startTime": "00:10:11,779",
        "text": "makes you feel a lot smoother which is\n"
    },
    {
        "number": "207",
        "stopTime": "00:10:16,430",
        "startTime": "00:10:13,399",
        "text": "really good cuz it like will protect\n"
    },
    {
        "number": "208",
        "stopTime": "00:10:18,470",
        "startTime": "00:10:14,839",
        "text": "your hair and make your hair really nice\n"
    },
    {
        "number": "209",
        "stopTime": "00:10:20,720",
        "startTime": "00:10:16,430",
        "text": "and shiny and I don't have curly hair\n"
    },
    {
        "number": "210",
        "stopTime": "00:10:22,370",
        "startTime": "00:10:18,470",
        "text": "but if you do have curly hair it's also\n"
    },
    {
        "number": "211",
        "stopTime": "00:10:24,139",
        "startTime": "00:10:20,720",
        "text": "supposed to like team it a lot your\n"
    },
    {
        "number": "212",
        "stopTime": "00:10:26,000",
        "startTime": "00:10:22,370",
        "text": "hairs like you leaked early so it's a\n"
    },
    {
        "number": "213",
        "stopTime": "00:10:28,579",
        "startTime": "00:10:24,139",
        "text": "useful for that this one is just kind of\n"
    },
    {
        "number": "214",
        "stopTime": "00:10:30,649",
        "startTime": "00:10:26,000",
        "text": "like a clear color when you like fun on\n"
    },
    {
        "number": "215",
        "stopTime": "00:10:32,810",
        "startTime": "00:10:28,579",
        "text": "your finger and then just kind of like\n"
    },
    {
        "number": "216",
        "stopTime": "00:10:34,250",
        "startTime": "00:10:30,649",
        "text": "put in your hair and then you'll notice\n"
    },
    {
        "number": "217",
        "stopTime": "00:10:35,120",
        "startTime": "00:10:32,810",
        "text": "your hair is really shiny like when\n"
    },
    {
        "number": "218",
        "stopTime": "00:10:37,100",
        "startTime": "00:10:34,250",
        "text": "you're using it when you're\n"
    },
    {
        "number": "219",
        "stopTime": "00:10:39,050",
        "startTime": "00:10:35,120",
        "text": "straightening it or when your stead of\n"
    },
    {
        "number": "220",
        "stopTime": "00:10:40,939",
        "startTime": "00:10:37,100",
        "text": "trying to get rid of like frizziness or\n"
    },
    {
        "number": "221",
        "stopTime": "00:10:43,339",
        "startTime": "00:10:39,050",
        "text": "things like that and huge thank you to\n"
    },
    {
        "number": "222",
        "stopTime": "00:10:45,019",
        "startTime": "00:10:40,939",
        "text": "my friends Edward for telling me about\n"
    },
    {
        "number": "223",
        "stopTime": "00:10:46,720",
        "startTime": "00:10:43,339",
        "text": "both these products and forgiving them\n"
    },
    {
        "number": "224",
        "stopTime": "00:10:48,980",
        "startTime": "00:10:45,019",
        "text": "to me because they're both awesome and\n"
    },
    {
        "number": "225",
        "stopTime": "00:10:50,959",
        "startTime": "00:10:46,720",
        "text": "yeah they're called the warren tricomi\n"
    },
    {
        "number": "226",
        "stopTime": "00:10:53,360",
        "startTime": "00:10:48,980",
        "text": "style that's the line that they're from\n"
    },
    {
        "number": "227",
        "stopTime": "00:10:55,880",
        "startTime": "00:10:50,959",
        "text": "and it's a blow-dry serum and the\n"
    },
    {
        "number": "228",
        "stopTime": "00:10:57,769",
        "startTime": "00:10:53,360",
        "text": "anti-frizz finishing cream so yeah these\n"
    },
    {
        "number": "229",
        "stopTime": "00:10:59,870",
        "startTime": "00:10:55,880",
        "text": "are both super good and I would really\n"
    },
    {
        "number": "230",
        "stopTime": "00:11:03,110",
        "startTime": "00:10:57,769",
        "text": "recommend ease by the way guys I'm not\n"
    },
    {
        "number": "231",
        "stopTime": "00:11:07,209",
        "startTime": "00:10:59,870",
        "text": "sure if my wing on my left eye was a bit\n"
    },
    {
        "number": "232",
        "stopTime": "00:11:09,709",
        "startTime": "00:11:03,110",
        "text": "off today so if it was that I'm sorry\n"
    },
    {
        "number": "233",
        "stopTime": "00:11:11,689",
        "startTime": "00:11:07,209",
        "text": "usually I don't think I have the hardest\n"
    },
    {
        "number": "234",
        "stopTime": "00:11:13,910",
        "startTime": "00:11:09,709",
        "text": "time doing a wing some people always\n"
    },
    {
        "number": "235",
        "stopTime": "00:11:16,490",
        "startTime": "00:11:11,689",
        "text": "tell me like wow your makeup is so bad\n"
    },
    {
        "number": "236",
        "stopTime": "00:11:18,110",
        "startTime": "00:11:13,910",
        "text": "but I don't know I do it every day so I\n"
    },
    {
        "number": "237",
        "stopTime": "00:11:21,199",
        "startTime": "00:11:16,490",
        "text": "don't think it's usually too off but\n"
    },
    {
        "number": "238",
        "stopTime": "00:11:24,199",
        "startTime": "00:11:18,110",
        "text": "sometimes obviously it can be a little\n"
    },
    {
        "number": "239",
        "stopTime": "00:11:26,150",
        "startTime": "00:11:21,199",
        "text": "bit off so hopefully it's not too bad ok\n"
    },
    {
        "number": "240",
        "stopTime": "00:11:28,100",
        "startTime": "00:11:24,199",
        "text": "so that is pretty much what I do what\n"
    },
    {
        "number": "241",
        "stopTime": "00:11:30,320",
        "startTime": "00:11:26,150",
        "text": "wake up and how I get ready if you guys\n"
    },
    {
        "number": "242",
        "stopTime": "00:11:32,210",
        "startTime": "00:11:28,100",
        "text": "enjoyed watching this video so make sure\n"
    },
    {
        "number": "243",
        "stopTime": "00:11:34,400",
        "startTime": "00:11:30,320",
        "text": "you give it a thumbs up so I know that\n"
    },
    {
        "number": "244",
        "stopTime": "00:11:35,600",
        "startTime": "00:11:32,210",
        "text": "you liked it and subscribe to my youtube\n"
    },
    {
        "number": "245",
        "stopTime": "00:11:37,370",
        "startTime": "00:11:34,400",
        "text": "channel if you want to see more videos\n"
    },
    {
        "number": "246",
        "stopTime": "00:11:39,860",
        "startTime": "00:11:35,600",
        "text": "for me also if you want to be notified\n"
    },
    {
        "number": "247",
        "stopTime": "00:11:41,630",
        "startTime": "00:11:37,370",
        "text": "whenever I post new videos then you can\n"
    },
    {
        "number": "248",
        "stopTime": "00:11:43,610",
        "startTime": "00:11:39,860",
        "text": "click on the bell icon and then you\n"
    },
    {
        "number": "249",
        "stopTime": "00:11:45,380",
        "startTime": "00:11:41,630",
        "text": "should know whenever I post I love you\n"
    },
    {
        "number": "250",
        "stopTime": "00:11:48,100",
        "startTime": "00:11:43,610",
        "text": "guys I'll see you guys in my next video\n"
    },
    {
        "number": "251",
        "stopTime": "00:11:48,100",
        "startTime": "00:11:45,380",
        "text": "bye\n"
    },
    {
        "number": "252",
        "stopTime": "00:12:07,909",
        "startTime": "00:11:49,180",
        "text": "[Music]\n"
    }
]