{
    "sentiment_analysis": [
        {
            "positive": [
                {
                    "sentiment": "love",
                    "topic": "pepsi",
                    "score": 0.8401344326865,
                    "original_text": "i love pepsi",
                    "original_length": 12,
                    "normalized_text": "i love pepsi",
                    "normalized_length": 12,
                    "offset": 1
                }
            ],
            "negative": [],
            "aggregate": {
                "sentiment": "positive",
                "score": 0.8401344326865
            }
        }
    ]
}