{
    "sentiment_analysis": [
        {
            "positive": [
                {
                    "sentiment": "cool",
                    "topic": "toy Joker",
                    "score": 0.62801457251814,
                    "original_text": "cool toy Joker",
                    "original_length": 14,
                    "normalized_text": "cool toy Joker",
                    "normalized_length": 14,
                    "offset": 255
                },
                {
                    "sentiment": "Magic",
                    "topic": "finger",
                    "score": 0.41366197954986,
                    "original_text": "Magic finger",
                    "original_length": 12,
                    "normalized_text": "Magic finger",
                    "normalized_length": 12,
                    "offset": 340
                },
                {
                    "sentiment": "very quiet",
                    "topic": "Shh",
                    "score": 0.7288836109638,
                    "original_text": "Shh be very quiet",
                    "original_length": 17,
                    "normalized_text": "Shh be very quiet",
                    "normalized_length": 17,
                    "offset": 572
                },
                {
                    "sentiment": "won't ",
                    "topic": null,
                    "score": 0.0016962376972446,
                    "original_text": "He won't ",
                    "original_length": 9,
                    "normalized_text": "He won't ",
                    "normalized_length": 9,
                    "offset": 651
                },
                {
                    "sentiment": "So so funny",
                    "topic": null,
                    "score": 0.84603283149574,
                    "original_text": "So so funny",
                    "original_length": 11,
                    "normalized_text": "So so funny",
                    "normalized_length": 11,
                    "offset": 679
                },
                {
                    "sentiment": "enjoy",
                    "topic": null,
                    "score": 0.83035851058597,
                    "original_text": "enjoy it",
                    "original_length": 8,
                    "normalized_text": "enjoy it",
                    "normalized_length": 8,
                    "offset": 692
                },
                {
                    "sentiment": "love",
                    "topic": "Coke",
                    "score": 0.8401344326865,
                    "original_text": "I love Coke",
                    "original_length": 11,
                    "normalized_text": "I love Coke",
                    "normalized_length": 11,
                    "offset": 997
                },
                {
                    "sentiment": "love",
                    "topic": "Pepsi",
                    "score": 0.8401344326865,
                    "original_text": "I love Pepsi",
                    "original_length": 12,
                    "normalized_text": "I love Pepsi",
                    "normalized_length": 12,
                    "offset": 1016
                },
                {
                    "sentiment": "So so funny",
                    "topic": null,
                    "score": 0.84603283149574,
                    "original_text": "So so funny",
                    "original_length": 11,
                    "normalized_text": "So so funny",
                    "normalized_length": 11,
                    "offset": 1029
                },
                {
                    "sentiment": "Wow!",
                    "topic": null,
                    "score": 0.71560000421763,
                    "original_text": "Wow!",
                    "original_length": 4,
                    "normalized_text": "Wow!",
                    "normalized_length": 4,
                    "offset": 1441
                },
                {
                    "sentiment": "a clever skeleton",
                    "topic": null,
                    "score": 0.79233520429398,
                    "original_text": "I'm a clever skeleton",
                    "original_length": 21,
                    "normalized_text": "I'm a clever skeleton",
                    "normalized_length": 21,
                    "offset": 1503
                },
                {
                    "sentiment": "a clever skeleton",
                    "topic": null,
                    "score": 0.79233520429398,
                    "original_text": "I'm a clever skeleton",
                    "original_length": 21,
                    "normalized_text": "I'm a clever skeleton",
                    "normalized_length": 21,
                    "offset": 1526
                },
                {
                    "sentiment": "funny",
                    "topic": null,
                    "score": 0.79233520429398,
                    "original_text": "you're funny",
                    "original_length": 12,
                    "normalized_text": "you're funny",
                    "normalized_length": 12,
                    "offset": 1736
                },
                {
                    "sentiment": "a hot sunny day and Spiderman",
                    "topic": null,
                    "score": 0.79233520429398,
                    "original_text": "It's a hot sunny day and Spiderman",
                    "original_length": 34,
                    "normalized_text": "It's a hot sunny day and Spiderman",
                    "normalized_length": 34,
                    "offset": 1853
                },
                {
                    "sentiment": "thanks",
                    "topic": "Hulk",
                    "score": 0.81406432882078,
                    "original_text": "thanks Hulk",
                    "original_length": 11,
                    "normalized_text": "thanks Hulk",
                    "normalized_length": 11,
                    "offset": 2066
                },
                {
                    "sentiment": "thanks",
                    "topic": null,
                    "score": 0.67489840558231,
                    "original_text": "$3 thanks",
                    "original_length": 9,
                    "normalized_text": "$3 thanks",
                    "normalized_length": 9,
                    "offset": 2125
                },
                {
                    "sentiment": "Thank you",
                    "topic": "very much Spiderman",
                    "score": 0.96684188493118,
                    "original_text": "Thank you very much Spiderman",
                    "original_length": 29,
                    "normalized_text": "Thank you very much Spiderman",
                    "normalized_length": 29,
                    "offset": 2145
                },
                {
                    "sentiment": "Enjoy",
                    "topic": "your Coke",
                    "score": 0.83035851058597,
                    "original_text": "Enjoy your Coke",
                    "original_length": 15,
                    "normalized_text": "Enjoy your Coke",
                    "normalized_length": 15,
                    "offset": 2177
                },
                {
                    "sentiment": "Delicious",
                    "topic": null,
                    "score": 0.57345066344102,
                    "original_text": "Delicious",
                    "original_length": 9,
                    "normalized_text": "Delicious",
                    "normalized_length": 9,
                    "offset": 2193
                },
                {
                    "sentiment": "Thanks",
                    "topic": "Hulk",
                    "score": 0.81406432882078,
                    "original_text": "Thanks Hulk",
                    "original_length": 11,
                    "normalized_text": "Thanks Hulk",
                    "normalized_length": 11,
                    "offset": 2339
                },
                {
                    "sentiment": "like",
                    "topic": "this video",
                    "score": 0.059229436137142,
                    "original_text": "if you like this video",
                    "original_length": 22,
                    "normalized_text": "if you like this video",
                    "normalized_length": 22,
                    "offset": 2817
                },
                {
                    "sentiment": "Thanks",
                    "topic": null,
                    "score": 0.81406432882078,
                    "original_text": "Thanks",
                    "original_length": 6,
                    "normalized_text": "Thanks",
                    "normalized_length": 6,
                    "offset": 2958
                }
            ],
            "negative": [
                {
                    "sentiment": "Oh no",
                    "topic": null,
                    "score": -0.56857996205272,
                    "original_text": "Oh no",
                    "original_length": 5,
                    "normalized_text": "Oh no",
                    "normalized_length": 5,
                    "offset": 15
                },
                {
                    "sentiment": "poor",
                    "topic": "fire",
                    "score": -0.62801457251814,
                    "original_text": "poor fire",
                    "original_length": 9,
                    "normalized_text": "poor fire",
                    "normalized_length": 9,
                    "offset": 382
                },
                {
                    "sentiment": "Too late",
                    "topic": "Spiderman",
                    "score": -0.44365059175772,
                    "original_text": "Too late Spiderman",
                    "original_length": 18,
                    "normalized_text": "Too late Spiderman",
                    "normalized_length": 18,
                    "offset": 392
                },
                {
                    "sentiment": "thirsty",
                    "topic": "Spiderman",
                    "score": -0.57345066344102,
                    "original_text": "Spiderman is thirsty",
                    "original_length": 20,
                    "normalized_text": "Spiderman is thirsty",
                    "normalized_length": 20,
                    "offset": 483
                },
                {
                    "sentiment": "Poor",
                    "topic": "Spiderman",
                    "score": -0.62801457251814,
                    "original_text": "Poor Spiderman",
                    "original_length": 14,
                    "normalized_text": "Poor Spiderman",
                    "normalized_length": 14,
                    "offset": 636
                },
                {
                    "sentiment": "Oh no",
                    "topic": null,
                    "score": -0.56857996205272,
                    "original_text": "Oh no",
                    "original_length": 5,
                    "normalized_text": "Oh no",
                    "normalized_length": 5,
                    "offset": 982
                },
                {
                    "sentiment": "Poor",
                    "topic": "Spiderman",
                    "score": -0.62801457251814,
                    "original_text": "Poor Spiderman",
                    "original_length": 14,
                    "normalized_text": "Poor Spiderman",
                    "normalized_length": 14,
                    "offset": 1066
                },
                {
                    "sentiment": "a silly skeleton",
                    "topic": null,
                    "score": -0.79233520429398,
                    "original_text": "I'm a silly skeleton",
                    "original_length": 20,
                    "normalized_text": "I'm a silly skeleton",
                    "normalized_length": 20,
                    "offset": 1586
                },
                {
                    "sentiment": "a silly skeleton",
                    "topic": null,
                    "score": -0.79233520429398,
                    "original_text": "I'm a silly skeleton",
                    "original_length": 20,
                    "normalized_text": "I'm a silly skeleton",
                    "normalized_length": 20,
                    "offset": 1608
                },
                {
                    "sentiment": "a silly skeleton",
                    "topic": null,
                    "score": -0.79233520429398,
                    "original_text": "You are a silly skeleton",
                    "original_length": 24,
                    "normalized_text": "You are a silly skeleton",
                    "normalized_length": 24,
                    "offset": 1772
                },
                {
                    "sentiment": "the Bad",
                    "topic": "Baby Joker",
                    "score": -0.62801457251814,
                    "original_text": "the Bad Baby Joker",
                    "original_length": 18,
                    "normalized_text": "the Bad Baby Joker",
                    "normalized_length": 18,
                    "offset": 1818
                },
                {
                    "sentiment": "thirsty",
                    "topic": null,
                    "score": -0.33614558251462,
                    "original_text": "thirsty",
                    "original_length": 7,
                    "normalized_text": "thirsty",
                    "normalized_length": 7,
                    "offset": 1896
                },
                {
                    "sentiment": "still thirsty",
                    "topic": null,
                    "score": -0.63982045835682,
                    "original_text": "but I'm still thirsty",
                    "original_length": 21,
                    "normalized_text": "but I'm still thirsty",
                    "normalized_length": 21,
                    "offset": 2208
                },
                {
                    "sentiment": "very angry",
                    "topic": "Hulk",
                    "score": -0.94317950967038,
                    "original_text": "Hulk is very angry!",
                    "original_length": 19,
                    "normalized_text": "Hulk is very angry!",
                    "normalized_length": 19,
                    "offset": 2401
                },
                {
                    "sentiment": "The Bad",
                    "topic": "Baby Joker",
                    "score": -0.71684240838393,
                    "original_text": "The Bad Baby Joker!",
                    "original_length": 19,
                    "normalized_text": "The Bad Baby Joker!",
                    "normalized_length": 19,
                    "offset": 2508
                }
            ],
            "aggregate": {
                "sentiment": "positive",
                "score": 0.15479862451429
            }
        }
    ]
}