[
    {
        "number": "1",
        "stopTime": "00:00:08,660",
        "startTime": "00:00:02,330",
        "text": "Superhero Time\nOh no there's a fire in the garden\n"
    },
    {
        "number": "2",
        "stopTime": "00:00:10,929",
        "startTime": "00:00:08,660",
        "text": "Can Spiderman put it out?\n"
    },
    {
        "number": "3",
        "stopTime": "00:00:11,929",
        "startTime": "00:00:10,929",
        "text": "Ffffffiiiirrrreeee!\n"
    },
    {
        "number": "4",
        "stopTime": "00:00:12,929",
        "startTime": "00:00:11,929",
        "text": "Ah ha!\n"
    },
    {
        "number": "5",
        "stopTime": "00:00:14,230",
        "startTime": "00:00:12,929",
        "text": "A hose.\n"
    },
    {
        "number": "6",
        "stopTime": "00:00:21,780",
        "startTime": "00:00:14,230",
        "text": "Maybe Spiderman could use that?\n"
    },
    {
        "number": "7",
        "stopTime": "00:00:31,359",
        "startTime": "00:00:21,780",
        "text": "Nice\nTime for a bath fire\n"
    },
    {
        "number": "8",
        "stopTime": "00:00:36,650",
        "startTime": "00:00:31,359",
        "text": "Spiderman cannot put out the fire\nWhat will he do?\n"
    },
    {
        "number": "9",
        "stopTime": "00:00:42,790",
        "startTime": "00:00:36,650",
        "text": "Hmm, who's this?\n"
    },
    {
        "number": "10",
        "stopTime": "00:00:55,080",
        "startTime": "00:00:42,790",
        "text": "Hi\nYeah, cool toy Joker, whatever!\n"
    },
    {
        "number": "11",
        "stopTime": "00:01:07,360",
        "startTime": "00:00:55,080",
        "text": "Watch this Spiderman\nUp Up Up\n"
    },
    {
        "number": "12",
        "stopTime": "00:01:19,640",
        "startTime": "00:01:07,360",
        "text": "Time to put out the fire!\n"
    },
    {
        "number": "13",
        "stopTime": "00:01:29,880",
        "startTime": "00:01:19,640",
        "text": "Magic finger\nSquirt, squirt, squirt\n"
    },
    {
        "number": "14",
        "stopTime": "00:01:42,160",
        "startTime": "00:01:29,880",
        "text": "Ohh, poor fire\nToo late Spiderman\n"
    },
    {
        "number": "15",
        "stopTime": "00:01:49,450",
        "startTime": "00:01:42,160",
        "text": "What, what where did it go? ohh Joker!\n"
    },
    {
        "number": "16",
        "stopTime": "00:01:52,480",
        "startTime": "00:01:49,450",
        "text": "I did it!\n"
    },
    {
        "number": "17",
        "stopTime": "00:02:00,370",
        "startTime": "00:01:52,480",
        "text": "Joker 1 Spiderman 0\nSpiderman is thirsty after fighting the fire\n"
    },
    {
        "number": "18",
        "stopTime": "00:02:09,700",
        "startTime": "00:02:00,370",
        "text": "Yummy\nWhoops I need a cup\n"
    },
    {
        "number": "19",
        "stopTime": "00:02:18,670",
        "startTime": "00:02:09,700",
        "text": "Hello, I'm back\nShh be very quiet\n"
    },
    {
        "number": "20",
        "stopTime": "00:02:30,670",
        "startTime": "00:02:18,670",
        "text": "I'll take that\nShake it, shake it, shake it\n"
    },
    {
        "number": "21",
        "stopTime": "00:02:41,340",
        "startTime": "00:02:30,670",
        "text": "Poor Spiderman\nHe won't know what hit him\n"
    },
    {
        "number": "22",
        "stopTime": "00:02:52,180",
        "startTime": "00:02:41,340",
        "text": "So so funny, enjoy it Spiderman\nNow which one should I drink?\n"
    },
    {
        "number": "23",
        "stopTime": "00:02:54,490",
        "startTime": "00:02:52,180",
        "text": "Should I drink the Coke?\n"
    },
    {
        "number": "24",
        "stopTime": "00:03:01,690",
        "startTime": "00:02:54,490",
        "text": "Yum\nOr should I drink the Pepsi?\n"
    },
    {
        "number": "25",
        "stopTime": "00:03:06,220",
        "startTime": "00:03:01,690",
        "text": "You tell me\nUp there in the corner, press the button and\n"
    },
    {
        "number": "26",
        "stopTime": "00:03:11,220",
        "startTime": "00:03:06,220",
        "text": "cast your vote\nCoke or Pepsi, which one?\n"
    },
    {
        "number": "27",
        "stopTime": "00:03:20,450",
        "startTime": "00:03:11,220",
        "text": "I think I'll drink the Coke\nActually I'll change, I think I might go the\n"
    },
    {
        "number": "28",
        "stopTime": "00:03:32,150",
        "startTime": "00:03:20,450",
        "text": "Pepsi\nOh no the Coke I love Coke\n"
    },
    {
        "number": "29",
        "stopTime": "00:03:43,349",
        "startTime": "00:03:32,150",
        "text": "Or no I love Pepsi\nSo so funny\n"
    },
    {
        "number": "30",
        "stopTime": "00:03:51,040",
        "startTime": "00:03:43,349",
        "text": "Joker has done it again\nPoor Spiderman\n"
    },
    {
        "number": "31",
        "stopTime": "00:04:03,670",
        "startTime": "00:03:51,040",
        "text": "bye bye\nHello\n"
    },
    {
        "number": "32",
        "stopTime": "00:04:20,509",
        "startTime": "00:04:03,670",
        "text": "Hello Spiderman\nHey Spidergirl\n"
    },
    {
        "number": "33",
        "stopTime": "00:04:55,039",
        "startTime": "00:04:20,509",
        "text": "Come inside I have a little surprise\nWhat is it?\n"
    },
    {
        "number": "34",
        "stopTime": "00:05:05,090",
        "startTime": "00:04:55,039",
        "text": "What is it?\n"
    },
    {
        "number": "35",
        "stopTime": "00:06:45,569",
        "startTime": "00:05:05,090",
        "text": "So I've got a new pet, can you guess what\nit is?\n"
    },
    {
        "number": "36",
        "stopTime": "00:07:01,129",
        "startTime": "00:06:45,569",
        "text": "Roar, a dinosaur?\n"
    },
    {
        "number": "37",
        "stopTime": "00:07:14,339",
        "startTime": "00:07:01,129",
        "text": "No, it's not a dinosaur.\n"
    },
    {
        "number": "38",
        "stopTime": "00:07:38,770",
        "startTime": "00:07:14,339",
        "text": "Wait here\nSpidergirl runs outside to get her new pet\n"
    },
    {
        "number": "39",
        "stopTime": "00:09:19,612",
        "startTime": "00:07:38,770",
        "text": "Come on Sammy, come with me\nThis is my skeleton, Sammy.\n"
    },
    {
        "number": "40",
        "stopTime": "00:09:23,540",
        "startTime": "00:09:19,612",
        "text": "Sammy the skeleton.\n"
    },
    {
        "number": "41",
        "stopTime": "00:10:28,310",
        "startTime": "00:09:23,540",
        "text": "Sammy skeleton\noh Hi, Wow!\n"
    },
    {
        "number": "42",
        "stopTime": "00:10:32,800",
        "startTime": "00:10:28,310",
        "text": "You have a pet skeleton?\n"
    },
    {
        "number": "43",
        "stopTime": "00:10:47,960",
        "startTime": "00:10:32,800",
        "text": "He copies what you say, watch\nI'm a clever skeleton\n"
    },
    {
        "number": "44",
        "stopTime": "00:10:53,920",
        "startTime": "00:10:47,960",
        "text": "I'm a clever skeleton\nHello Sammy, hello Sammy\n"
    },
    {
        "number": "45",
        "stopTime": "00:10:58,720",
        "startTime": "00:10:53,920",
        "text": "Hello Sammy\nI'm a silly skeleton\n"
    },
    {
        "number": "46",
        "stopTime": "00:11:19,270",
        "startTime": "00:10:58,720",
        "text": "I'm a silly skeleton\nI'm going to get a snack, do you want something?\n"
    },
    {
        "number": "47",
        "stopTime": "00:12:00,180",
        "startTime": "00:11:19,270",
        "text": "I think I'll play with Sammy\nBoo\n"
    },
    {
        "number": "48",
        "stopTime": "00:12:07,840",
        "startTime": "00:12:00,180",
        "text": "Hello\nSammy, oh Sammy, you're funny\n"
    },
    {
        "number": "49",
        "stopTime": "00:12:10,490",
        "startTime": "00:12:07,840",
        "text": "Spidergirl!\n"
    },
    {
        "number": "50",
        "stopTime": "00:12:20,450",
        "startTime": "00:12:10,490",
        "text": "You guys\nYou are a silly skeleton\n"
    },
    {
        "number": "51",
        "stopTime": "00:12:33,050",
        "startTime": "00:12:20,450",
        "text": "Spiderman, Coke and the Bad Baby Joker\nSuperhero Time\n"
    },
    {
        "number": "52",
        "stopTime": "00:12:38,360",
        "startTime": "00:12:33,050",
        "text": "It's a hot sunny day and Spiderman is very\nthirsty\n"
    },
    {
        "number": "53",
        "stopTime": "00:12:42,730",
        "startTime": "00:12:38,360",
        "text": "A drink!\n"
    },
    {
        "number": "54",
        "stopTime": "00:12:49,300",
        "startTime": "00:12:42,730",
        "text": "Oh it's empty!\n"
    },
    {
        "number": "55",
        "stopTime": "00:12:52,350",
        "startTime": "00:12:49,300",
        "text": "Spiderman really needs a drink, when suddenly..\n"
    },
    {
        "number": "56",
        "stopTime": "00:12:54,860",
        "startTime": "00:12:52,350",
        "text": "Yes!\n"
    },
    {
        "number": "57",
        "stopTime": "00:13:08,850",
        "startTime": "00:12:54,860",
        "text": "Ice Cold Coke!\n"
    },
    {
        "number": "58",
        "stopTime": "00:13:12,460",
        "startTime": "00:13:08,850",
        "text": "Hello Spiderman, how can I help you today?\n"
    },
    {
        "number": "59",
        "stopTime": "00:13:24,580",
        "startTime": "00:13:12,460",
        "text": "One of these Coke's thanks Hulk\nHere you go, Ice cold Coke, enjoy.\n"
    },
    {
        "number": "60",
        "stopTime": "00:13:37,640",
        "startTime": "00:13:24,580",
        "text": "That'll be $3 thanks\n1, 2, 3.\n"
    },
    {
        "number": "61",
        "stopTime": "00:13:39,520",
        "startTime": "00:13:37,640",
        "text": "Thank you very much Spiderman.\n"
    },
    {
        "number": "62",
        "stopTime": "00:13:50,340",
        "startTime": "00:13:39,520",
        "text": "Enjoy your Coke\nDelicious.\n"
    },
    {
        "number": "63",
        "stopTime": "00:13:58,810",
        "startTime": "00:13:50,340",
        "text": "Oh but I'm still thirsty and I haven't got\nany money.\n"
    },
    {
        "number": "64",
        "stopTime": "00:14:02,340",
        "startTime": "00:13:58,810",
        "text": "Spiderman needs to ask Hulk a favour.\n"
    },
    {
        "number": "65",
        "stopTime": "00:14:04,460",
        "startTime": "00:14:02,340",
        "text": "Another drink.\n"
    },
    {
        "number": "66",
        "stopTime": "00:14:10,160",
        "startTime": "00:14:04,460",
        "text": "But Hulk is not there.\n"
    },
    {
        "number": "67",
        "stopTime": "00:14:14,970",
        "startTime": "00:14:10,160",
        "text": "Thanks Hulk.\n"
    },
    {
        "number": "68",
        "stopTime": "00:14:29,390",
        "startTime": "00:14:14,970",
        "text": "Hey, my Coke, there's one missing.\n"
    },
    {
        "number": "69",
        "stopTime": "00:14:31,800",
        "startTime": "00:14:29,390",
        "text": "Spiderman.\n"
    },
    {
        "number": "70",
        "stopTime": "00:14:35,160",
        "startTime": "00:14:31,800",
        "text": "Hulk is very angry!\n"
    },
    {
        "number": "71",
        "stopTime": "00:14:41,250",
        "startTime": "00:14:35,160",
        "text": "I'm going to get that Spiderman, but I need\nsome help.\n"
    },
    {
        "number": "72",
        "stopTime": "00:14:45,130",
        "startTime": "00:14:41,250",
        "text": "Hello Hulk.\n"
    },
    {
        "number": "73",
        "stopTime": "00:14:50,940",
        "startTime": "00:14:45,130",
        "text": "Need some help?\n"
    },
    {
        "number": "74",
        "stopTime": "00:14:56,170",
        "startTime": "00:14:50,940",
        "text": "The Bad Baby Joker!\n"
    },
    {
        "number": "75",
        "stopTime": "00:15:00,050",
        "startTime": "00:14:56,170",
        "text": "Go, get Spiderman!\n"
    },
    {
        "number": "76",
        "stopTime": "00:15:06,650",
        "startTime": "00:15:00,050",
        "text": "Spiderman, Spiderman, where are you?\n"
    },
    {
        "number": "77",
        "stopTime": "00:15:10,610",
        "startTime": "00:15:06,650",
        "text": "I'll take that!\n"
    },
    {
        "number": "78",
        "stopTime": "00:15:15,890",
        "startTime": "00:15:10,610",
        "text": "MMm Coke, my favorite!\n"
    },
    {
        "number": "79",
        "stopTime": "00:15:23,950",
        "startTime": "00:15:15,890",
        "text": "Oh yum, it makes me crazy!\n"
    },
    {
        "number": "80",
        "stopTime": "00:15:28,880",
        "startTime": "00:15:23,950",
        "text": "Hey that's mine!\n"
    },
    {
        "number": "81",
        "stopTime": "00:15:38,730",
        "startTime": "00:15:28,880",
        "text": "Catch me if you can Spiderman!\n"
    },
    {
        "number": "82",
        "stopTime": "00:15:45,300",
        "startTime": "00:15:38,730",
        "text": "You can't get me!\n"
    },
    {
        "number": "83",
        "stopTime": "00:15:52,660",
        "startTime": "00:15:45,300",
        "text": "Let go of me!\n"
    },
    {
        "number": "84",
        "stopTime": "00:15:54,180",
        "startTime": "00:15:52,660",
        "text": "I got ya!\n"
    },
    {
        "number": "85",
        "stopTime": "00:15:55,710",
        "startTime": "00:15:54,180",
        "text": "Take that Spiderman.\n"
    },
    {
        "number": "86",
        "stopTime": "00:15:57,670",
        "startTime": "00:15:55,710",
        "text": "Don't you take my Coke!\n"
    },
    {
        "number": "87",
        "stopTime": "00:15:59,760",
        "startTime": "00:15:57,670",
        "text": "Bye bye!\n"
    },
    {
        "number": "88",
        "stopTime": "00:16:10,700",
        "startTime": "00:15:59,760",
        "text": "Hi kids, if you like this video please like\nand subscribe down below, also leave a comment\n"
    },
    {
        "number": "89",
        "stopTime": "00:16:13,670",
        "startTime": "00:16:10,700",
        "text": "and tell us what you want to see next on Superhero\nTime!\n"
    },
    {
        "number": "90",
        "stopTime": "00:16:16,139",
        "startTime": "00:16:13,670",
        "text": "Thanks for watching, bye!\n"
    }
]