{
    "sentiment_analysis": [
        {
            "positive": [
                {
                    "sentiment": "honestly fucking love",
                    "topic": "Greg",
                    "score": 0.98673110643092,
                    "original_text": "i honestly fucking love Greg",
                    "original_length": 28,
                    "normalized_text": "i honestly fucking love Greg",
                    "normalized_length": 28,
                    "offset": 261
                },
                {
                    "sentiment": "so intelligent",
                    "topic": null,
                    "score": 0.90804389740359,
                    "original_text": "He's so intelligent",
                    "original_length": 19,
                    "normalized_text": "He's so intelligent",
                    "normalized_length": 19,
                    "offset": 291
                },
                {
                    "sentiment": "well be cutting",
                    "topic": null,
                    "score": 0.77418135736804,
                    "original_text": "well be cutting herself in front of the camera",
                    "original_length": 46,
                    "normalized_text": "well be cutting herself in front of the camera",
                    "normalized_length": 46,
                    "offset": 713
                },
                {
                    "sentiment": "like",
                    "topic": "this guy",
                    "score": 0.60858454666352,
                    "original_text": "I like this guy",
                    "original_length": 15,
                    "normalized_text": "I like this guy",
                    "normalized_length": 15,
                    "offset": 761
                },
                {
                    "sentiment": "very honest",
                    "topic": null,
                    "score": 0.90258715778194,
                    "original_text": "he's very honest",
                    "original_length": 16,
                    "normalized_text": "he's very honest",
                    "normalized_length": 16,
                    "offset": 777
                },
                {
                    "sentiment": "healthy food",
                    "topic": null,
                    "score": 0.54101925645417,
                    "original_text": "we can get healthy food",
                    "original_length": 23,
                    "normalized_text": "we can get healthy food",
                    "normalized_length": 23,
                    "offset": 949
                },
                {
                    "sentiment": "pretty",
                    "topic": null,
                    "score": 0.70933685150655,
                    "original_text": "be pretty",
                    "original_length": 9,
                    "normalized_text": "be pretty",
                    "normalized_length": 9,
                    "offset": 1024
                },
                {
                    "sentiment": "honestly makes",
                    "topic": "like EugeniaEugenia",
                    "score": 0.7614534295774,
                    "original_text": "like EugeniaEugenia honestly makes me",
                    "original_length": 37,
                    "normalized_text": "like EugeniaEugenia honestly makes me",
                    "normalized_length": 37,
                    "offset": 1124
                },
                {
                    "sentiment": "feel encouraged to eat",
                    "topic": "less, exercise",
                    "score": 0.97521085476161,
                    "original_text": "I feel encouraged to eat less, exercise more",
                    "original_length": 44,
                    "normalized_text": "I feel encouraged to eat less, exercise more",
                    "normalized_length": 44,
                    "offset": 1334
                }
            ],
            "negative": [
                {
                    "sentiment": "probably lost",
                    "topic": null,
                    "score": -0.66091442684997,
                    "original_text": "She's probably lost",
                    "original_length": 19,
                    "normalized_text": "She's probably lost",
                    "normalized_length": 19,
                    "offset": 0
                },
                {
                    "sentiment": "dangerous",
                    "topic": "acts",
                    "score": -0.62801457251814,
                    "original_text": "dangerous acts",
                    "original_length": 14,
                    "normalized_text": "dangerous acts",
                    "normalized_length": 14,
                    "offset": 448
                },
                {
                    "sentiment": "so clearly sick",
                    "topic": "This girl",
                    "score": -0.95351845504342,
                    "original_text": "This girl is so clearly sick",
                    "original_length": 28,
                    "normalized_text": "This girl is so clearly sick",
                    "normalized_length": 28,
                    "offset": 492
                },
                {
                    "sentiment": "is killing",
                    "topic": null,
                    "score": -0.79233520429398,
                    "original_text": "she is killing herself and broadcasting the results",
                    "original_length": 51,
                    "normalized_text": "she is killing herself and broadcasting the results",
                    "normalized_length": 51,
                    "offset": 522
                },
                {
                    "sentiment": "impressionable",
                    "topic": "audience",
                    "score": -0.41366197954986,
                    "original_text": "impressionable audience",
                    "original_length": 23,
                    "normalized_text": "impressionable audience",
                    "normalized_length": 23,
                    "offset": 585
                },
                {
                    "sentiment": "blame for",
                    "topic": "her death",
                    "score": -0.79813669994825,
                    "original_text": "blame for her death",
                    "original_length": 19,
                    "normalized_text": "blame for her death",
                    "normalized_length": 19,
                    "offset": 679
                },
                {
                    "sentiment": "is hospitalized",
                    "topic": null,
                    "score": -0.67489840558231,
                    "original_text": "she is hospitalized",
                    "original_length": 19,
                    "normalized_text": "she is hospitalized",
                    "normalized_length": 19,
                    "offset": 1077
                },
                {
                    "sentiment": "mean",
                    "topic": null,
                    "score": -0.70933685150655,
                    "original_text": "be mean",
                    "original_length": 7,
                    "normalized_text": "be mean",
                    "normalized_length": 7,
                    "offset": 1427
                },
                {
                    "sentiment": "blind to",
                    "topic": null,
                    "score": -0.4859387301891,
                    "original_text": "is blind to",
                    "original_length": 11,
                    "normalized_text": "is blind to",
                    "normalized_length": 11,
                    "offset": 1458
                },
                {
                    "sentiment": "blame",
                    "topic": "Eugenia Cooney for other peoples actions",
                    "score": -0.79813669994825,
                    "original_text": "blame Eugenia Cooney for other peoples actions",
                    "original_length": 46,
                    "normalized_text": "blame Eugenia Cooney for other peoples actions",
                    "normalized_length": 46,
                    "offset": 1764
                },
                {
                    "sentiment": "have the issue",
                    "topic": null,
                    "score": -0.46377052838785,
                    "original_text": "who have the issue",
                    "original_length": 18,
                    "normalized_text": "who have the issue",
                    "normalized_length": 18,
                    "offset": 1840
                }
            ],
            "aggregate": {
                "sentiment": "mixed",
                "score": -0.010575704793496
            }
        }
    ]
}