[
    {
        "number": "1",
        "stopTime": "00:00:06,990",
        "startTime": "00:00:00,000",
        "text": "what's up guys so what's happening great\n"
    },
    {
        "number": "2",
        "stopTime": "00:00:10,410",
        "startTime": "00:00:04,430",
        "text": "eugenia cooney made a response video to\n"
    },
    {
        "number": "3",
        "stopTime": "00:00:13,290",
        "startTime": "00:00:06,990",
        "text": "me and well it wasn't really a response\n"
    },
    {
        "number": "4",
        "stopTime": "00:00:15,809",
        "startTime": "00:00:10,410",
        "text": "but it was her on you now as usual that\n"
    },
    {
        "number": "5",
        "stopTime": "00:00:17,940",
        "startTime": "00:00:13,290",
        "text": "and more on today's own easy on speaks\n"
    },
    {
        "number": "6",
        "stopTime": "00:00:19,439",
        "startTime": "00:00:15,809",
        "text": "okay hi hello I'm not Mitchell Davis\n"
    },
    {
        "number": "7",
        "stopTime": "00:00:21,090",
        "startTime": "00:00:17,940",
        "text": "someone named Jamie submitted this to me\n"
    },
    {
        "number": "8",
        "stopTime": "00:00:22,529",
        "startTime": "00:00:19,439",
        "text": "by email so I guess it's my duty to\n"
    },
    {
        "number": "9",
        "stopTime": "00:00:24,240",
        "startTime": "00:00:21,090",
        "text": "watch what you genius said about me as\n"
    },
    {
        "number": "10",
        "stopTime": "00:00:25,680",
        "startTime": "00:00:22,529",
        "text": "I've repeatedly indicated that I care\n"
    },
    {
        "number": "11",
        "stopTime": "00:00:26,910",
        "startTime": "00:00:24,240",
        "text": "first we'll check out the comments you\n"
    },
    {
        "number": "12",
        "stopTime": "00:00:28,800",
        "startTime": "00:00:25,680",
        "text": "can tell she's lying I honestly love\n"
    },
    {
        "number": "13",
        "stopTime": "00:00:30,539",
        "startTime": "00:00:26,910",
        "text": "Eugenia but she's gotten really skinny\n"
    },
    {
        "number": "14",
        "stopTime": "00:00:31,980",
        "startTime": "00:00:28,800",
        "text": "and every time I see her I feel fat and\n"
    },
    {
        "number": "15",
        "stopTime": "00:00:35,520",
        "startTime": "00:00:30,539",
        "text": "I can't help to think that I should\n"
    },
    {
        "number": "16",
        "stopTime": "00:00:37,410",
        "startTime": "00:00:31,980",
        "text": "starve myself Wow okay so the first\n"
    },
    {
        "number": "17",
        "stopTime": "00:00:39,149",
        "startTime": "00:00:35,520",
        "text": "comment somewhat admitting that Eugenia\n"
    },
    {
        "number": "18",
        "stopTime": "00:00:41,190",
        "startTime": "00:00:37,410",
        "text": "triggers them just like I've repeatedly\n"
    },
    {
        "number": "19",
        "stopTime": "00:00:42,480",
        "startTime": "00:00:39,149",
        "text": "said Eugenia does and the reason I said\n"
    },
    {
        "number": "20",
        "stopTime": "00:00:44,640",
        "startTime": "00:00:41,190",
        "text": "that is because the countless people who\n"
    },
    {
        "number": "21",
        "stopTime": "00:00:46,050",
        "startTime": "00:00:42,480",
        "text": "have come to me saying hey Eugenia is\n"
    },
    {
        "number": "22",
        "stopTime": "00:00:47,550",
        "startTime": "00:00:44,640",
        "text": "triggering me thank you for making your\n"
    },
    {
        "number": "23",
        "stopTime": "00:00:49,230",
        "startTime": "00:00:46,050",
        "text": "videos trying to educate people on\n"
    },
    {
        "number": "24",
        "stopTime": "00:00:50,940",
        "startTime": "00:00:47,550",
        "text": "anorexia and how serious it is but I'm\n"
    },
    {
        "number": "25",
        "stopTime": "00:00:52,440",
        "startTime": "00:00:49,230",
        "text": "not be essing here that literally is the\n"
    },
    {
        "number": "26",
        "stopTime": "00:00:53,610",
        "startTime": "00:00:50,940",
        "text": "first comet that showed us princezz the\n"
    },
    {
        "number": "27",
        "stopTime": "00:00:55,079",
        "startTime": "00:00:52,440",
        "text": "rounded off shape of her teeth is a\n"
    },
    {
        "number": "28",
        "stopTime": "00:00:56,550",
        "startTime": "00:00:53,610",
        "text": "common symptom from people with bulimia\n"
    },
    {
        "number": "29",
        "stopTime": "00:00:58,050",
        "startTime": "00:00:55,079",
        "text": "I won't sit on her channel and harass\n"
    },
    {
        "number": "30",
        "stopTime": "00:00:59,309",
        "startTime": "00:00:56,550",
        "text": "her but I have no doubt in my mind she's\n"
    },
    {
        "number": "31",
        "stopTime": "00:01:00,629",
        "startTime": "00:00:58,050",
        "text": "dealing with something and here they say\n"
    },
    {
        "number": "32",
        "stopTime": "00:01:02,070",
        "startTime": "00:00:59,309",
        "text": "people need to leave her alone she's\n"
    },
    {
        "number": "33",
        "stopTime": "00:01:03,090",
        "startTime": "00:01:00,629",
        "text": "human just like the rest of us a nice\n"
    },
    {
        "number": "34",
        "stopTime": "00:01:04,500",
        "startTime": "00:01:02,070",
        "text": "Tiana has no right to say these things\n"
    },
    {
        "number": "35",
        "stopTime": "00:01:06,270",
        "startTime": "00:01:03,090",
        "text": "about Eugenia and her weight for health\n"
    },
    {
        "number": "36",
        "stopTime": "00:01:07,890",
        "startTime": "00:01:04,500",
        "text": "is her business I assume that caring\n"
    },
    {
        "number": "37",
        "stopTime": "00:01:09,030",
        "startTime": "00:01:06,270",
        "text": "about her and asking questions is fine\n"
    },
    {
        "number": "38",
        "stopTime": "00:01:10,350",
        "startTime": "00:01:07,890",
        "text": "but you just said it's none of our\n"
    },
    {
        "number": "39",
        "stopTime": "00:01:11,939",
        "startTime": "00:01:09,030",
        "text": "business don't contradict yourself\n"
    },
    {
        "number": "40",
        "stopTime": "00:01:12,869",
        "startTime": "00:01:10,350",
        "text": "anyway you go on to say but don't harass\n"
    },
    {
        "number": "41",
        "stopTime": "00:01:14,189",
        "startTime": "00:01:11,939",
        "text": "her and assume she has an eating\n"
    },
    {
        "number": "42",
        "stopTime": "00:01:15,900",
        "startTime": "00:01:12,869",
        "text": "disorder simply because she seems\n"
    },
    {
        "number": "43",
        "stopTime": "00:01:17,790",
        "startTime": "00:01:14,189",
        "text": "skinnier than most okay guys hold on\n"
    },
    {
        "number": "44",
        "stopTime": "00:01:20,490",
        "startTime": "00:01:15,900",
        "text": "it's not that she's skinnier than most\n"
    },
    {
        "number": "45",
        "stopTime": "00:01:22,020",
        "startTime": "00:01:17,790",
        "text": "it's that she's dying you understand\n"
    },
    {
        "number": "46",
        "stopTime": "00:01:23,430",
        "startTime": "00:01:20,490",
        "text": "that right here's someone saying this is\n"
    },
    {
        "number": "47",
        "stopTime": "00:01:25,830",
        "startTime": "00:01:22,020",
        "text": "naturally skinny I eat three meals a day\n"
    },
    {
        "number": "48",
        "stopTime": "00:01:27,150",
        "startTime": "00:01:23,430",
        "text": "I'm 56 and I'm so disgusted thank you an\n"
    },
    {
        "number": "49",
        "stopTime": "00:01:28,290",
        "startTime": "00:01:25,830",
        "text": "easy on for speaking the truth there's\n"
    },
    {
        "number": "50",
        "stopTime": "00:01:29,700",
        "startTime": "00:01:27,150",
        "text": "another person that says this is what\n"
    },
    {
        "number": "51",
        "stopTime": "00:01:31,439",
        "startTime": "00:01:28,290",
        "text": "naturally skinny looks like I agree with\n"
    },
    {
        "number": "52",
        "stopTime": "00:01:32,970",
        "startTime": "00:01:29,700",
        "text": "you that Eugene Shakuni is sick she\n"
    },
    {
        "number": "53",
        "stopTime": "00:01:35,549",
        "startTime": "00:01:31,439",
        "text": "needs hel person says this is message to\n"
    },
    {
        "number": "54",
        "stopTime": "00:01:37,079",
        "startTime": "00:01:32,970",
        "text": "you in Eugenia I am 14 127 pounds and I\n"
    },
    {
        "number": "55",
        "stopTime": "00:01:39,030",
        "startTime": "00:01:35,549",
        "text": "am naturally skinny show this to her\n"
    },
    {
        "number": "56",
        "stopTime": "00:01:40,439",
        "startTime": "00:01:37,079",
        "text": "okay so we know what naturally skinny is\n"
    },
    {
        "number": "57",
        "stopTime": "00:01:42,210",
        "startTime": "00:01:39,030",
        "text": "but for the sake of emphasizing my\n"
    },
    {
        "number": "58",
        "stopTime": "00:01:43,770",
        "startTime": "00:01:40,439",
        "text": "points let's go ahead and also check out\n"
    },
    {
        "number": "59",
        "stopTime": "00:01:44,700",
        "startTime": "00:01:42,210",
        "text": "google results this is the first thing\n"
    },
    {
        "number": "60",
        "stopTime": "00:01:46,470",
        "startTime": "00:01:43,770",
        "text": "is show up for naturally skinny\n"
    },
    {
        "number": "61",
        "stopTime": "00:01:47,790",
        "startTime": "00:01:44,700",
        "text": "ectomorph obviously being an example and\n"
    },
    {
        "number": "62",
        "stopTime": "00:01:49,649",
        "startTime": "00:01:46,470",
        "text": "here's another example of naturally\n"
    },
    {
        "number": "63",
        "stopTime": "00:01:51,479",
        "startTime": "00:01:47,790",
        "text": "skinny again I'm not cherry-picking so\n"
    },
    {
        "number": "64",
        "stopTime": "00:01:53,159",
        "startTime": "00:01:49,649",
        "text": "there you go let's check out Eugenia\n"
    },
    {
        "number": "65",
        "stopTime": "00:01:55,140",
        "startTime": "00:01:51,479",
        "text": "Cooney here's one example does that look\n"
    },
    {
        "number": "66",
        "stopTime": "00:01:56,850",
        "startTime": "00:01:53,159",
        "text": "natural to you another example does that\n"
    },
    {
        "number": "67",
        "stopTime": "00:01:58,649",
        "startTime": "00:01:55,140",
        "text": "look natural to you now this video was\n"
    },
    {
        "number": "68",
        "stopTime": "00:02:00,600",
        "startTime": "00:01:56,850",
        "text": "uploaded January 29th to her channel\n"
    },
    {
        "number": "69",
        "stopTime": "00:02:02,969",
        "startTime": "00:01:58,649",
        "text": "take a look at her legs okay you see her\n"
    },
    {
        "number": "70",
        "stopTime": "00:02:05,549",
        "startTime": "00:02:00,600",
        "text": "legs now look at my arm which has a\n"
    },
    {
        "number": "71",
        "stopTime": "00:02:07,979",
        "startTime": "00:02:02,969",
        "text": "greater girth my arm or Eugenia cooney's\n"
    },
    {
        "number": "72",
        "stopTime": "00:02:10,229",
        "startTime": "00:02:05,549",
        "text": "freaking leg even if you Gina Cooney's\n"
    },
    {
        "number": "73",
        "stopTime": "00:02:12,069",
        "startTime": "00:02:07,979",
        "text": "upper leg is thicker than this the fact\n"
    },
    {
        "number": "74",
        "stopTime": "00:02:13,959",
        "startTime": "00:02:10,229",
        "text": "that it's even close is insane\n"
    },
    {
        "number": "75",
        "stopTime": "00:02:15,280",
        "startTime": "00:02:12,069",
        "text": "we disturb it before I continue let me\n"
    },
    {
        "number": "76",
        "stopTime": "00:02:17,499",
        "startTime": "00:02:13,959",
        "text": "be clear about why I'm making these\n"
    },
    {
        "number": "77",
        "stopTime": "00:02:19,209",
        "startTime": "00:02:15,280",
        "text": "videos one Eugenia Cooney obviously\n"
    },
    {
        "number": "78",
        "stopTime": "00:02:20,889",
        "startTime": "00:02:17,499",
        "text": "needs help too she's irrefutably\n"
    },
    {
        "number": "79",
        "stopTime": "00:02:23,079",
        "startTime": "00:02:19,209",
        "text": "triggering people to starve themselves\n"
    },
    {
        "number": "80",
        "stopTime": "00:02:25,689",
        "startTime": "00:02:20,889",
        "text": "which could lead to death statistically\n"
    },
    {
        "number": "81",
        "stopTime": "00:02:27,340",
        "startTime": "00:02:23,079",
        "text": "and three these videos do very well so\n"
    },
    {
        "number": "82",
        "stopTime": "00:02:29,049",
        "startTime": "00:02:25,689",
        "text": "obviously there's enough people to care\n"
    },
    {
        "number": "83",
        "stopTime": "00:02:30,670",
        "startTime": "00:02:27,340",
        "text": "about this to make it worth talking\n"
    },
    {
        "number": "84",
        "stopTime": "00:02:32,650",
        "startTime": "00:02:29,049",
        "text": "about this is called full transparency\n"
    },
    {
        "number": "85",
        "stopTime": "00:02:34,629",
        "startTime": "00:02:30,670",
        "text": "you guys and the people who say her\n"
    },
    {
        "number": "86",
        "stopTime": "00:02:36,159",
        "startTime": "00:02:32,650",
        "text": "health is her business yes it is her\n"
    },
    {
        "number": "87",
        "stopTime": "00:02:37,989",
        "startTime": "00:02:34,629",
        "text": "business until she starts to kill\n"
    },
    {
        "number": "88",
        "stopTime": "00:02:39,489",
        "startTime": "00:02:36,159",
        "text": "herself and she publicly displays that\n"
    },
    {
        "number": "89",
        "stopTime": "00:02:41,439",
        "startTime": "00:02:37,989",
        "text": "she's killing herself and it's every\n"
    },
    {
        "number": "90",
        "stopTime": "00:02:43,419",
        "startTime": "00:02:39,489",
        "text": "caring person's duty to take care of her\n"
    },
    {
        "number": "91",
        "stopTime": "00:02:45,459",
        "startTime": "00:02:41,439",
        "text": "ie encouraging a large audience to go to\n"
    },
    {
        "number": "92",
        "stopTime": "00:02:47,889",
        "startTime": "00:02:43,419",
        "text": "her and send her messages that encourage\n"
    },
    {
        "number": "93",
        "stopTime": "00:02:50,139",
        "startTime": "00:02:45,459",
        "text": "her to eat again so she can save her own\n"
    },
    {
        "number": "94",
        "stopTime": "00:02:51,760",
        "startTime": "00:02:47,889",
        "text": "life ignoring the issue will not solve\n"
    },
    {
        "number": "95",
        "stopTime": "00:02:53,109",
        "startTime": "00:02:50,139",
        "text": "the issue I think most any logical\n"
    },
    {
        "number": "96",
        "stopTime": "00:02:55,150",
        "startTime": "00:02:51,760",
        "text": "person who understands the definition of\n"
    },
    {
        "number": "97",
        "stopTime": "00:02:56,829",
        "startTime": "00:02:53,109",
        "text": "stagnation was that stagnation or what\n"
    },
    {
        "number": "98",
        "stopTime": "00:02:58,840",
        "startTime": "00:02:55,150",
        "text": "you're encouraging is the enemy of\n"
    },
    {
        "number": "99",
        "stopTime": "00:03:00,489",
        "startTime": "00:02:56,829",
        "text": "progress but let's see what biceps four\n"
    },
    {
        "number": "100",
        "stopTime": "00:03:02,349",
        "startTime": "00:02:58,840",
        "text": "legs had to say in response since then\n"
    },
    {
        "number": "101",
        "stopTime": "00:03:04,540",
        "startTime": "00:03:00,489",
        "text": "he really hasn't liked me too much like\n"
    },
    {
        "number": "102",
        "stopTime": "00:03:06,280",
        "startTime": "00:03:02,349",
        "text": "you keeps accusing me of all this stuff\n"
    },
    {
        "number": "103",
        "stopTime": "00:03:07,870",
        "startTime": "00:03:04,540",
        "text": "and I'm influencing people on all this\n"
    },
    {
        "number": "104",
        "stopTime": "00:03:09,909",
        "startTime": "00:03:06,280",
        "text": "stuff and so many videos i've used\n"
    },
    {
        "number": "105",
        "stopTime": "00:03:11,199",
        "startTime": "00:03:07,870",
        "text": "factual literal examples of people\n"
    },
    {
        "number": "106",
        "stopTime": "00:03:12,879",
        "startTime": "00:03:09,909",
        "text": "saying they're starving themselves\n"
    },
    {
        "number": "107",
        "stopTime": "00:03:14,889",
        "startTime": "00:03:11,199",
        "text": "because of you you Gina you need to\n"
    },
    {
        "number": "108",
        "stopTime": "00:03:16,659",
        "startTime": "00:03:12,879",
        "text": "address this fat you need to stop making\n"
    },
    {
        "number": "109",
        "stopTime": "00:03:18,729",
        "startTime": "00:03:14,889",
        "text": "your outfit videos where you do your\n"
    },
    {
        "number": "110",
        "stopTime": "00:03:20,319",
        "startTime": "00:03:16,659",
        "text": "little spin showing off your inner xik\n"
    },
    {
        "number": "111",
        "stopTime": "00:03:22,090",
        "startTime": "00:03:18,729",
        "text": "body because that is what you literally\n"
    },
    {
        "number": "112",
        "stopTime": "00:03:24,220",
        "startTime": "00:03:20,319",
        "text": "have there's no way you're that\n"
    },
    {
        "number": "113",
        "stopTime": "00:03:26,290",
        "startTime": "00:03:22,090",
        "text": "naturally skinny and most any doctor\n"
    },
    {
        "number": "114",
        "stopTime": "00:03:28,060",
        "startTime": "00:03:24,220",
        "text": "would agree and I say most any doctor\n"
    },
    {
        "number": "115",
        "stopTime": "00:03:29,889",
        "startTime": "00:03:26,290",
        "text": "would agree because you actually having\n"
    },
    {
        "number": "116",
        "stopTime": "00:03:32,079",
        "startTime": "00:03:28,060",
        "text": "a condition that makes your body that\n"
    },
    {
        "number": "117",
        "stopTime": "00:03:34,209",
        "startTime": "00:03:29,889",
        "text": "way is statistically highly improbable\n"
    },
    {
        "number": "118",
        "stopTime": "00:03:36,129",
        "startTime": "00:03:32,079",
        "text": "now a young American white girl who\n"
    },
    {
        "number": "119",
        "stopTime": "00:03:38,199",
        "startTime": "00:03:34,209",
        "text": "starves herself that is statistically\n"
    },
    {
        "number": "120",
        "stopTime": "00:03:40,599",
        "startTime": "00:03:36,129",
        "text": "far more likely I'm simply using readily\n"
    },
    {
        "number": "121",
        "stopTime": "00:03:42,370",
        "startTime": "00:03:38,199",
        "text": "available data calculate whether or not\n"
    },
    {
        "number": "122",
        "stopTime": "00:03:44,169",
        "startTime": "00:03:40,599",
        "text": "you're honest and the conclusion based\n"
    },
    {
        "number": "123",
        "stopTime": "00:03:45,699",
        "startTime": "00:03:42,370",
        "text": "on your behavior and that data it's not\n"
    },
    {
        "number": "124",
        "stopTime": "00:03:47,229",
        "startTime": "00:03:44,169",
        "text": "looking good for you Eugenia like I\n"
    },
    {
        "number": "125",
        "stopTime": "00:03:48,879",
        "startTime": "00:03:45,699",
        "text": "don't even know why he was looking at my\n"
    },
    {
        "number": "126",
        "stopTime": "00:03:50,650",
        "startTime": "00:03:47,229",
        "text": "Twitter to be honest I know he said in\n"
    },
    {
        "number": "127",
        "stopTime": "00:03:52,479",
        "startTime": "00:03:48,879",
        "text": "his videos because he was like checking\n"
    },
    {
        "number": "128",
        "stopTime": "00:03:54,009",
        "startTime": "00:03:50,650",
        "text": "in with me I looked at your Twitter\n"
    },
    {
        "number": "129",
        "stopTime": "00:03:55,449",
        "startTime": "00:03:52,479",
        "text": "because you hadn't uploaded a video in\n"
    },
    {
        "number": "130",
        "stopTime": "00:03:56,739",
        "startTime": "00:03:54,009",
        "text": "five days and I was worried that you\n"
    },
    {
        "number": "131",
        "stopTime": "00:03:59,379",
        "startTime": "00:03:55,449",
        "text": "might be in the hospital or something\n"
    },
    {
        "number": "132",
        "stopTime": "00:04:01,329",
        "startTime": "00:03:56,739",
        "text": "I'm not making videos like promoting my\n"
    },
    {
        "number": "133",
        "stopTime": "00:04:02,739",
        "startTime": "00:03:59,379",
        "text": "body you're not making videos promoting\n"
    },
    {
        "number": "134",
        "stopTime": "00:04:03,939",
        "startTime": "00:04:01,329",
        "text": "your body all right let's check out a\n"
    },
    {
        "number": "135",
        "stopTime": "00:04:05,739",
        "startTime": "00:04:02,739",
        "text": "video you've made recently this is\n"
    },
    {
        "number": "136",
        "stopTime": "00:04:08,590",
        "startTime": "00:04:03,939",
        "text": "called winter outfits video published\n"
    },
    {
        "number": "137",
        "stopTime": "00:04:10,030",
        "startTime": "00:04:05,739",
        "text": "January 29 2017 ginia literally just\n"
    },
    {
        "number": "138",
        "stopTime": "00:04:11,590",
        "startTime": "00:04:08,590",
        "text": "says that she doesn't make videos\n"
    },
    {
        "number": "139",
        "stopTime": "00:04:14,229",
        "startTime": "00:04:10,030",
        "text": "promoting her body and as you're about\n"
    },
    {
        "number": "140",
        "stopTime": "00:04:18,549",
        "startTime": "00:04:11,590",
        "text": "to see that is a blatant lie I don't\n"
    },
    {
        "number": "141",
        "stopTime": "00:04:20,090",
        "startTime": "00:04:14,229",
        "text": "know so here's a nice oh my god oh how\n"
    },
    {
        "number": "142",
        "stopTime": "00:04:22,370",
        "startTime": "00:04:18,549",
        "text": "do your legs not snap\n"
    },
    {
        "number": "143",
        "stopTime": "00:04:24,710",
        "startTime": "00:04:20,090",
        "text": "no I think Marcus people do that while\n"
    },
    {
        "number": "144",
        "stopTime": "00:04:28,790",
        "startTime": "00:04:22,370",
        "text": "sitting with the ceiling yes sitting\n"
    },
    {
        "number": "145",
        "stopTime": "00:04:30,500",
        "startTime": "00:04:24,710",
        "text": "video game so the majority of the skin\n"
    },
    {
        "number": "146",
        "stopTime": "00:04:32,210",
        "startTime": "00:04:28,790",
        "text": "above your waist is showing nearly\n"
    },
    {
        "number": "147",
        "stopTime": "00:04:33,860",
        "startTime": "00:04:30,500",
        "text": "advertising your flesh and you can\n"
    },
    {
        "number": "148",
        "stopTime": "00:04:36,080",
        "startTime": "00:04:32,210",
        "text": "clearly see your legs below your waist\n"
    },
    {
        "number": "149",
        "stopTime": "00:04:38,060",
        "startTime": "00:04:33,860",
        "text": "which is again obviously showing off how\n"
    },
    {
        "number": "150",
        "stopTime": "00:04:39,710",
        "startTime": "00:04:36,080",
        "text": "skinny you are hence why so many girls\n"
    },
    {
        "number": "151",
        "stopTime": "00:04:41,449",
        "startTime": "00:04:38,060",
        "text": "come to me saying that you trigger them\n"
    },
    {
        "number": "152",
        "stopTime": "00:04:43,190",
        "startTime": "00:04:39,710",
        "text": "what do you trigger them to do starve\n"
    },
    {
        "number": "153",
        "stopTime": "00:04:45,320",
        "startTime": "00:04:41,449",
        "text": "themselves and in one out of every five\n"
    },
    {
        "number": "154",
        "stopTime": "00:04:46,580",
        "startTime": "00:04:43,190",
        "text": "cases of anorexia kill themselves\n"
    },
    {
        "number": "155",
        "stopTime": "00:04:48,620",
        "startTime": "00:04:45,320",
        "text": "alright so here's hoping that was the\n"
    },
    {
        "number": "156",
        "stopTime": "00:04:51,470",
        "startTime": "00:04:46,580",
        "text": "only lie in your broadcast be making\n"
    },
    {
        "number": "157",
        "stopTime": "00:04:53,360",
        "startTime": "00:04:48,620",
        "text": "something like an outfit video is not me\n"
    },
    {
        "number": "158",
        "stopTime": "00:04:56,330",
        "startTime": "00:04:51,470",
        "text": "promoting my body it's just me showing\n"
    },
    {
        "number": "159",
        "stopTime": "00:04:58,490",
        "startTime": "00:04:53,360",
        "text": "outfit let's say you make a video of you\n"
    },
    {
        "number": "160",
        "stopTime": "00:05:00,320",
        "startTime": "00:04:56,330",
        "text": "baking a cake and putting that cake on\n"
    },
    {
        "number": "161",
        "stopTime": "00:05:02,030",
        "startTime": "00:04:58,490",
        "text": "display in a video for you to say I'm\n"
    },
    {
        "number": "162",
        "stopTime": "00:05:04,100",
        "startTime": "00:05:00,320",
        "text": "not showing off the cake I'm just\n"
    },
    {
        "number": "163",
        "stopTime": "00:05:06,020",
        "startTime": "00:05:02,030",
        "text": "showing off the frosting is extremely\n"
    },
    {
        "number": "164",
        "stopTime": "00:05:08,720",
        "startTime": "00:05:04,100",
        "text": "illogical and you are taking your entire\n"
    },
    {
        "number": "165",
        "stopTime": "00:05:10,729",
        "startTime": "00:05:06,020",
        "text": "human body putting it in a skimpy outfit\n"
    },
    {
        "number": "166",
        "stopTime": "00:05:12,620",
        "startTime": "00:05:08,720",
        "text": "and spinning it on camera that is you\n"
    },
    {
        "number": "167",
        "stopTime": "00:05:13,970",
        "startTime": "00:05:10,729",
        "text": "not only showing off your outfit but\n"
    },
    {
        "number": "168",
        "stopTime": "00:05:16,100",
        "startTime": "00:05:12,620",
        "text": "that is you showing off your body\n"
    },
    {
        "number": "169",
        "stopTime": "00:05:17,240",
        "startTime": "00:05:13,970",
        "text": "otherwise you could simply hold them up\n"
    },
    {
        "number": "170",
        "stopTime": "00:05:19,310",
        "startTime": "00:05:16,100",
        "text": "in front of the camera like you've done\n"
    },
    {
        "number": "171",
        "stopTime": "00:05:21,050",
        "startTime": "00:05:17,240",
        "text": "before and say this is my new outfit but\n"
    },
    {
        "number": "172",
        "stopTime": "00:05:22,550",
        "startTime": "00:05:19,310",
        "text": "I'm not gonna show off my anorexic body\n"
    },
    {
        "number": "173",
        "stopTime": "00:05:24,139",
        "startTime": "00:05:21,050",
        "text": "because that would trigger a lot of\n"
    },
    {
        "number": "174",
        "stopTime": "00:05:26,240",
        "startTime": "00:05:22,550",
        "text": "girls watching my videos he says he's\n"
    },
    {
        "number": "175",
        "stopTime": "00:05:28,220",
        "startTime": "00:05:24,139",
        "text": "not gonna make these videos anymore that\n"
    },
    {
        "number": "176",
        "stopTime": "00:05:30,050",
        "startTime": "00:05:26,240",
        "text": "is cool I would give him a chance like\n"
    },
    {
        "number": "177",
        "stopTime": "00:05:31,400",
        "startTime": "00:05:28,220",
        "text": "great what I literally said was that i'm\n"
    },
    {
        "number": "178",
        "stopTime": "00:05:33,889",
        "startTime": "00:05:30,050",
        "text": "resigning from making those videos\n"
    },
    {
        "number": "179",
        "stopTime": "00:05:35,450",
        "startTime": "00:05:31,400",
        "text": "literally resigning but i am officially\n"
    },
    {
        "number": "180",
        "stopTime": "00:05:37,370",
        "startTime": "00:05:33,889",
        "text": "resigning from the topic and when i\n"
    },
    {
        "number": "181",
        "stopTime": "00:05:38,810",
        "startTime": "00:05:35,450",
        "text": "checked up on you months later to see\n"
    },
    {
        "number": "182",
        "stopTime": "00:05:40,940",
        "startTime": "00:05:37,370",
        "text": "that you're still starving yourself I\n"
    },
    {
        "number": "183",
        "stopTime": "00:05:42,860",
        "startTime": "00:05:38,810",
        "text": "felt a little compelled to again discuss\n"
    },
    {
        "number": "184",
        "stopTime": "00:05:45,020",
        "startTime": "00:05:40,940",
        "text": "the issue that literally millions of\n"
    },
    {
        "number": "185",
        "stopTime": "00:05:47,450",
        "startTime": "00:05:42,860",
        "text": "people care about eugenia those millions\n"
    },
    {
        "number": "186",
        "stopTime": "00:05:49,340",
        "startTime": "00:05:45,020",
        "text": "of people care about you believe it or\n"
    },
    {
        "number": "187",
        "stopTime": "00:05:51,080",
        "startTime": "00:05:47,450",
        "text": "not those millions of people no doubt\n"
    },
    {
        "number": "188",
        "stopTime": "00:05:52,610",
        "startTime": "00:05:49,340",
        "text": "want you to get better I don't know how\n"
    },
    {
        "number": "189",
        "stopTime": "00:05:54,289",
        "startTime": "00:05:51,080",
        "text": "many times people have to say you are\n"
    },
    {
        "number": "190",
        "stopTime": "00:05:55,700",
        "startTime": "00:05:52,610",
        "text": "triggering young girls to starve\n"
    },
    {
        "number": "191",
        "stopTime": "00:05:57,050",
        "startTime": "00:05:54,289",
        "text": "themselves and that you need to take\n"
    },
    {
        "number": "192",
        "stopTime": "00:05:58,789",
        "startTime": "00:05:55,700",
        "text": "better care of yourself before you\n"
    },
    {
        "number": "193",
        "stopTime": "00:06:00,560",
        "startTime": "00:05:57,050",
        "text": "actually register and you're starved\n"
    },
    {
        "number": "194",
        "stopTime": "00:06:02,150",
        "startTime": "00:05:58,789",
        "text": "brain that you should maybe actually\n"
    },
    {
        "number": "195",
        "stopTime": "00:06:03,830",
        "startTime": "00:06:00,560",
        "text": "listens to these hundreds of thousands\n"
    },
    {
        "number": "196",
        "stopTime": "00:06:05,389",
        "startTime": "00:06:02,150",
        "text": "of people who are screaming for you to\n"
    },
    {
        "number": "197",
        "stopTime": "00:06:07,010",
        "startTime": "00:06:03,830",
        "text": "get better if someone tries to give you\n"
    },
    {
        "number": "198",
        "stopTime": "00:06:09,020",
        "startTime": "00:06:05,389",
        "text": "a helping hand don't slap their hand\n"
    },
    {
        "number": "199",
        "stopTime": "00:06:10,610",
        "startTime": "00:06:07,010",
        "text": "away ask yourself why they're giving you\n"
    },
    {
        "number": "200",
        "stopTime": "00:06:12,620",
        "startTime": "00:06:09,020",
        "text": "this helping hand in literally the\n"
    },
    {
        "number": "201",
        "stopTime": "00:06:15,260",
        "startTime": "00:06:10,610",
        "text": "hundreds of thousands so let him get you\n"
    },
    {
        "number": "202",
        "stopTime": "00:06:17,120",
        "startTime": "00:06:12,620",
        "text": "down oh thank you Clem fairy yes thank\n"
    },
    {
        "number": "203",
        "stopTime": "00:06:18,590",
        "startTime": "00:06:15,260",
        "text": "you an abler don't let this guy telling\n"
    },
    {
        "number": "204",
        "stopTime": "00:06:21,620",
        "startTime": "00:06:17,120",
        "text": "you to take better care of your body get\n"
    },
    {
        "number": "205",
        "stopTime": "00:06:23,930",
        "startTime": "00:06:18,590",
        "text": "you down internet logic um and I mean\n"
    },
    {
        "number": "206",
        "stopTime": "00:06:26,210",
        "startTime": "00:06:21,620",
        "text": "it's fine I mean he can make videos\n"
    },
    {
        "number": "207",
        "stopTime": "00:06:27,800",
        "startTime": "00:06:23,930",
        "text": "about whatever he wants i guess but it\n"
    },
    {
        "number": "208",
        "stopTime": "00:06:29,599",
        "startTime": "00:06:26,210",
        "text": "just kind of sucks because then he\n"
    },
    {
        "number": "209",
        "stopTime": "00:06:31,490",
        "startTime": "00:06:27,800",
        "text": "starts like accusing me of all this\n"
    },
    {
        "number": "210",
        "stopTime": "00:06:33,320",
        "startTime": "00:06:29,599",
        "text": "stuff it is a charger claim that someone\n"
    },
    {
        "number": "211",
        "stopTime": "00:06:35,030",
        "startTime": "00:06:31,490",
        "text": "has done something illegal or wrong\n"
    },
    {
        "number": "212",
        "stopTime": "00:06:37,550",
        "startTime": "00:06:33,320",
        "text": "not just an accusation eugenia let me\n"
    },
    {
        "number": "213",
        "stopTime": "00:06:41,270",
        "startTime": "00:06:35,030",
        "text": "give you some examples this one this one\n"
    },
    {
        "number": "214",
        "stopTime": "00:06:44,110",
        "startTime": "00:06:37,550",
        "text": "this one this one this one this one this\n"
    },
    {
        "number": "215",
        "stopTime": "00:06:52,990",
        "startTime": "00:06:41,270",
        "text": "one this one this one\n"
    },
    {
        "number": "216",
        "stopTime": "00:06:56,040",
        "startTime": "00:06:44,110",
        "text": "[Music]\n"
    },
    {
        "number": "217",
        "stopTime": "00:06:56,040",
        "startTime": "00:06:52,990",
        "text": "[Applause]\n"
    },
    {
        "number": "218",
        "stopTime": "00:07:44,610",
        "startTime": "00:06:58,610",
        "text": "[Music]\n"
    },
    {
        "number": "219",
        "stopTime": "00:07:46,350",
        "startTime": "00:07:41,810",
        "text": "am i clear enough do you understand that\n"
    },
    {
        "number": "220",
        "stopTime": "00:07:47,940",
        "startTime": "00:07:44,610",
        "text": "you are literally triggering people to\n"
    },
    {
        "number": "221",
        "stopTime": "00:07:49,800",
        "startTime": "00:07:46,350",
        "text": "kill themselves do you understand that\n"
    },
    {
        "number": "222",
        "stopTime": "00:07:51,390",
        "startTime": "00:07:47,940",
        "text": "take some responsibility for your own\n"
    },
    {
        "number": "223",
        "stopTime": "00:07:52,740",
        "startTime": "00:07:49,800",
        "text": "actions but ya know it just kind of\n"
    },
    {
        "number": "224",
        "stopTime": "00:07:54,660",
        "startTime": "00:07:51,390",
        "text": "sucks cuz then like he starts like\n"
    },
    {
        "number": "225",
        "stopTime": "00:07:56,850",
        "startTime": "00:07:52,740",
        "text": "accusing me of like all this stuff and\n"
    },
    {
        "number": "226",
        "stopTime": "00:07:58,980",
        "startTime": "00:07:54,660",
        "text": "then it also like turns all these other\n"
    },
    {
        "number": "227",
        "stopTime": "00:08:01,110",
        "startTime": "00:07:56,850",
        "text": "people against me guess what people were\n"
    },
    {
        "number": "228",
        "stopTime": "00:08:02,400",
        "startTime": "00:07:58,980",
        "text": "against you way before I ever talked\n"
    },
    {
        "number": "229",
        "stopTime": "00:08:04,680",
        "startTime": "00:08:01,110",
        "text": "about you Eugenia you have been\n"
    },
    {
        "number": "230",
        "stopTime": "00:08:06,600",
        "startTime": "00:08:02,400",
        "text": "promoting you're starved body for years\n"
    },
    {
        "number": "231",
        "stopTime": "00:08:08,280",
        "startTime": "00:08:04,680",
        "text": "and you have been getting dislikes for\n"
    },
    {
        "number": "232",
        "stopTime": "00:08:09,900",
        "startTime": "00:08:06,600",
        "text": "years let me show you what I mean the\n"
    },
    {
        "number": "233",
        "stopTime": "00:08:11,310",
        "startTime": "00:08:08,280",
        "text": "ice bucket challenge video a video you\n"
    },
    {
        "number": "234",
        "stopTime": "00:08:12,930",
        "startTime": "00:08:09,900",
        "text": "made way before I ever made a video\n"
    },
    {
        "number": "235",
        "stopTime": "00:08:14,730",
        "startTime": "00:08:11,310",
        "text": "talking about sickly you are which by\n"
    },
    {
        "number": "236",
        "stopTime": "00:08:16,620",
        "startTime": "00:08:12,930",
        "text": "the way guys look at her legs you see\n"
    },
    {
        "number": "237",
        "stopTime": "00:08:18,030",
        "startTime": "00:08:14,730",
        "text": "how much more healthy her legs look back\n"
    },
    {
        "number": "238",
        "stopTime": "00:08:20,610",
        "startTime": "00:08:16,620",
        "text": "then even though they still look sickly\n"
    },
    {
        "number": "239",
        "stopTime": "00:08:22,170",
        "startTime": "00:08:18,030",
        "text": "do you not see how much better they look\n"
    },
    {
        "number": "240",
        "stopTime": "00:08:23,130",
        "startTime": "00:08:20,610",
        "text": "this is literal proof that Eugene had\n"
    },
    {
        "number": "241",
        "stopTime": "00:08:25,380",
        "startTime": "00:08:22,170",
        "text": "literally been starving herself\n"
    },
    {
        "number": "242",
        "stopTime": "00:08:27,060",
        "startTime": "00:08:23,130",
        "text": "regardless even at that waits people\n"
    },
    {
        "number": "243",
        "stopTime": "00:08:28,830",
        "startTime": "00:08:25,380",
        "text": "were disliking her videos in hordes and\n"
    },
    {
        "number": "244",
        "stopTime": "00:08:30,270",
        "startTime": "00:08:27,060",
        "text": "a comment from a year ago points out\n"
    },
    {
        "number": "245",
        "stopTime": "00:08:32,250",
        "startTime": "00:08:28,830",
        "text": "that the video is related to your video\n"
    },
    {
        "number": "246",
        "stopTime": "00:08:33,450",
        "startTime": "00:08:30,270",
        "text": "show up as dealing with anorexia when\n"
    },
    {
        "number": "247",
        "stopTime": "00:08:35,520",
        "startTime": "00:08:32,250",
        "text": "your video has nothing to do with\n"
    },
    {
        "number": "248",
        "stopTime": "00:08:36,990",
        "startTime": "00:08:33,450",
        "text": "anorexia that's a freakin sign from\n"
    },
    {
        "number": "249",
        "stopTime": "00:08:38,280",
        "startTime": "00:08:35,520",
        "text": "YouTube itself Eugenia there's another\n"
    },
    {
        "number": "250",
        "stopTime": "00:08:40,770",
        "startTime": "00:08:36,990",
        "text": "person from a year ago implying that she\n"
    },
    {
        "number": "251",
        "stopTime": "00:08:42,150",
        "startTime": "00:08:38,280",
        "text": "needs a KFC bucket challenge aka that\n"
    },
    {
        "number": "252",
        "stopTime": "00:08:43,230",
        "startTime": "00:08:40,770",
        "text": "she should eat more someone from a year\n"
    },
    {
        "number": "253",
        "stopTime": "00:08:46,320",
        "startTime": "00:08:42,150",
        "text": "ago saying you could drive a truck\n"
    },
    {
        "number": "254",
        "stopTime": "00:08:48,540",
        "startTime": "00:08:43,230",
        "text": "through her thigh gap 622 likes against\n"
    },
    {
        "number": "255",
        "stopTime": "00:08:50,460",
        "startTime": "00:08:46,320",
        "text": "was not inspired by any video I made you\n"
    },
    {
        "number": "256",
        "stopTime": "00:08:52,800",
        "startTime": "00:08:48,540",
        "text": "clearly got this on your own Eugenia so\n"
    },
    {
        "number": "257",
        "stopTime": "00:08:54,870",
        "startTime": "00:08:50,460",
        "text": "don't blame any criticism you get on me\n"
    },
    {
        "number": "258",
        "stopTime": "00:08:56,730",
        "startTime": "00:08:52,800",
        "text": "because blaming me won't make you gain\n"
    },
    {
        "number": "259",
        "stopTime": "00:08:58,950",
        "startTime": "00:08:54,870",
        "text": "weight blaming me won't make you more\n"
    },
    {
        "number": "260",
        "stopTime": "00:09:00,660",
        "startTime": "00:08:56,730",
        "text": "healthy blaming me is the easy way out\n"
    },
    {
        "number": "261",
        "stopTime": "00:09:02,550",
        "startTime": "00:08:58,950",
        "text": "to avoid having to take responsibility\n"
    },
    {
        "number": "262",
        "stopTime": "00:09:04,200",
        "startTime": "00:09:00,660",
        "text": "for what you're doing to yourself but\n"
    },
    {
        "number": "263",
        "stopTime": "00:09:05,850",
        "startTime": "00:09:02,550",
        "text": "again Eugenia this is your body two\n"
    },
    {
        "number": "264",
        "stopTime": "00:09:08,910",
        "startTime": "00:09:04,200",
        "text": "years ago and this is your body from a\n"
    },
    {
        "number": "265",
        "stopTime": "00:09:10,620",
        "startTime": "00:09:05,850",
        "text": "video uploaded februari 12 2017 now if\n"
    },
    {
        "number": "266",
        "stopTime": "00:09:12,390",
        "startTime": "00:09:08,910",
        "text": "you look at these side by side and you\n"
    },
    {
        "number": "267",
        "stopTime": "00:09:14,670",
        "startTime": "00:09:10,620",
        "text": "tell me she's not starving herself I'm\n"
    },
    {
        "number": "268",
        "stopTime": "00:09:16,470",
        "startTime": "00:09:12,390",
        "text": "gonna ask you what does she have AIDS\n"
    },
    {
        "number": "269",
        "stopTime": "00:09:18,660",
        "startTime": "00:09:14,670",
        "text": "because she must have contracted some\n"
    },
    {
        "number": "270",
        "stopTime": "00:09:20,970",
        "startTime": "00:09:16,470",
        "text": "serious disease to lose that much body\n"
    },
    {
        "number": "271",
        "stopTime": "00:09:22,830",
        "startTime": "00:09:18,660",
        "text": "mass and have it not be her fault it\n"
    },
    {
        "number": "272",
        "stopTime": "00:09:24,690",
        "startTime": "00:09:20,970",
        "text": "must be a disease when you see what has\n"
    },
    {
        "number": "273",
        "stopTime": "00:09:26,820",
        "startTime": "00:09:22,830",
        "text": "this like done this kind of stuff with\n"
    },
    {
        "number": "274",
        "stopTime": "00:09:28,380",
        "startTime": "00:09:24,690",
        "text": "like a lot of people really I've made\n"
    },
    {
        "number": "275",
        "stopTime": "00:09:30,510",
        "startTime": "00:09:26,820",
        "text": "videos about youtubers starving\n"
    },
    {
        "number": "276",
        "stopTime": "00:09:32,460",
        "startTime": "00:09:28,380",
        "text": "themselves actually no I can't think of\n"
    },
    {
        "number": "277",
        "stopTime": "00:09:34,020",
        "startTime": "00:09:30,510",
        "text": "a single video using a youtubers name in\n"
    },
    {
        "number": "278",
        "stopTime": "00:09:35,700",
        "startTime": "00:09:32,460",
        "text": "the title saying they starve themselves\n"
    },
    {
        "number": "279",
        "stopTime": "00:09:37,980",
        "startTime": "00:09:34,020",
        "text": "because out of a thousands of videos\n"
    },
    {
        "number": "280",
        "stopTime": "00:09:39,180",
        "startTime": "00:09:35,700",
        "text": "I've made I do not recall a single one\n"
    },
    {
        "number": "281",
        "stopTime": "00:09:41,340",
        "startTime": "00:09:37,980",
        "text": "that's like that so it looks like that's\n"
    },
    {
        "number": "282",
        "stopTime": "00:09:43,200",
        "startTime": "00:09:39,180",
        "text": "blatant lie number two from Eugenia I\n"
    },
    {
        "number": "283",
        "stopTime": "00:09:44,910",
        "startTime": "00:09:41,340",
        "text": "really don't think he's just doing it\n"
    },
    {
        "number": "284",
        "stopTime": "00:09:46,170",
        "startTime": "00:09:43,200",
        "text": "because he's like worried you're right\n"
    },
    {
        "number": "285",
        "stopTime": "00:09:47,340",
        "startTime": "00:09:44,910",
        "text": "I'm not doing it just because I'm\n"
    },
    {
        "number": "286",
        "stopTime": "00:09:49,200",
        "startTime": "00:09:46,170",
        "text": "worried I've stated this multiple times\n"
    },
    {
        "number": "287",
        "stopTime": "00:09:50,910",
        "startTime": "00:09:47,340",
        "text": "in the past 1i am worried about you I\n"
    },
    {
        "number": "288",
        "stopTime": "00:09:52,560",
        "startTime": "00:09:49,200",
        "text": "don't want you to die prematurely too\n"
    },
    {
        "number": "289",
        "stopTime": "00:09:55,430",
        "startTime": "00:09:50,910",
        "text": "I'm worried about your audience the\n"
    },
    {
        "number": "290",
        "stopTime": "00:09:55,430",
        "startTime": "00:09:52,560",
        "text": "people you're triggering\n"
    },
    {
        "number": "291",
        "stopTime": "00:10:06,770",
        "startTime": "00:09:55,890",
        "text": "[Music]\n"
    },
    {
        "number": "292",
        "stopTime": "00:10:08,060",
        "startTime": "00:10:04,360",
        "text": "based on the evidence I've displayed in\n"
    },
    {
        "number": "293",
        "stopTime": "00:10:10,010",
        "startTime": "00:10:06,770",
        "text": "this video and many other videos and\n"
    },
    {
        "number": "294",
        "stopTime": "00:10:11,840",
        "startTime": "00:10:08,060",
        "text": "three a lot of people care about this\n"
    },
    {
        "number": "295",
        "stopTime": "00:10:13,550",
        "startTime": "00:10:10,010",
        "text": "issue and myself trying to reach a wider\n"
    },
    {
        "number": "296",
        "stopTime": "00:10:14,990",
        "startTime": "00:10:11,840",
        "text": "audience it only makes sense for me to\n"
    },
    {
        "number": "297",
        "stopTime": "00:10:16,760",
        "startTime": "00:10:13,550",
        "text": "make videos like this so there you go\n"
    },
    {
        "number": "298",
        "stopTime": "00:10:18,110",
        "startTime": "00:10:14,990",
        "text": "Eugenia that's called the full truth and\n"
    },
    {
        "number": "299",
        "stopTime": "00:10:19,700",
        "startTime": "00:10:16,760",
        "text": "nothing but the truth you should try it\n"
    },
    {
        "number": "300",
        "stopTime": "00:10:22,790",
        "startTime": "00:10:18,110",
        "text": "sometime I mean I think he does it\n"
    },
    {
        "number": "301",
        "stopTime": "00:10:24,860",
        "startTime": "00:10:19,700",
        "text": "because he likes to try to get like\n"
    },
    {
        "number": "302",
        "stopTime": "00:10:26,810",
        "startTime": "00:10:22,790",
        "text": "views and attention on himself literally\n"
    },
    {
        "number": "303",
        "stopTime": "00:10:28,730",
        "startTime": "00:10:24,860",
        "text": "every youtuber likes to get views in\n"
    },
    {
        "number": "304",
        "stopTime": "00:10:30,530",
        "startTime": "00:10:26,810",
        "text": "attention eugenia guess what that\n"
    },
    {
        "number": "305",
        "stopTime": "00:10:32,120",
        "startTime": "00:10:28,730",
        "text": "applies to you too cuz we both know that\n"
    },
    {
        "number": "306",
        "stopTime": "00:10:33,380",
        "startTime": "00:10:30,530",
        "text": "if you got on you now and nobody watched\n"
    },
    {
        "number": "307",
        "stopTime": "00:10:35,060",
        "startTime": "00:10:32,120",
        "text": "you probably would not participate in\n"
    },
    {
        "number": "308",
        "stopTime": "00:10:36,770",
        "startTime": "00:10:33,380",
        "text": "you now ever again because you didn't\n"
    },
    {
        "number": "309",
        "stopTime": "00:10:38,870",
        "startTime": "00:10:35,060",
        "text": "get the attention you wanted translation\n"
    },
    {
        "number": "310",
        "stopTime": "00:10:40,250",
        "startTime": "00:10:36,770",
        "text": "you like attention just like every other\n"
    },
    {
        "number": "311",
        "stopTime": "00:10:42,050",
        "startTime": "00:10:38,870",
        "text": "youtuber to present that so\n"
    },
    {
        "number": "312",
        "stopTime": "00:10:44,120",
        "startTime": "00:10:40,250",
        "text": "hypocritically as if it doesn't apply to\n"
    },
    {
        "number": "313",
        "stopTime": "00:10:46,820",
        "startTime": "00:10:42,050",
        "text": "you as well it's just more dishonesty I\n"
    },
    {
        "number": "314",
        "stopTime": "00:10:48,890",
        "startTime": "00:10:44,120",
        "text": "kind of feel like he already has a lot\n"
    },
    {
        "number": "315",
        "stopTime": "00:10:50,990",
        "startTime": "00:10:46,820",
        "text": "of like mistakes that he's made and a\n"
    },
    {
        "number": "316",
        "stopTime": "00:10:52,940",
        "startTime": "00:10:48,890",
        "text": "lot of like not-so-great things that\n"
    },
    {
        "number": "317",
        "stopTime": "00:10:54,230",
        "startTime": "00:10:50,990",
        "text": "he's done so that's your tactic try to\n"
    },
    {
        "number": "318",
        "stopTime": "00:10:55,700",
        "startTime": "00:10:52,940",
        "text": "distract people from the fact that\n"
    },
    {
        "number": "319",
        "stopTime": "00:10:56,990",
        "startTime": "00:10:54,230",
        "text": "you're actively starving herself by\n"
    },
    {
        "number": "320",
        "stopTime": "00:10:58,850",
        "startTime": "00:10:55,700",
        "text": "pointing out that I've made mistakes in\n"
    },
    {
        "number": "321",
        "stopTime": "00:11:00,560",
        "startTime": "00:10:56,990",
        "text": "the past but I'm not continuing to make\n"
    },
    {
        "number": "322",
        "stopTime": "00:11:02,780",
        "startTime": "00:10:58,850",
        "text": "so if anyone who's not a hundred percent\n"
    },
    {
        "number": "323",
        "stopTime": "00:11:04,310",
        "startTime": "00:11:00,560",
        "text": "perfect criticizes you they must be\n"
    },
    {
        "number": "324",
        "stopTime": "00:11:05,900",
        "startTime": "00:11:02,780",
        "text": "invalid well to my knowledge there's not\n"
    },
    {
        "number": "325",
        "stopTime": "00:11:07,940",
        "startTime": "00:11:04,310",
        "text": "a single perfect human being on this\n"
    },
    {
        "number": "326",
        "stopTime": "00:11:09,500",
        "startTime": "00:11:05,900",
        "text": "earth who's not a literal baby and they\n"
    },
    {
        "number": "327",
        "stopTime": "00:11:11,480",
        "startTime": "00:11:07,940",
        "text": "can't even speak English so they can't\n"
    },
    {
        "number": "328",
        "stopTime": "00:11:13,070",
        "startTime": "00:11:09,500",
        "text": "criticize you conclusion nobody can\n"
    },
    {
        "number": "329",
        "stopTime": "00:11:15,020",
        "startTime": "00:11:11,480",
        "text": "criticize eugenia cooney because we're\n"
    },
    {
        "number": "330",
        "stopTime": "00:11:17,000",
        "startTime": "00:11:13,070",
        "text": "all imperfect that's a great way to go\n"
    },
    {
        "number": "331",
        "stopTime": "00:11:19,010",
        "startTime": "00:11:15,020",
        "text": "on starving yourself avoiding the real\n"
    },
    {
        "number": "332",
        "stopTime": "00:11:21,710",
        "startTime": "00:11:17,000",
        "text": "problem at hand so the fact that he kind\n"
    },
    {
        "number": "333",
        "stopTime": "00:11:23,360",
        "startTime": "00:11:19,010",
        "text": "of like keeps like pointing out what he\n"
    },
    {
        "number": "334",
        "stopTime": "00:11:25,640",
        "startTime": "00:11:21,710",
        "text": "thinks is like wrong with everyone else\n"
    },
    {
        "number": "335",
        "stopTime": "00:11:27,170",
        "startTime": "00:11:23,360",
        "text": "and trying to make everyone else into\n"
    },
    {
        "number": "336",
        "stopTime": "00:11:29,060",
        "startTime": "00:11:25,640",
        "text": "the bad one I'm not trying to make\n"
    },
    {
        "number": "337",
        "stopTime": "00:11:30,350",
        "startTime": "00:11:27,170",
        "text": "everyone else into the bad one eugenia\n"
    },
    {
        "number": "338",
        "stopTime": "00:11:31,880",
        "startTime": "00:11:29,060",
        "text": "haven't called out a single other\n"
    },
    {
        "number": "339",
        "stopTime": "00:11:33,500",
        "startTime": "00:11:30,350",
        "text": "youtuber for clearly triggering their\n"
    },
    {
        "number": "340",
        "stopTime": "00:11:34,940",
        "startTime": "00:11:31,880",
        "text": "audience into starving themselves what\n"
    },
    {
        "number": "341",
        "stopTime": "00:11:36,620",
        "startTime": "00:11:33,500",
        "text": "will it take for you just to admit that\n"
    },
    {
        "number": "342",
        "stopTime": "00:11:38,030",
        "startTime": "00:11:34,940",
        "text": "you're wrong is that even possible why\n"
    },
    {
        "number": "343",
        "stopTime": "00:11:39,380",
        "startTime": "00:11:36,620",
        "text": "is it you do not understand the damage\n"
    },
    {
        "number": "344",
        "stopTime": "00:11:40,760",
        "startTime": "00:11:38,030",
        "text": "you do every single time you release a\n"
    },
    {
        "number": "345",
        "stopTime": "00:11:42,170",
        "startTime": "00:11:39,380",
        "text": "video triggering your audience to star\n"
    },
    {
        "number": "346",
        "stopTime": "00:11:44,300",
        "startTime": "00:11:40,760",
        "text": "themselves as a result of you clearly\n"
    },
    {
        "number": "347",
        "stopTime": "00:11:46,070",
        "startTime": "00:11:42,170",
        "text": "showing off your body he was fat shaming\n"
    },
    {
        "number": "348",
        "stopTime": "00:11:47,570",
        "startTime": "00:11:44,300",
        "text": "Trisha Paytas oh my gosh that's so\n"
    },
    {
        "number": "349",
        "stopTime": "00:11:48,890",
        "startTime": "00:11:46,070",
        "text": "messed up I was fat shaming Trisha\n"
    },
    {
        "number": "350",
        "stopTime": "00:11:50,930",
        "startTime": "00:11:47,570",
        "text": "Paytas are you talking about me\n"
    },
    {
        "number": "351",
        "stopTime": "00:11:52,610",
        "startTime": "00:11:48,890",
        "text": "comparing her to Fiona because one I\n"
    },
    {
        "number": "352",
        "stopTime": "00:11:54,260",
        "startTime": "00:11:50,930",
        "text": "said that for the sake of comedy and two\n"
    },
    {
        "number": "353",
        "stopTime": "00:11:56,150",
        "startTime": "00:11:52,610",
        "text": "I said that for the sake of comedy and\n"
    },
    {
        "number": "354",
        "stopTime": "00:11:57,260",
        "startTime": "00:11:54,260",
        "text": "three I said that for the sake of comedy\n"
    },
    {
        "number": "355",
        "stopTime": "00:11:59,360",
        "startTime": "00:11:56,150",
        "text": "and four I said that for the sake of\n"
    },
    {
        "number": "356",
        "stopTime": "00:12:00,740",
        "startTime": "00:11:57,260",
        "text": "comedy as a comedian recognized by\n"
    },
    {
        "number": "357",
        "stopTime": "00:12:02,390",
        "startTime": "00:11:59,360",
        "text": "millions not sure what you expect when\n"
    },
    {
        "number": "358",
        "stopTime": "00:12:04,760",
        "startTime": "00:12:00,740",
        "text": "you go to a standard stand-up special\n"
    },
    {
        "number": "359",
        "stopTime": "00:12:07,580",
        "startTime": "00:12:02,390",
        "text": "hey you guys it's dane cook and today\n"
    },
    {
        "number": "360",
        "stopTime": "00:12:09,770",
        "startTime": "00:12:04,760",
        "text": "we're gonna make fun of no one\n"
    },
    {
        "number": "361",
        "stopTime": "00:12:12,710",
        "startTime": "00:12:07,580",
        "text": "hahaha nobody's gonna get made fun of\n"
    },
    {
        "number": "362",
        "stopTime": "00:12:14,300",
        "startTime": "00:12:09,770",
        "text": "today so my first joke you know how when\n"
    },
    {
        "number": "363",
        "stopTime": "00:12:16,190",
        "startTime": "00:12:12,710",
        "text": "you're walking across the street and oh\n"
    },
    {
        "number": "364",
        "stopTime": "00:12:18,080",
        "startTime": "00:12:14,300",
        "text": "wait somebody has to walk across the\n"
    },
    {
        "number": "365",
        "stopTime": "00:12:19,340",
        "startTime": "00:12:16,190",
        "text": "street and you're probably gonna wind up\n"
    },
    {
        "number": "366",
        "stopTime": "00:12:21,950",
        "startTime": "00:12:18,080",
        "text": "making fun of that person crossing the\n"
    },
    {
        "number": "367",
        "stopTime": "00:12:24,920",
        "startTime": "00:12:19,340",
        "text": "street you know what next joke okay so\n"
    },
    {
        "number": "368",
        "stopTime": "00:12:26,540",
        "startTime": "00:12:21,950",
        "text": "here we go all right dane cook here you\n"
    },
    {
        "number": "369",
        "stopTime": "00:12:28,670",
        "startTime": "00:12:24,920",
        "text": "know how when you're eating food and\n"
    },
    {
        "number": "370",
        "stopTime": "00:12:32,360",
        "startTime": "00:12:26,540",
        "text": "shit now we've got to make fun of the\n"
    },
    {
        "number": "371",
        "stopTime": "00:12:34,220",
        "startTime": "00:12:28,670",
        "text": "person eating food well guess i gotta be\n"
    },
    {
        "number": "372",
        "stopTime": "00:12:36,050",
        "startTime": "00:12:32,360",
        "text": "a veterinarian all right moving on oh\n"
    },
    {
        "number": "373",
        "stopTime": "00:12:39,020",
        "startTime": "00:12:34,220",
        "text": "wait that's the thing with an easy on\n"
    },
    {
        "number": "374",
        "stopTime": "00:12:41,330",
        "startTime": "00:12:36,050",
        "text": "it's like he kind of like tears apart\n"
    },
    {
        "number": "375",
        "stopTime": "00:12:43,040",
        "startTime": "00:12:39,020",
        "text": "everyone I literally don't make videos\n"
    },
    {
        "number": "376",
        "stopTime": "00:12:44,720",
        "startTime": "00:12:41,330",
        "text": "about everyone I haven't publicly\n"
    },
    {
        "number": "377",
        "stopTime": "00:12:46,610",
        "startTime": "00:12:43,040",
        "text": "criticized Tiffany Joe Allen I haven't\n"
    },
    {
        "number": "378",
        "stopTime": "00:12:48,200",
        "startTime": "00:12:44,720",
        "text": "publicly criticized makemebad 35 I\n"
    },
    {
        "number": "379",
        "stopTime": "00:12:49,670",
        "startTime": "00:12:46,610",
        "text": "haven't publicly criticized Billy the\n"
    },
    {
        "number": "380",
        "stopTime": "00:12:51,050",
        "startTime": "00:12:48,200",
        "text": "fridge although I did do a comedy video\n"
    },
    {
        "number": "381",
        "stopTime": "00:12:52,460",
        "startTime": "00:12:49,670",
        "text": "where's cracking jokes about him is that\n"
    },
    {
        "number": "382",
        "stopTime": "00:12:53,870",
        "startTime": "00:12:51,050",
        "text": "allowed you Gina am I allowed to tell\n"
    },
    {
        "number": "383",
        "stopTime": "00:12:55,880",
        "startTime": "00:12:52,460",
        "text": "jokes if he thinks like you're too\n"
    },
    {
        "number": "384",
        "stopTime": "00:12:57,590",
        "startTime": "00:12:53,870",
        "text": "skinny then who keep fixing you for that\n"
    },
    {
        "number": "385",
        "stopTime": "00:12:59,930",
        "startTime": "00:12:55,880",
        "text": "but then if he thinks you're like two\n"
    },
    {
        "number": "386",
        "stopTime": "00:13:01,550",
        "startTime": "00:12:57,590",
        "text": "big rig is like doing then he does that\n"
    },
    {
        "number": "387",
        "stopTime": "00:13:03,170",
        "startTime": "00:12:59,930",
        "text": "that's how normal humans function like\n"
    },
    {
        "number": "388",
        "stopTime": "00:13:05,480",
        "startTime": "00:13:01,550",
        "text": "if there's a girl who's 55 and weighs\n"
    },
    {
        "number": "389",
        "stopTime": "00:13:07,580",
        "startTime": "00:13:03,170",
        "text": "250 she probably weighs too much she's\n"
    },
    {
        "number": "390",
        "stopTime": "00:13:08,750",
        "startTime": "00:13:05,480",
        "text": "55 and 180 well I don't see a problem\n"
    },
    {
        "number": "391",
        "stopTime": "00:13:10,340",
        "startTime": "00:13:07,580",
        "text": "with that probably cuz the person who's\n"
    },
    {
        "number": "392",
        "stopTime": "00:13:12,170",
        "startTime": "00:13:08,750",
        "text": "180 is likely going to have a long\n"
    },
    {
        "number": "393",
        "stopTime": "00:13:14,330",
        "startTime": "00:13:10,340",
        "text": "healthy life now a girl like you Eugenia\n"
    },
    {
        "number": "394",
        "stopTime": "00:13:15,680",
        "startTime": "00:13:12,170",
        "text": "who's 59 and about 60-something pounds\n"
    },
    {
        "number": "395",
        "stopTime": "00:13:17,180",
        "startTime": "00:13:14,330",
        "text": "maybe 70 at most yeah there's like a\n"
    },
    {
        "number": "396",
        "stopTime": "00:13:18,710",
        "startTime": "00:13:15,680",
        "text": "twenty-five percent chance that you're\n"
    },
    {
        "number": "397",
        "stopTime": "00:13:20,000",
        "startTime": "00:13:17,180",
        "text": "gonna die about Eugenia you're killing\n"
    },
    {
        "number": "398",
        "stopTime": "00:13:22,280",
        "startTime": "00:13:18,710",
        "text": "yourself and you're acting like I'm the\n"
    },
    {
        "number": "399",
        "stopTime": "00:13:24,200",
        "startTime": "00:13:20,000",
        "text": "bad guy wake up please I just don't get\n"
    },
    {
        "number": "400",
        "stopTime": "00:13:26,030",
        "startTime": "00:13:22,280",
        "text": "why he needs to like judge everyone so\n"
    },
    {
        "number": "401",
        "stopTime": "00:13:27,950",
        "startTime": "00:13:24,200",
        "text": "much am i judging i just seen for her\n"
    },
    {
        "number": "402",
        "stopTime": "00:13:29,690",
        "startTime": "00:13:26,030",
        "text": "wait am i judging jenna Marbles for her\n"
    },
    {
        "number": "403",
        "stopTime": "00:13:31,730",
        "startTime": "00:13:27,950",
        "text": "weights am i judging zoella for her\n"
    },
    {
        "number": "404",
        "stopTime": "00:13:33,620",
        "startTime": "00:13:29,690",
        "text": "weight am i judging kal-el kitten for\n"
    },
    {
        "number": "405",
        "stopTime": "00:13:35,150",
        "startTime": "00:13:31,730",
        "text": "her weights am i judging hannah minx for\n"
    },
    {
        "number": "406",
        "stopTime": "00:13:36,770",
        "startTime": "00:13:33,620",
        "text": "her weight i may be commented on three\n"
    },
    {
        "number": "407",
        "stopTime": "00:13:38,150",
        "startTime": "00:13:35,150",
        "text": "female youtubers out of the hundreds of\n"
    },
    {
        "number": "408",
        "stopTime": "00:13:39,710",
        "startTime": "00:13:36,770",
        "text": "female youtubers regarding their weight\n"
    },
    {
        "number": "409",
        "stopTime": "00:13:41,480",
        "startTime": "00:13:38,150",
        "text": "so i really hope you'll stop lying to\n"
    },
    {
        "number": "410",
        "stopTime": "00:13:43,310",
        "startTime": "00:13:39,710",
        "text": "your audience implying that i do this to\n"
    },
    {
        "number": "411",
        "stopTime": "00:13:46,250",
        "startTime": "00:13:41,480",
        "text": "everyone when it is a fact that i do not\n"
    },
    {
        "number": "412",
        "stopTime": "00:13:48,680",
        "startTime": "00:13:43,310",
        "text": "he's dumb as act like thanks Kaylee yeah\n"
    },
    {
        "number": "413",
        "stopTime": "00:13:50,420",
        "startTime": "00:13:46,250",
        "text": "and it's like I'm not raised like name\n"
    },
    {
        "number": "414",
        "stopTime": "00:13:52,190",
        "startTime": "00:13:48,680",
        "text": "call hammer get like you guys to go\n"
    },
    {
        "number": "415",
        "stopTime": "00:13:55,190",
        "startTime": "00:13:50,420",
        "text": "ahead and him or anything like that he's\n"
    },
    {
        "number": "416",
        "stopTime": "00:13:57,590",
        "startTime": "00:13:52,190",
        "text": "dumb as f thanks yeah and I'm not trying\n"
    },
    {
        "number": "417",
        "stopTime": "00:13:59,510",
        "startTime": "00:13:55,190",
        "text": "to say he's dumb as f or hate on him\n"
    },
    {
        "number": "418",
        "stopTime": "00:14:01,310",
        "startTime": "00:13:57,590",
        "text": "like I literally just did ginia if\n"
    },
    {
        "number": "419",
        "stopTime": "00:14:02,900",
        "startTime": "00:13:59,510",
        "text": "you're gonna dislike someone own it if\n"
    },
    {
        "number": "420",
        "stopTime": "00:14:05,060",
        "startTime": "00:14:01,310",
        "text": "you're gonna like someone own it don't\n"
    },
    {
        "number": "421",
        "stopTime": "00:14:06,830",
        "startTime": "00:14:02,900",
        "text": "say thanks for calling own easy on dumb\n"
    },
    {
        "number": "422",
        "stopTime": "00:14:09,650",
        "startTime": "00:14:05,060",
        "text": "as fuck and then pretend to be innocent\n"
    },
    {
        "number": "423",
        "stopTime": "00:14:11,960",
        "startTime": "00:14:06,830",
        "text": "it is so dishonest to do that I don't\n"
    },
    {
        "number": "424",
        "stopTime": "00:14:14,270",
        "startTime": "00:14:09,650",
        "text": "know I just like really just do not see\n"
    },
    {
        "number": "425",
        "stopTime": "00:14:16,190",
        "startTime": "00:14:11,960",
        "text": "the point of him doing it to encourage\n"
    },
    {
        "number": "426",
        "stopTime": "00:14:17,570",
        "startTime": "00:14:14,270",
        "text": "you to save your own life inspire the\n"
    },
    {
        "number": "427",
        "stopTime": "00:14:19,070",
        "startTime": "00:14:16,190",
        "text": "many individuals who have been triggered\n"
    },
    {
        "number": "428",
        "stopTime": "00:14:20,850",
        "startTime": "00:14:17,570",
        "text": "by watching your videos to start eating\n"
    },
    {
        "number": "429",
        "stopTime": "00:14:22,800",
        "startTime": "00:14:19,070",
        "text": "healthy as well no I don't see the\n"
    },
    {
        "number": "430",
        "stopTime": "00:14:24,600",
        "startTime": "00:14:20,850",
        "text": "point in me promoting a healthier\n"
    },
    {
        "number": "431",
        "stopTime": "00:14:26,370",
        "startTime": "00:14:22,800",
        "text": "lifestyle and potentially saving\n"
    },
    {
        "number": "432",
        "stopTime": "00:14:28,050",
        "startTime": "00:14:24,600",
        "text": "hundreds if not thousands of people from\n"
    },
    {
        "number": "433",
        "stopTime": "00:14:29,670",
        "startTime": "00:14:26,370",
        "text": "killing themselves through starvation I\n"
    },
    {
        "number": "434",
        "stopTime": "00:14:31,560",
        "startTime": "00:14:28,050",
        "text": "don't see the point in that that's your\n"
    },
    {
        "number": "435",
        "stopTime": "00:14:33,990",
        "startTime": "00:14:29,670",
        "text": "genius logic all right why is he even\n"
    },
    {
        "number": "436",
        "stopTime": "00:14:35,579",
        "startTime": "00:14:31,560",
        "text": "like still doing this okay I'll say it\n"
    },
    {
        "number": "437",
        "stopTime": "00:14:36,990",
        "startTime": "00:14:33,990",
        "text": "again because I want you to become more\n"
    },
    {
        "number": "438",
        "stopTime": "00:14:38,519",
        "startTime": "00:14:35,579",
        "text": "healthy because I want the people you've\n"
    },
    {
        "number": "439",
        "stopTime": "00:14:40,079",
        "startTime": "00:14:36,990",
        "text": "triggered to become more healthy and I\n"
    },
    {
        "number": "440",
        "stopTime": "00:14:42,000",
        "startTime": "00:14:38,519",
        "text": "want to make content that's relevant to\n"
    },
    {
        "number": "441",
        "stopTime": "00:14:43,860",
        "startTime": "00:14:40,079",
        "text": "my audience interests I have said this\n"
    },
    {
        "number": "442",
        "stopTime": "00:14:45,060",
        "startTime": "00:14:42,000",
        "text": "so many times in my previous videos but\n"
    },
    {
        "number": "443",
        "stopTime": "00:14:47,370",
        "startTime": "00:14:43,860",
        "text": "it's almost like you don't pay attention\n"
    },
    {
        "number": "444",
        "stopTime": "00:14:49,019",
        "startTime": "00:14:45,060",
        "text": "whatsoever in fact eugenia if you could\n"
    },
    {
        "number": "445",
        "stopTime": "00:14:50,459",
        "startTime": "00:14:47,370",
        "text": "make a response video I don't care on\n"
    },
    {
        "number": "446",
        "stopTime": "00:14:51,899",
        "startTime": "00:14:49,019",
        "text": "what channel you do it you can do it on\n"
    },
    {
        "number": "447",
        "stopTime": "00:14:54,029",
        "startTime": "00:14:50,459",
        "text": "a channel with no subscribers make a\n"
    },
    {
        "number": "448",
        "stopTime": "00:14:56,009",
        "startTime": "00:14:51,899",
        "text": "response video to this video addressing\n"
    },
    {
        "number": "449",
        "stopTime": "00:14:57,839",
        "startTime": "00:14:54,029",
        "text": "my every single point and then I might\n"
    },
    {
        "number": "450",
        "stopTime": "00:14:59,190",
        "startTime": "00:14:56,009",
        "text": "be able to respect your position but so\n"
    },
    {
        "number": "451",
        "stopTime": "00:15:00,720",
        "startTime": "00:14:57,839",
        "text": "far it seems like you're just trying to\n"
    },
    {
        "number": "452",
        "stopTime": "00:15:02,819",
        "startTime": "00:14:59,190",
        "text": "plug your ears and close your eyes and\n"
    },
    {
        "number": "453",
        "stopTime": "00:15:04,560",
        "startTime": "00:15:00,720",
        "text": "pretend reality doesn't exist it does\n"
    },
    {
        "number": "454",
        "stopTime": "00:15:06,779",
        "startTime": "00:15:02,819",
        "text": "Eugenia and you have a lot to answer for\n"
    },
    {
        "number": "455",
        "stopTime": "00:15:09,029",
        "startTime": "00:15:04,560",
        "text": "like maybe he's I didn't think he was\n"
    },
    {
        "number": "456",
        "stopTime": "00:15:11,069",
        "startTime": "00:15:06,779",
        "text": "really gonna do that because like I know\n"
    },
    {
        "number": "457",
        "stopTime": "00:15:13,170",
        "startTime": "00:15:09,029",
        "text": "he said that he's not gonna make drama\n"
    },
    {
        "number": "458",
        "stopTime": "00:15:14,910",
        "startTime": "00:15:11,069",
        "text": "videos anymore said I wasn't going to\n"
    },
    {
        "number": "459",
        "stopTime": "00:15:16,050",
        "startTime": "00:15:13,170",
        "text": "share new private information about my\n"
    },
    {
        "number": "460",
        "stopTime": "00:15:17,519",
        "startTime": "00:15:14,910",
        "text": "relationships behind-the-scenes\n"
    },
    {
        "number": "461",
        "stopTime": "00:15:18,509",
        "startTime": "00:15:16,050",
        "text": "information that is negative I said I\n"
    },
    {
        "number": "462",
        "stopTime": "00:15:20,430",
        "startTime": "00:15:17,519",
        "text": "wasn't going to publicly bash\n"
    },
    {
        "number": "463",
        "stopTime": "00:15:22,319",
        "startTime": "00:15:18,509",
        "text": "ex-girlfriends X friends and future\n"
    },
    {
        "number": "464",
        "stopTime": "00:15:24,209",
        "startTime": "00:15:20,430",
        "text": "videos I did not however say that I will\n"
    },
    {
        "number": "465",
        "stopTime": "00:15:26,130",
        "startTime": "00:15:22,319",
        "text": "never make a video again about people\n"
    },
    {
        "number": "466",
        "stopTime": "00:15:28,050",
        "startTime": "00:15:24,209",
        "text": "who starve themselves and trigger young\n"
    },
    {
        "number": "467",
        "stopTime": "00:15:29,939",
        "startTime": "00:15:26,130",
        "text": "girls like them to starve themselves as\n"
    },
    {
        "number": "468",
        "stopTime": "00:15:31,439",
        "startTime": "00:15:28,050",
        "text": "well it's not some typical drama video\n"
    },
    {
        "number": "469",
        "stopTime": "00:15:32,639",
        "startTime": "00:15:29,939",
        "text": "this isn't even a hate video I haven't\n"
    },
    {
        "number": "470",
        "stopTime": "00:15:34,889",
        "startTime": "00:15:31,439",
        "text": "been sitting here calling you names\n"
    },
    {
        "number": "471",
        "stopTime": "00:15:36,480",
        "startTime": "00:15:32,639",
        "text": "other than names based on fact like you\n"
    },
    {
        "number": "472",
        "stopTime": "00:15:37,920",
        "startTime": "00:15:34,889",
        "text": "being dishonest you keep trying to\n"
    },
    {
        "number": "473",
        "stopTime": "00:15:39,509",
        "startTime": "00:15:36,480",
        "text": "strawman your way out of this by\n"
    },
    {
        "number": "474",
        "stopTime": "00:15:41,069",
        "startTime": "00:15:37,920",
        "text": "distracting people to unrelated issues\n"
    },
    {
        "number": "475",
        "stopTime": "00:15:42,389",
        "startTime": "00:15:39,509",
        "text": "by submitting points that aren't\n"
    },
    {
        "number": "476",
        "stopTime": "00:15:44,310",
        "startTime": "00:15:41,069",
        "text": "relevant to what we're actually talking\n"
    },
    {
        "number": "477",
        "stopTime": "00:15:45,630",
        "startTime": "00:15:42,389",
        "text": "about and acting like that resolves it\n"
    },
    {
        "number": "478",
        "stopTime": "00:15:47,670",
        "startTime": "00:15:44,310",
        "text": "but it's time for you to stand still\n"
    },
    {
        "number": "479",
        "stopTime": "00:15:50,040",
        "startTime": "00:15:45,630",
        "text": "look forward and face the real issue and\n"
    },
    {
        "number": "480",
        "stopTime": "00:15:53,250",
        "startTime": "00:15:47,670",
        "text": "I noted he also said that like his last\n"
    },
    {
        "number": "481",
        "stopTime": "00:15:55,139",
        "startTime": "00:15:50,040",
        "text": "video is like his final video or\n"
    },
    {
        "number": "482",
        "stopTime": "00:15:56,759",
        "startTime": "00:15:53,250",
        "text": "whatever again in that video I literally\n"
    },
    {
        "number": "483",
        "stopTime": "00:15:58,620",
        "startTime": "00:15:55,139",
        "text": "said I was resigning from the topic but\n"
    },
    {
        "number": "484",
        "stopTime": "00:16:00,089",
        "startTime": "00:15:56,759",
        "text": "I am officially resigning from the topic\n"
    },
    {
        "number": "485",
        "stopTime": "00:16:01,709",
        "startTime": "00:15:58,620",
        "text": "last time I checked when you resign from\n"
    },
    {
        "number": "486",
        "stopTime": "00:16:03,180",
        "startTime": "00:16:00,089",
        "text": "something you can take it up again if\n"
    },
    {
        "number": "487",
        "stopTime": "00:16:05,339",
        "startTime": "00:16:01,709",
        "text": "you choose and that's exactly what I did\n"
    },
    {
        "number": "488",
        "stopTime": "00:16:07,050",
        "startTime": "00:16:03,180",
        "text": "so long story short Eugenia I hope you\n"
    },
    {
        "number": "489",
        "stopTime": "00:16:08,790",
        "startTime": "00:16:05,339",
        "text": "actually do watch this video I hope even\n"
    },
    {
        "number": "490",
        "stopTime": "00:16:10,500",
        "startTime": "00:16:07,050",
        "text": "more you make a response video on some\n"
    },
    {
        "number": "491",
        "stopTime": "00:16:12,480",
        "startTime": "00:16:08,790",
        "text": "totally irrelevant channel that nobody\n"
    },
    {
        "number": "492",
        "stopTime": "00:16:13,980",
        "startTime": "00:16:10,500",
        "text": "cares about so you can avoid me getting\n"
    },
    {
        "number": "493",
        "stopTime": "00:16:15,750",
        "startTime": "00:16:12,480",
        "text": "promoted based on it but at least\n"
    },
    {
        "number": "494",
        "stopTime": "00:16:17,279",
        "startTime": "00:16:13,980",
        "text": "finally address the issues at hand\n"
    },
    {
        "number": "495",
        "stopTime": "00:16:18,990",
        "startTime": "00:16:15,750",
        "text": "because nowhere did you prove that\n"
    },
    {
        "number": "496",
        "stopTime": "00:16:20,910",
        "startTime": "00:16:17,279",
        "text": "you're not triggering young girls to\n"
    },
    {
        "number": "497",
        "stopTime": "00:16:22,470",
        "startTime": "00:16:18,990",
        "text": "starve themselves nowhere did you prove\n"
    },
    {
        "number": "498",
        "stopTime": "00:16:24,300",
        "startTime": "00:16:20,910",
        "text": "that you're finally eating a healthy\n"
    },
    {
        "number": "499",
        "stopTime": "00:16:26,310",
        "startTime": "00:16:22,470",
        "text": "diet no where did you prove that you're\n"
    },
    {
        "number": "500",
        "stopTime": "00:16:28,199",
        "startTime": "00:16:24,300",
        "text": "not actively killing yourself in general\n"
    },
    {
        "number": "501",
        "stopTime": "00:16:29,760",
        "startTime": "00:16:26,310",
        "text": "and overall you didn't really prove any\n"
    },
    {
        "number": "502",
        "stopTime": "00:16:32,010",
        "startTime": "00:16:28,199",
        "text": "of my points wrong we're talking about\n"
    },
    {
        "number": "503",
        "stopTime": "00:16:33,870",
        "startTime": "00:16:29,760",
        "text": "mortality here eugenia if you don't have\n"
    },
    {
        "number": "504",
        "stopTime": "00:16:34,740",
        "startTime": "00:16:32,010",
        "text": "your life you don't have anything and\n"
    },
    {
        "number": "505",
        "stopTime": "00:16:36,750",
        "startTime": "00:16:33,870",
        "text": "your life is\n"
    },
    {
        "number": "506",
        "stopTime": "00:16:38,550",
        "startTime": "00:16:34,740",
        "text": "what I'm literally trying to say i'm\n"
    },
    {
        "number": "507",
        "stopTime": "00:16:40,260",
        "startTime": "00:16:36,750",
        "text": "also trying to save the lives of people\n"
    },
    {
        "number": "508",
        "stopTime": "00:16:42,420",
        "startTime": "00:16:38,550",
        "text": "you've triggered with your clearly\n"
    },
    {
        "number": "509",
        "stopTime": "00:16:44,250",
        "startTime": "00:16:40,260",
        "text": "irrefutably triggering videos now the\n"
    },
    {
        "number": "510",
        "stopTime": "00:16:46,230",
        "startTime": "00:16:42,420",
        "text": "fact that you try to turn what I'm doing\n"
    },
    {
        "number": "511",
        "stopTime": "00:16:48,089",
        "startTime": "00:16:44,250",
        "text": "into something hateful is it expected\n"
    },
    {
        "number": "512",
        "stopTime": "00:16:49,920",
        "startTime": "00:16:46,230",
        "text": "response because growing as a human\n"
    },
    {
        "number": "513",
        "stopTime": "00:16:51,750",
        "startTime": "00:16:48,089",
        "text": "being can be very difficult and human\n"
    },
    {
        "number": "514",
        "stopTime": "00:16:53,130",
        "startTime": "00:16:49,920",
        "text": "beings tend to take the convenient route\n"
    },
    {
        "number": "515",
        "stopTime": "00:16:54,750",
        "startTime": "00:16:51,750",
        "text": "rather than the one that takes effort\n"
    },
    {
        "number": "516",
        "stopTime": "00:16:56,700",
        "startTime": "00:16:53,130",
        "text": "but you said it yourself that I can make\n"
    },
    {
        "number": "517",
        "stopTime": "00:16:58,589",
        "startTime": "00:16:54,750",
        "text": "videos about whatever I want and so if I\n"
    },
    {
        "number": "518",
        "stopTime": "00:17:00,300",
        "startTime": "00:16:56,700",
        "text": "continue to feel compelled about making\n"
    },
    {
        "number": "519",
        "stopTime": "00:17:01,860",
        "startTime": "00:16:58,589",
        "text": "videos regarding people who are actively\n"
    },
    {
        "number": "520",
        "stopTime": "00:17:03,300",
        "startTime": "00:17:00,300",
        "text": "killing themselves and I believe I am\n"
    },
    {
        "number": "521",
        "stopTime": "00:17:05,490",
        "startTime": "00:17:01,860",
        "text": "within my rights because as I said\n"
    },
    {
        "number": "522",
        "stopTime": "00:17:06,929",
        "startTime": "00:17:03,300",
        "text": "before Eugenia I like you better living\n"
    },
    {
        "number": "523",
        "stopTime": "00:17:08,610",
        "startTime": "00:17:05,490",
        "text": "but you are showing a level of denial\n"
    },
    {
        "number": "524",
        "stopTime": "00:17:10,500",
        "startTime": "00:17:06,929",
        "text": "that is typical and people with anorexia\n"
    },
    {
        "number": "525",
        "stopTime": "00:17:12,420",
        "startTime": "00:17:08,610",
        "text": "so I can't say this video will help you\n"
    },
    {
        "number": "526",
        "stopTime": "00:17:14,699",
        "startTime": "00:17:10,500",
        "text": "beyond the fact that it'll generate you\n"
    },
    {
        "number": "527",
        "stopTime": "00:17:16,319",
        "startTime": "00:17:12,420",
        "text": "even more subscribers so for that you're\n"
    },
    {
        "number": "528",
        "stopTime": "00:17:18,300",
        "startTime": "00:17:14,699",
        "text": "welcome and to everyone else if you have\n"
    },
    {
        "number": "529",
        "stopTime": "00:17:20,309",
        "startTime": "00:17:16,319",
        "text": "ideas on how we can help Eugenia Cooney\n"
    },
    {
        "number": "530",
        "stopTime": "00:17:22,140",
        "startTime": "00:17:18,300",
        "text": "and her audience please email me my\n"
    },
    {
        "number": "531",
        "stopTime": "00:17:25,160",
        "startTime": "00:17:20,309",
        "text": "email is listed on my youtube channel\n"
    },
    {
        "number": "532",
        "stopTime": "00:17:25,160",
        "startTime": "00:17:22,140",
        "text": "thank you\n"
    }
]