[
    {
        "number": "1",
        "stopTime": "00:00:04,140",
        "startTime": "00:00:00,000",
        "text": "hey guys if u jeediyey today is going to\n"
    },
    {
        "number": "2",
        "stopTime": "00:00:06,660",
        "startTime": "00:00:02,280",
        "text": "be doing a kind of like Valentine's Day\n"
    },
    {
        "number": "3",
        "stopTime": "00:00:09,179",
        "startTime": "00:00:04,140",
        "text": "themed video because it's actually like\n"
    },
    {
        "number": "4",
        "stopTime": "00:00:11,130",
        "startTime": "00:00:06,660",
        "text": "febuary now well actually in the data of\n"
    },
    {
        "number": "5",
        "stopTime": "00:00:12,809",
        "startTime": "00:00:09,179",
        "text": "building this is technically in January\n"
    },
    {
        "number": "6",
        "stopTime": "00:00:14,280",
        "startTime": "00:00:11,130",
        "text": "their dessert so but if n putting this\n"
    },
    {
        "number": "7",
        "stopTime": "00:00:16,080",
        "startTime": "00:00:12,809",
        "text": "alex is probably going to already be\n"
    },
    {
        "number": "8",
        "stopTime": "00:00:17,609",
        "startTime": "00:00:14,280",
        "text": "febuary it's like the perfect time to do\n"
    },
    {
        "number": "9",
        "stopTime": "00:00:19,529",
        "startTime": "00:00:16,080",
        "text": "this oh my your hair like a little bit\n"
    },
    {
        "number": "10",
        "stopTime": "00:00:21,119",
        "startTime": "00:00:17,609",
        "text": "different areas i'm not sure i don't\n"
    },
    {
        "number": "11",
        "stopTime": "00:00:22,800",
        "startTime": "00:00:19,529",
        "text": "really have like that much hair spray in\n"
    },
    {
        "number": "12",
        "stopTime": "00:00:25,109",
        "startTime": "00:00:21,119",
        "text": "it right now i actually got it done a\n"
    },
    {
        "number": "13",
        "stopTime": "00:00:27,449",
        "startTime": "00:00:22,800",
        "text": "little bit earlier and the girls dude is\n"
    },
    {
        "number": "14",
        "stopTime": "00:00:29,070",
        "startTime": "00:00:25,109",
        "text": "super super good job I'm not curious now\n"
    },
    {
        "number": "15",
        "stopTime": "00:00:30,510",
        "startTime": "00:00:27,449",
        "text": "it's like a little bit later in the day\n"
    },
    {
        "number": "16",
        "stopTime": "00:00:32,399",
        "startTime": "00:00:29,070",
        "text": "and I haven't Legree straighten or\n"
    },
    {
        "number": "17",
        "stopTime": "00:00:34,710",
        "startTime": "00:00:30,510",
        "text": "anything it's kind of like coming apart\n"
    },
    {
        "number": "18",
        "stopTime": "00:00:36,719",
        "startTime": "00:00:32,399",
        "text": "I hope not because yeah I thought she\n"
    },
    {
        "number": "19",
        "stopTime": "00:00:38,640",
        "startTime": "00:00:34,710",
        "text": "did such a good job so I didn't really\n"
    },
    {
        "number": "20",
        "stopTime": "00:00:41,010",
        "startTime": "00:00:36,719",
        "text": "want to like mess with it too much so\n"
    },
    {
        "number": "21",
        "stopTime": "00:00:43,379",
        "startTime": "00:00:38,640",
        "text": "yeah anyways I thought in this video\n"
    },
    {
        "number": "22",
        "stopTime": "00:00:45,300",
        "startTime": "00:00:41,010",
        "text": "since it's like Valentine's Day months\n"
    },
    {
        "number": "23",
        "stopTime": "00:00:46,920",
        "startTime": "00:00:43,379",
        "text": "and stuff hi I would just do some kind\n"
    },
    {
        "number": "24",
        "stopTime": "00:00:50,430",
        "startTime": "00:00:45,300",
        "text": "of like dating like the relationship\n"
    },
    {
        "number": "25",
        "stopTime": "00:00:51,840",
        "startTime": "00:00:46,920",
        "text": "love kind of advice so yeah that's what\n"
    },
    {
        "number": "26",
        "stopTime": "00:00:53,309",
        "startTime": "00:00:50,430",
        "text": "this video is going to be about I know\n"
    },
    {
        "number": "27",
        "stopTime": "00:00:55,440",
        "startTime": "00:00:51,840",
        "text": "it haven't really been in too many\n"
    },
    {
        "number": "28",
        "stopTime": "00:00:57,930",
        "startTime": "00:00:53,309",
        "text": "relationships other than was like Jack\n"
    },
    {
        "number": "29",
        "stopTime": "00:01:00,210",
        "startTime": "00:00:55,440",
        "text": "Skellington but hey I'm going to like\n"
    },
    {
        "number": "30",
        "stopTime": "00:01:02,340",
        "startTime": "00:00:57,930",
        "text": "give you guys some advice anyway and\n"
    },
    {
        "number": "31",
        "stopTime": "00:01:03,870",
        "startTime": "00:01:00,210",
        "text": "like see how this goes I definitely one\n"
    },
    {
        "number": "32",
        "stopTime": "00:01:05,549",
        "startTime": "00:01:02,340",
        "text": "thing that I would say it's really\n"
    },
    {
        "number": "33",
        "stopTime": "00:01:07,439",
        "startTime": "00:01:03,870",
        "text": "really important like no matter who it\n"
    },
    {
        "number": "34",
        "stopTime": "00:01:09,420",
        "startTime": "00:01:05,549",
        "text": "is that you're interested in or who it\n"
    },
    {
        "number": "35",
        "stopTime": "00:01:10,830",
        "startTime": "00:01:07,439",
        "text": "is that you might be doing or someone\n"
    },
    {
        "number": "36",
        "stopTime": "00:01:12,330",
        "startTime": "00:01:09,420",
        "text": "that you want to date or just like\n"
    },
    {
        "number": "37",
        "stopTime": "00:01:14,850",
        "startTime": "00:01:10,830",
        "text": "whatever is that I think the thing that\n"
    },
    {
        "number": "38",
        "stopTime": "00:01:16,439",
        "startTime": "00:01:12,330",
        "text": "is super super important is to always be\n"
    },
    {
        "number": "39",
        "stopTime": "00:01:19,110",
        "startTime": "00:01:14,850",
        "text": "yourself and never feel like you have to\n"
    },
    {
        "number": "40",
        "stopTime": "00:01:20,850",
        "startTime": "00:01:16,439",
        "text": "change yourself for anybody and I really\n"
    },
    {
        "number": "41",
        "stopTime": "00:01:22,530",
        "startTime": "00:01:19,110",
        "text": "feel like that just applies to a lot of\n"
    },
    {
        "number": "42",
        "stopTime": "00:01:24,810",
        "startTime": "00:01:20,850",
        "text": "things whether it's the way that you act\n"
    },
    {
        "number": "43",
        "stopTime": "00:01:26,700",
        "startTime": "00:01:22,530",
        "text": "or the way that you look whatever I\n"
    },
    {
        "number": "44",
        "stopTime": "00:01:28,680",
        "startTime": "00:01:24,810",
        "text": "really think it's important you guys to\n"
    },
    {
        "number": "45",
        "stopTime": "00:01:30,479",
        "startTime": "00:01:26,700",
        "text": "remember that you guys are all very very\n"
    },
    {
        "number": "46",
        "stopTime": "00:01:32,340",
        "startTime": "00:01:28,680",
        "text": "special people and you guys are all\n"
    },
    {
        "number": "47",
        "stopTime": "00:01:34,470",
        "startTime": "00:01:30,479",
        "text": "super unique you might not like realize\n"
    },
    {
        "number": "48",
        "stopTime": "00:01:35,939",
        "startTime": "00:01:32,340",
        "text": "that sometimes I know all the time the\n"
    },
    {
        "number": "49",
        "stopTime": "00:01:37,770",
        "startTime": "00:01:34,470",
        "text": "world tries to bring people down\n"
    },
    {
        "number": "50",
        "stopTime": "00:01:39,420",
        "startTime": "00:01:35,939",
        "text": "unfortunately you should never wish that\n"
    },
    {
        "number": "51",
        "stopTime": "00:01:41,670",
        "startTime": "00:01:37,770",
        "text": "you or anyone else other than yourself\n"
    },
    {
        "number": "52",
        "stopTime": "00:01:43,890",
        "startTime": "00:01:39,420",
        "text": "like there's only one of you and they'll\n"
    },
    {
        "number": "53",
        "stopTime": "00:01:45,630",
        "startTime": "00:01:41,670",
        "text": "never be anyone who is exactly like you\n"
    },
    {
        "number": "54",
        "stopTime": "00:01:47,579",
        "startTime": "00:01:43,890",
        "text": "so I think that's very important thing\n"
    },
    {
        "number": "55",
        "stopTime": "00:01:49,290",
        "startTime": "00:01:45,630",
        "text": "to remember if somebody doesn't accept\n"
    },
    {
        "number": "56",
        "stopTime": "00:01:51,240",
        "startTime": "00:01:47,579",
        "text": "you as you are whether it's like the way\n"
    },
    {
        "number": "57",
        "stopTime": "00:01:53,549",
        "startTime": "00:01:49,290",
        "text": "that you look or something about your\n"
    },
    {
        "number": "58",
        "stopTime": "00:01:55,259",
        "startTime": "00:01:51,240",
        "text": "personality or just like whatever then I\n"
    },
    {
        "number": "59",
        "stopTime": "00:01:56,310",
        "startTime": "00:01:53,549",
        "text": "really feel like it's really important\n"
    },
    {
        "number": "60",
        "stopTime": "00:01:58,350",
        "startTime": "00:01:55,259",
        "text": "for you guys to know that you should\n"
    },
    {
        "number": "61",
        "stopTime": "00:02:00,420",
        "startTime": "00:01:56,310",
        "text": "never feel like you have 14 I mean\n"
    },
    {
        "number": "62",
        "stopTime": "00:02:01,400",
        "startTime": "00:01:58,350",
        "text": "unless you're doing really bad things or\n"
    },
    {
        "number": "63",
        "stopTime": "00:02:04,010",
        "startTime": "00:02:00,420",
        "text": "alert\n"
    },
    {
        "number": "64",
        "stopTime": "00:02:06,560",
        "startTime": "00:02:01,400",
        "text": "upsetting people or doing things that\n"
    },
    {
        "number": "65",
        "stopTime": "00:02:08,509",
        "startTime": "00:02:04,010",
        "text": "are actually legit bad to people that i\n"
    },
    {
        "number": "66",
        "stopTime": "00:02:10,070",
        "startTime": "00:02:06,560",
        "text": "always think it is good to try some like\n"
    },
    {
        "number": "67",
        "stopTime": "00:02:11,780",
        "startTime": "00:02:08,509",
        "text": "improve yourself and try to delete the\n"
    },
    {
        "number": "68",
        "stopTime": "00:02:13,460",
        "startTime": "00:02:10,070",
        "text": "best version of yourself that you can be\n"
    },
    {
        "number": "69",
        "stopTime": "00:02:15,230",
        "startTime": "00:02:11,780",
        "text": "I don't feel like it's really important\n"
    },
    {
        "number": "70",
        "stopTime": "00:02:17,030",
        "startTime": "00:02:13,460",
        "text": "to be a good person and to try to make\n"
    },
    {
        "number": "71",
        "stopTime": "00:02:19,190",
        "startTime": "00:02:15,230",
        "text": "people happy but don't ever feel like I\n"
    },
    {
        "number": "72",
        "stopTime": "00:02:20,510",
        "startTime": "00:02:17,030",
        "text": "need to change who you are if you think\n"
    },
    {
        "number": "73",
        "stopTime": "00:02:21,860",
        "startTime": "00:02:19,190",
        "text": "that you don't want to do to change\n"
    },
    {
        "number": "74",
        "stopTime": "00:02:23,840",
        "startTime": "00:02:20,510",
        "text": "things about the way you look or\n"
    },
    {
        "number": "75",
        "stopTime": "00:02:25,940",
        "startTime": "00:02:21,860",
        "text": "whatever because if you're like having\n"
    },
    {
        "number": "76",
        "stopTime": "00:02:27,650",
        "startTime": "00:02:23,840",
        "text": "to be someone else that person's ever\n"
    },
    {
        "number": "77",
        "stopTime": "00:02:29,690",
        "startTime": "00:02:25,940",
        "text": "you like or whatever even if they just\n"
    },
    {
        "number": "78",
        "stopTime": "00:02:31,520",
        "startTime": "00:02:27,650",
        "text": "like you or whatever it would it really\n"
    },
    {
        "number": "79",
        "stopTime": "00:02:33,650",
        "startTime": "00:02:29,690",
        "text": "be truly liking you because you want\n"
    },
    {
        "number": "80",
        "stopTime": "00:02:35,690",
        "startTime": "00:02:31,520",
        "text": "somebody to truly love who you are for\n"
    },
    {
        "number": "81",
        "stopTime": "00:02:37,160",
        "startTime": "00:02:33,650",
        "text": "the beautiful person that you are so I\n"
    },
    {
        "number": "82",
        "stopTime": "00:02:39,470",
        "startTime": "00:02:35,690",
        "text": "think it's really important to remember\n"
    },
    {
        "number": "83",
        "stopTime": "00:02:41,420",
        "startTime": "00:02:37,160",
        "text": "to be yourself and you're single right\n"
    },
    {
        "number": "84",
        "stopTime": "00:02:43,910",
        "startTime": "00:02:39,470",
        "text": "now in Valentine's Day or just whatever\n"
    },
    {
        "number": "85",
        "stopTime": "00:02:45,980",
        "startTime": "00:02:41,420",
        "text": "this remembers that's totally okay i\n"
    },
    {
        "number": "86",
        "stopTime": "00:02:48,290",
        "startTime": "00:02:43,910",
        "text": "just think ill to to like it's okay\n"
    },
    {
        "number": "87",
        "stopTime": "00:02:50,150",
        "startTime": "00:02:45,980",
        "text": "we're single together I just get my\n"
    },
    {
        "number": "88",
        "stopTime": "00:02:52,040",
        "startTime": "00:02:48,290",
        "text": "relationships like on weed out but now\n"
    },
    {
        "number": "89",
        "stopTime": "00:02:54,200",
        "startTime": "00:02:50,150",
        "text": "you now got rid of the proposals are you\n"
    },
    {
        "number": "90",
        "stopTime": "00:02:56,150",
        "startTime": "00:02:52,040",
        "text": "so now we can't even get relationships\n"
    },
    {
        "number": "91",
        "stopTime": "00:02:57,440",
        "startTime": "00:02:54,200",
        "text": "on there it's super depressing but I\n"
    },
    {
        "number": "92",
        "stopTime": "00:02:59,090",
        "startTime": "00:02:56,150",
        "text": "just think it's really important to\n"
    },
    {
        "number": "93",
        "stopTime": "00:03:01,370",
        "startTime": "00:02:57,440",
        "text": "remember the guys that even if like\n"
    },
    {
        "number": "94",
        "stopTime": "00:03:03,680",
        "startTime": "00:02:59,090",
        "text": "you're single right now it really is\n"
    },
    {
        "number": "95",
        "stopTime": "00:03:05,840",
        "startTime": "00:03:01,370",
        "text": "okay and you really don't need someone\n"
    },
    {
        "number": "96",
        "stopTime": "00:03:07,670",
        "startTime": "00:03:03,680",
        "text": "your life to be happy I do lots of other\n"
    },
    {
        "number": "97",
        "stopTime": "00:03:10,850",
        "startTime": "00:03:05,840",
        "text": "people too like whether it is like\n"
    },
    {
        "number": "98",
        "stopTime": "00:03:12,830",
        "startTime": "00:03:07,670",
        "text": "friends or pets or whatever there's so\n"
    },
    {
        "number": "99",
        "stopTime": "00:03:14,840",
        "startTime": "00:03:10,850",
        "text": "many like great people there for you to\n"
    },
    {
        "number": "100",
        "stopTime": "00:03:16,190",
        "startTime": "00:03:12,830",
        "text": "love and people that love you so just\n"
    },
    {
        "number": "101",
        "stopTime": "00:03:18,320",
        "startTime": "00:03:14,840",
        "text": "remember to even if you're single right\n"
    },
    {
        "number": "102",
        "stopTime": "00:03:20,030",
        "startTime": "00:03:16,190",
        "text": "now they're on Valentine's Day it really\n"
    },
    {
        "number": "103",
        "stopTime": "00:03:21,650",
        "startTime": "00:03:18,320",
        "text": "doesn't matter you're gone and think\n"
    },
    {
        "number": "104",
        "stopTime": "00:03:23,570",
        "startTime": "00:03:20,030",
        "text": "it's really this day it's really about\n"
    },
    {
        "number": "105",
        "stopTime": "00:03:25,940",
        "startTime": "00:03:21,650",
        "text": "that because you have felt so bad for\n"
    },
    {
        "number": "106",
        "stopTime": "00:03:29,300",
        "startTime": "00:03:23,570",
        "text": "being single it's okay to be single and\n"
    },
    {
        "number": "107",
        "stopTime": "00:03:32,390",
        "startTime": "00:03:25,940",
        "text": "single two so we are like single friends\n"
    },
    {
        "number": "108",
        "stopTime": "00:03:34,130",
        "startTime": "00:03:29,300",
        "text": "but you are reading someone or if there\n"
    },
    {
        "number": "109",
        "stopTime": "00:03:36,080",
        "startTime": "00:03:32,390",
        "text": "is someone that you're interested in or\n"
    },
    {
        "number": "110",
        "stopTime": "00:03:37,640",
        "startTime": "00:03:34,130",
        "text": "really just two more people in general I\n"
    },
    {
        "number": "111",
        "stopTime": "00:03:39,800",
        "startTime": "00:03:36,080",
        "text": "feel like this is very important thing\n"
    },
    {
        "number": "112",
        "stopTime": "00:03:41,780",
        "startTime": "00:03:37,640",
        "text": "to do in life this is generally how do\n"
    },
    {
        "number": "113",
        "stopTime": "00:03:43,550",
        "startTime": "00:03:39,800",
        "text": "we think it's very important in life to\n"
    },
    {
        "number": "114",
        "stopTime": "00:03:45,170",
        "startTime": "00:03:41,780",
        "text": "show people that you care about them and\n"
    },
    {
        "number": "115",
        "stopTime": "00:03:47,450",
        "startTime": "00:03:43,550",
        "text": "to tell them that you love them and just\n"
    },
    {
        "number": "116",
        "stopTime": "00:03:49,400",
        "startTime": "00:03:45,170",
        "text": "to do nice things for people i joined is\n"
    },
    {
        "number": "117",
        "stopTime": "00:03:51,350",
        "startTime": "00:03:47,450",
        "text": "just a super super important thing in\n"
    },
    {
        "number": "118",
        "stopTime": "00:03:53,360",
        "startTime": "00:03:49,400",
        "text": "life like you can make people so happy\n"
    },
    {
        "number": "119",
        "stopTime": "00:03:55,400",
        "startTime": "00:03:51,350",
        "text": "by doing nice things for them and just\n"
    },
    {
        "number": "120",
        "stopTime": "00:03:57,260",
        "startTime": "00:03:53,360",
        "text": "like shooting people right and trying to\n"
    },
    {
        "number": "121",
        "stopTime": "00:03:59,390",
        "startTime": "00:03:55,400",
        "text": "be a good person or instead you could\n"
    },
    {
        "number": "122",
        "stopTime": "00:04:01,400",
        "startTime": "00:03:57,260",
        "text": "really bring people down by not being so\n"
    },
    {
        "number": "123",
        "stopTime": "00:04:02,440",
        "startTime": "00:03:59,390",
        "text": "nice and saying some not-so-nice things\n"
    },
    {
        "number": "124",
        "stopTime": "00:04:04,150",
        "startTime": "00:04:01,400",
        "text": "or\n"
    },
    {
        "number": "125",
        "stopTime": "00:04:05,320",
        "startTime": "00:04:02,440",
        "text": "just like things like that in general so\n"
    },
    {
        "number": "126",
        "stopTime": "00:04:07,150",
        "startTime": "00:04:04,150",
        "text": "I always feel like it's a really\n"
    },
    {
        "number": "127",
        "stopTime": "00:04:09,280",
        "startTime": "00:04:05,320",
        "text": "important things we tried to be a nice\n"
    },
    {
        "number": "128",
        "stopTime": "00:04:11,530",
        "startTime": "00:04:07,150",
        "text": "person and just to show people that you\n"
    },
    {
        "number": "129",
        "stopTime": "00:04:12,730",
        "startTime": "00:04:09,280",
        "text": "do care about them and you tell people\n"
    },
    {
        "number": "130",
        "stopTime": "00:04:14,650",
        "startTime": "00:04:11,530",
        "text": "that you loved it and this will\n"
    },
    {
        "number": "131",
        "stopTime": "00:04:16,840",
        "startTime": "00:04:12,730",
        "text": "hopefully not be happening to anyone\n"
    },
    {
        "number": "132",
        "stopTime": "00:04:18,730",
        "startTime": "00:04:14,650",
        "text": "like right now or anything but like if\n"
    },
    {
        "number": "133",
        "stopTime": "00:04:20,170",
        "startTime": "00:04:16,840",
        "text": "that person wasn't see around win big\n"
    },
    {
        "number": "134",
        "stopTime": "00:04:22,030",
        "startTime": "00:04:18,730",
        "text": "you know knew it at least feel really\n"
    },
    {
        "number": "135",
        "stopTime": "00:04:23,500",
        "startTime": "00:04:20,170",
        "text": "good if you were to tell that person\n"
    },
    {
        "number": "136",
        "stopTime": "00:04:25,120",
        "startTime": "00:04:22,030",
        "text": "right now that you love them and that\n"
    },
    {
        "number": "137",
        "stopTime": "00:04:26,860",
        "startTime": "00:04:23,500",
        "text": "you care for them and that's why it's\n"
    },
    {
        "number": "138",
        "stopTime": "00:04:28,720",
        "startTime": "00:04:25,120",
        "text": "really always important to show people\n"
    },
    {
        "number": "139",
        "stopTime": "00:04:31,210",
        "startTime": "00:04:26,860",
        "text": "that and she's like express your love\n"
    },
    {
        "number": "140",
        "stopTime": "00:04:33,040",
        "startTime": "00:04:28,720",
        "text": "for people and for things in your life\n"
    },
    {
        "number": "141",
        "stopTime": "00:04:34,390",
        "startTime": "00:04:31,210",
        "text": "that you're grateful for i also just\n"
    },
    {
        "number": "142",
        "stopTime": "00:04:35,800",
        "startTime": "00:04:33,040",
        "text": "think it's a really good thing in\n"
    },
    {
        "number": "143",
        "stopTime": "00:04:37,870",
        "startTime": "00:04:34,390",
        "text": "general to just try to be a good\n"
    },
    {
        "number": "144",
        "stopTime": "00:04:39,970",
        "startTime": "00:04:35,800",
        "text": "Christian life like I know a lot of\n"
    },
    {
        "number": "145",
        "stopTime": "00:04:42,010",
        "startTime": "00:04:37,870",
        "text": "people on the internet really do not\n"
    },
    {
        "number": "146",
        "stopTime": "00:04:44,470",
        "startTime": "00:04:39,970",
        "text": "like me and I am sorry to dispute but we\n"
    },
    {
        "number": "147",
        "stopTime": "00:04:46,180",
        "startTime": "00:04:42,010",
        "text": "don't like me but I really always do try\n"
    },
    {
        "number": "148",
        "stopTime": "00:04:47,740",
        "startTime": "00:04:44,470",
        "text": "to be a good Christian and to make\n"
    },
    {
        "number": "149",
        "stopTime": "00:04:49,450",
        "startTime": "00:04:46,180",
        "text": "people happy I mean feel like that's a\n"
    },
    {
        "number": "150",
        "stopTime": "00:04:51,100",
        "startTime": "00:04:47,740",
        "text": "good thing to you guys because that way\n"
    },
    {
        "number": "151",
        "stopTime": "00:04:52,900",
        "startTime": "00:04:49,450",
        "text": "you'll be attracting people into your\n"
    },
    {
        "number": "152",
        "stopTime": "00:04:54,880",
        "startTime": "00:04:51,100",
        "text": "life who are also trying to be positive\n"
    },
    {
        "number": "153",
        "stopTime": "00:04:57,220",
        "startTime": "00:04:52,900",
        "text": "towards people and make people happy I\n"
    },
    {
        "number": "154",
        "stopTime": "00:04:59,170",
        "startTime": "00:04:54,880",
        "text": "really feel like as people are just like\n"
    },
    {
        "number": "155",
        "stopTime": "00:05:01,150",
        "startTime": "00:04:57,220",
        "text": "judging you being negative and not being\n"
    },
    {
        "number": "156",
        "stopTime": "00:05:03,190",
        "startTime": "00:04:59,170",
        "text": "nice to you then those aren't any people\n"
    },
    {
        "number": "157",
        "stopTime": "00:05:04,600",
        "startTime": "00:05:01,150",
        "text": "that you want in your life anyway so I\n"
    },
    {
        "number": "158",
        "stopTime": "00:05:05,890",
        "startTime": "00:05:03,190",
        "text": "really feel like it's just important if\n"
    },
    {
        "number": "159",
        "stopTime": "00:05:08,200",
        "startTime": "00:05:04,600",
        "text": "you try to be a good person to reach\n"
    },
    {
        "number": "160",
        "stopTime": "00:05:09,850",
        "startTime": "00:05:05,890",
        "text": "everyone to be nice to people and that\n"
    },
    {
        "number": "161",
        "stopTime": "00:05:13,150",
        "startTime": "00:05:08,200",
        "text": "way you'll attract people into your life\n"
    },
    {
        "number": "162",
        "stopTime": "00:05:14,410",
        "startTime": "00:05:09,850",
        "text": "to actually like should be there it was\n"
    },
    {
        "number": "163",
        "stopTime": "00:05:16,419",
        "startTime": "00:05:13,150",
        "text": "like the right people in your life\n"
    },
    {
        "number": "164",
        "stopTime": "00:05:18,400",
        "startTime": "00:05:14,410",
        "text": "remember if there's lots of ways to meet\n"
    },
    {
        "number": "165",
        "stopTime": "00:05:20,500",
        "startTime": "00:05:16,419",
        "text": "people and fast like even if you feel\n"
    },
    {
        "number": "166",
        "stopTime": "00:05:22,480",
        "startTime": "00:05:18,400",
        "text": "really lonely right now there's tons of\n"
    },
    {
        "number": "167",
        "stopTime": "00:05:24,310",
        "startTime": "00:05:20,500",
        "text": "people out there in the world and when I\n"
    },
    {
        "number": "168",
        "stopTime": "00:05:26,050",
        "startTime": "00:05:22,480",
        "text": "asked for fighting chance or creating\n"
    },
    {
        "number": "169",
        "stopTime": "00:05:27,400",
        "startTime": "00:05:24,310",
        "text": "you're just like whatever yeah I know\n"
    },
    {
        "number": "170",
        "stopTime": "00:05:29,560",
        "startTime": "00:05:26,050",
        "text": "where it's a really big world up there\n"
    },
    {
        "number": "171",
        "stopTime": "00:05:31,330",
        "startTime": "00:05:27,400",
        "text": "and there's so many great people out\n"
    },
    {
        "number": "172",
        "stopTime": "00:05:33,220",
        "startTime": "00:05:29,560",
        "text": "there I really believe that everything\n"
    },
    {
        "number": "173",
        "stopTime": "00:05:34,990",
        "startTime": "00:05:31,330",
        "text": "does happen for a reason and a lot of\n"
    },
    {
        "number": "174",
        "stopTime": "00:05:36,580",
        "startTime": "00:05:33,220",
        "text": "the time to write people just like find\n"
    },
    {
        "number": "175",
        "stopTime": "00:05:38,440",
        "startTime": "00:05:34,990",
        "text": "their way into your life like you just\n"
    },
    {
        "number": "176",
        "stopTime": "00:05:40,450",
        "startTime": "00:05:36,580",
        "text": "have to see what happens and just try to\n"
    },
    {
        "number": "177",
        "stopTime": "00:05:42,370",
        "startTime": "00:05:38,440",
        "text": "stay positive even one that's hard and\n"
    },
    {
        "number": "178",
        "stopTime": "00:05:43,840",
        "startTime": "00:05:40,450",
        "text": "remember things can get better to let\n"
    },
    {
        "number": "179",
        "stopTime": "00:05:45,280",
        "startTime": "00:05:42,370",
        "text": "the internet even though there's some\n"
    },
    {
        "number": "180",
        "stopTime": "00:05:46,990",
        "startTime": "00:05:43,840",
        "text": "really not so nice people on the\n"
    },
    {
        "number": "181",
        "stopTime": "00:05:48,289",
        "startTime": "00:05:45,280",
        "text": "internet there's so many great and nice\n"
    },
    {
        "number": "182",
        "stopTime": "00:05:49,909",
        "startTime": "00:05:46,990",
        "text": "people on the internet\n"
    },
    {
        "number": "183",
        "stopTime": "00:05:51,740",
        "startTime": "00:05:48,289",
        "text": "literally I wouldn't notice so many\n"
    },
    {
        "number": "184",
        "stopTime": "00:05:53,539",
        "startTime": "00:05:49,909",
        "text": "great people that I do know now if it\n"
    },
    {
        "number": "185",
        "stopTime": "00:05:55,189",
        "startTime": "00:05:51,740",
        "text": "wasn't for you internet so remember you\n"
    },
    {
        "number": "186",
        "stopTime": "00:05:56,899",
        "startTime": "00:05:53,539",
        "text": "can always be people online and there's\n"
    },
    {
        "number": "187",
        "stopTime": "00:05:58,399",
        "startTime": "00:05:55,189",
        "text": "tons of great ways to meet people in the\n"
    },
    {
        "number": "188",
        "stopTime": "00:06:00,110",
        "startTime": "00:05:56,899",
        "text": "world I'm not everything the people that\n"
    },
    {
        "number": "189",
        "stopTime": "00:06:01,430",
        "startTime": "00:05:58,399",
        "text": "you're interested in or even people you\n"
    },
    {
        "number": "190",
        "stopTime": "00:06:03,139",
        "startTime": "00:06:00,110",
        "text": "just want to be friends with or just\n"
    },
    {
        "number": "191",
        "stopTime": "00:06:04,610",
        "startTime": "00:06:01,430",
        "text": "like whatever it I really think it's\n"
    },
    {
        "number": "192",
        "stopTime": "00:06:06,319",
        "startTime": "00:06:03,139",
        "text": "cool like when people try to take\n"
    },
    {
        "number": "193",
        "stopTime": "00:06:08,479",
        "startTime": "00:06:04,610",
        "text": "interesting things that that person is\n"
    },
    {
        "number": "194",
        "stopTime": "00:06:10,099",
        "startTime": "00:06:06,319",
        "text": "interested in you guys could find common\n"
    },
    {
        "number": "195",
        "stopTime": "00:06:11,689",
        "startTime": "00:06:08,479",
        "text": "and chest that you guys are both into\n"
    },
    {
        "number": "196",
        "stopTime": "00:06:14,149",
        "startTime": "00:06:10,099",
        "text": "you and I think that's a really great\n"
    },
    {
        "number": "197",
        "stopTime": "00:06:16,669",
        "startTime": "00:06:11,689",
        "text": "way to have a conversation just like to\n"
    },
    {
        "number": "198",
        "stopTime": "00:06:18,439",
        "startTime": "00:06:14,149",
        "text": "talk about things so it feels like\n"
    },
    {
        "number": "199",
        "stopTime": "00:06:19,909",
        "startTime": "00:06:16,669",
        "text": "something that someone that you like is\n"
    },
    {
        "number": "200",
        "stopTime": "00:06:21,529",
        "startTime": "00:06:18,439",
        "text": "really interested in I think it's a\n"
    },
    {
        "number": "201",
        "stopTime": "00:06:23,719",
        "startTime": "00:06:19,909",
        "text": "really cool thing to actually try to\n"
    },
    {
        "number": "202",
        "stopTime": "00:06:25,759",
        "startTime": "00:06:21,529",
        "text": "like the interested in that too and not\n"
    },
    {
        "number": "203",
        "stopTime": "00:06:28,039",
        "startTime": "00:06:23,719",
        "text": "just only five interest the things that\n"
    },
    {
        "number": "204",
        "stopTime": "00:06:29,930",
        "startTime": "00:06:25,759",
        "text": "you're already interested in its all I\n"
    },
    {
        "number": "205",
        "stopTime": "00:06:31,909",
        "startTime": "00:06:28,039",
        "text": "am saying like to like pretend to like\n"
    },
    {
        "number": "206",
        "stopTime": "00:06:33,559",
        "startTime": "00:06:29,930",
        "text": "what that person is liking it might be a\n"
    },
    {
        "number": "207",
        "stopTime": "00:06:35,240",
        "startTime": "00:06:31,909",
        "text": "thing in the world that you actually\n"
    },
    {
        "number": "208",
        "stopTime": "00:06:37,099",
        "startTime": "00:06:33,559",
        "text": "didn't even know you were super\n"
    },
    {
        "number": "209",
        "stopTime": "00:06:38,779",
        "startTime": "00:06:35,240",
        "text": "interested in yet and you don't gives\n"
    },
    {
        "number": "210",
        "stopTime": "00:06:40,550",
        "startTime": "00:06:37,099",
        "text": "new things a chance then you'll never\n"
    },
    {
        "number": "211",
        "stopTime": "00:06:42,229",
        "startTime": "00:06:38,779",
        "text": "know that I'm feeling it's cool to take\n"
    },
    {
        "number": "212",
        "stopTime": "00:06:44,149",
        "startTime": "00:06:40,550",
        "text": "intro and things that other people are\n"
    },
    {
        "number": "213",
        "stopTime": "00:06:45,499",
        "startTime": "00:06:42,229",
        "text": "also interested in and in that way you\n"
    },
    {
        "number": "214",
        "stopTime": "00:06:47,509",
        "startTime": "00:06:44,149",
        "text": "guys can kind of find things that you're\n"
    },
    {
        "number": "215",
        "stopTime": "00:06:49,189",
        "startTime": "00:06:45,499",
        "text": "both commonly interested in and then\n"
    },
    {
        "number": "216",
        "stopTime": "00:06:51,709",
        "startTime": "00:06:47,509",
        "text": "it's a good way to like fall to people\n"
    },
    {
        "number": "217",
        "stopTime": "00:06:53,719",
        "startTime": "00:06:49,189",
        "text": "and makes the relationship I really\n"
    },
    {
        "number": "218",
        "stopTime": "00:06:55,339",
        "startTime": "00:06:51,709",
        "text": "think I should Valentine's Day coming up\n"
    },
    {
        "number": "219",
        "stopTime": "00:06:57,169",
        "startTime": "00:06:53,719",
        "text": "I know they just think it's a very good\n"
    },
    {
        "number": "220",
        "stopTime": "00:06:58,999",
        "startTime": "00:06:55,339",
        "text": "thing to remember that even if you're\n"
    },
    {
        "number": "221",
        "stopTime": "00:07:01,309",
        "startTime": "00:06:57,169",
        "text": "single or if you are in a relationship\n"
    },
    {
        "number": "222",
        "stopTime": "00:07:02,870",
        "startTime": "00:06:58,999",
        "text": "or just whatever just like remember the\n"
    },
    {
        "number": "223",
        "stopTime": "00:07:04,939",
        "startTime": "00:07:01,309",
        "text": "important people in your life that you\n"
    },
    {
        "number": "224",
        "stopTime": "00:07:06,919",
        "startTime": "00:07:02,870",
        "text": "do care about and even if you feel like\n"
    },
    {
        "number": "225",
        "stopTime": "00:07:08,149",
        "startTime": "00:07:04,939",
        "text": "there's like nobody right now I'm you\n"
    },
    {
        "number": "226",
        "stopTime": "00:07:10,219",
        "startTime": "00:07:06,919",
        "text": "feel really alone because I know\n"
    },
    {
        "number": "227",
        "stopTime": "00:07:12,259",
        "startTime": "00:07:08,149",
        "text": "sometimes it can be really easily to\n"
    },
    {
        "number": "228",
        "stopTime": "00:07:13,849",
        "startTime": "00:07:10,219",
        "text": "feel like lonely and feel very alone in\n"
    },
    {
        "number": "229",
        "stopTime": "00:07:15,830",
        "startTime": "00:07:12,259",
        "text": "the world but just remember there is\n"
    },
    {
        "number": "230",
        "stopTime": "00:07:18,439",
        "startTime": "00:07:13,849",
        "text": "seriously always people out there that\n"
    },
    {
        "number": "231",
        "stopTime": "00:07:20,449",
        "startTime": "00:07:15,830",
        "text": "care about you I care about you and a\n"
    },
    {
        "number": "232",
        "stopTime": "00:07:22,309",
        "startTime": "00:07:18,439",
        "text": "lot of people you care about you just\n"
    },
    {
        "number": "233",
        "stopTime": "00:07:24,080",
        "startTime": "00:07:20,449",
        "text": "always remember that and trying to stay\n"
    },
    {
        "number": "234",
        "stopTime": "00:07:26,119",
        "startTime": "00:07:22,309",
        "text": "as positive as you can I really hope\n"
    },
    {
        "number": "235",
        "stopTime": "00:07:27,649",
        "startTime": "00:07:24,080",
        "text": "that you guys enjoyed this video if you\n"
    },
    {
        "number": "236",
        "stopTime": "00:07:29,209",
        "startTime": "00:07:26,119",
        "text": "did to make sure that you give it a\n"
    },
    {
        "number": "237",
        "stopTime": "00:07:31,039",
        "startTime": "00:07:27,649",
        "text": "thumbs up so I know that you liked it\n"
    },
    {
        "number": "238",
        "stopTime": "00:07:32,539",
        "startTime": "00:07:29,209",
        "text": "also subscribe to my youtube channel if\n"
    },
    {
        "number": "239",
        "stopTime": "00:07:34,819",
        "startTime": "00:07:31,039",
        "text": "you like snow and I put civilians\n"
    },
    {
        "number": "240",
        "stopTime": "00:07:36,439",
        "startTime": "00:07:32,539",
        "text": "because i miss new videos a lot also if\n"
    },
    {
        "number": "241",
        "stopTime": "00:07:38,349",
        "startTime": "00:07:34,819",
        "text": "you'd like to you can actually press the\n"
    },
    {
        "number": "242",
        "stopTime": "00:07:41,869",
        "startTime": "00:07:36,439",
        "text": "bell icon and then you'll be notified\n"
    },
    {
        "number": "243",
        "stopTime": "00:07:42,790",
        "startTime": "00:07:38,349",
        "text": "whenever I post a new video and yeah all\n"
    },
    {
        "number": "244",
        "stopTime": "00:07:44,650",
        "startTime": "00:07:41,869",
        "text": "right I said you know\n"
    },
    {
        "number": "245",
        "stopTime": "00:07:47,840",
        "startTime": "00:07:42,790",
        "text": "unless i'll see you in my next video\n"
    },
    {
        "number": "246",
        "stopTime": "00:07:52,130",
        "startTime": "00:07:44,650",
        "text": "okay five\n"
    },
    {
        "number": "247",
        "stopTime": "00:07:52,130",
        "startTime": "00:07:47,840",
        "text": "[Music]\n"
    },
    {
        "number": "248",
        "stopTime": "00:08:02,930",
        "startTime": "00:08:00,870",
        "text": "bye\n"
    },
    {
        "number": "249",
        "stopTime": "00:08:07,939",
        "startTime": "00:08:03,620",
        "text": "[Music]\n"
    }
]