{
    "sentiment_analysis": [
        {
            "positive": [
                {
                    "sentiment": "like the perfect time",
                    "topic": null,
                    "score": 0.88224907438536,
                    "original_text": "it's like the perfect time",
                    "original_length": 26,
                    "normalized_text": "it's like the perfect time",
                    "normalized_length": 26,
                    "offset": 293
                },
                {
                    "sentiment": "good",
                    "topic": "job",
                    "score": 0.63490223580739,
                    "original_text": "good job",
                    "original_length": 8,
                    "normalized_text": "good job",
                    "normalized_length": 8,
                    "offset": 540
                },
                {
                    "sentiment": "kind of ",
                    "topic": null,
                    "score": 0.0016962376972446,
                    "original_text": "it's kind of ",
                    "original_length": 13,
                    "normalized_text": "it's kind of ",
                    "normalized_length": 13,
                    "offset": 656
                },
                {
                    "sentiment": "a good job",
                    "topic": null,
                    "score": 0.87920443269923,
                    "original_text": "such a good job",
                    "original_length": 15,
                    "normalized_text": "such a good job",
                    "normalized_length": 15,
                    "offset": 731
                },
                {
                    "sentiment": "love kind of",
                    "topic": "advice",
                    "score": 0.74769103699741,
                    "original_text": "love kind of advice",
                    "original_length": 19,
                    "normalized_text": "love kind of advice",
                    "normalized_length": 19,
                    "offset": 962
                },
                {
                    "sentiment": "re interested in",
                    "topic": null,
                    "score": 0.57345066344102,
                    "original_text": "you're interested in",
                    "original_length": 20,
                    "normalized_text": "you're interested in",
                    "normalized_length": 20,
                    "offset": 1321
                },
                {
                    "sentiment": "super super",
                    "topic": null,
                    "score": 0.95172166656365,
                    "original_text": "is super super",
                    "original_length": 14,
                    "normalized_text": "is super super",
                    "normalized_length": 14,
                    "offset": 1469
                },
                {
                    "sentiment": "good",
                    "topic": null,
                    "score": 0.79813669994825,
                    "original_text": "it is good",
                    "original_length": 10,
                    "normalized_text": "it is good",
                    "normalized_length": 10,
                    "offset": 2574
                },
                {
                    "sentiment": "improve",
                    "topic": "yourself and try to delete",
                    "score": 0.79233520429398,
                    "original_text": "improve yourself and try to delete",
                    "original_length": 34,
                    "normalized_text": "improve yourself and try to delete",
                    "normalized_length": 34,
                    "offset": 2603
                },
                {
                    "sentiment": "best",
                    "topic": "version of yourself",
                    "score": 0.77868568173168,
                    "original_text": "best version of yourself",
                    "original_length": 24,
                    "normalized_text": "best version of yourself",
                    "normalized_length": 24,
                    "offset": 2643
                },
                {
                    "sentiment": "be a good person",
                    "topic": null,
                    "score": 0.76762664846281,
                    "original_text": "be a good person",
                    "original_length": 16,
                    "normalized_text": "be a good person",
                    "normalized_length": 16,
                    "offset": 2729
                },
                {
                    "sentiment": "like",
                    "topic": null,
                    "score": 0.60858454666352,
                    "original_text": "you like",
                    "original_length": 8,
                    "normalized_text": "you like",
                    "normalized_length": 8,
                    "offset": 2998
                },
                {
                    "sentiment": "be truly liking",
                    "topic": null,
                    "score": 0.90258715778194,
                    "original_text": "be truly liking you",
                    "original_length": 19,
                    "normalized_text": "be truly liking you",
                    "normalized_length": 19,
                    "offset": 3079
                },
                {
                    "sentiment": "truly love",
                    "topic": null,
                    "score": 0.93138008261934,
                    "original_text": "truly love who",
                    "original_length": 14,
                    "normalized_text": "truly love who",
                    "normalized_length": 14,
                    "offset": 3129
                },
                {
                    "sentiment": "the beautiful",
                    "topic": "person",
                    "score": 0.67489840558231,
                    "original_text": "the beautiful person",
                    "original_length": 20,
                    "normalized_text": "the beautiful person",
                    "normalized_length": 20,
                    "offset": 3157
                },
                {
                    "sentiment": "totally okay",
                    "topic": null,
                    "score": 0.7911599480502,
                    "original_text": "that's totally okay",
                    "original_length": 19,
                    "normalized_text": "that's totally okay",
                    "normalized_length": 19,
                    "offset": 3334
                },
                {
                    "sentiment": "okay",
                    "topic": null,
                    "score": 0.57345066344102,
                    "original_text": "it's okay",
                    "original_length": 9,
                    "normalized_text": "it's okay",
                    "normalized_length": 9,
                    "offset": 3383
                },
                {
                    "sentiment": "super",
                    "topic": null,
                    "score": 0.85825242038059,
                    "original_text": "it's super",
                    "original_length": 10,
                    "normalized_text": "it's super",
                    "normalized_length": 10,
                    "offset": 3562
                },
                {
                    "sentiment": "happy",
                    "topic": null,
                    "score": 0.75357729701026,
                    "original_text": "be happy",
                    "original_length": 8,
                    "normalized_text": "be happy",
                    "normalized_length": 8,
                    "offset": 3756
                },
                {
                    "sentiment": "love",
                    "topic": null,
                    "score": 0.8401344326865,
                    "original_text": "that love you",
                    "original_length": 13,
                    "normalized_text": "that love you",
                    "normalized_length": 13,
                    "offset": 3918
                },
                {
                    "sentiment": "okay",
                    "topic": null,
                    "score": 0.57345066344102,
                    "original_text": "it's okay",
                    "original_length": 9,
                    "normalized_text": "it's okay",
                    "normalized_length": 9,
                    "offset": 4154
                },
                {
                    "sentiment": "re interested in",
                    "topic": null,
                    "score": 0.57345066344102,
                    "original_text": "you're interested in",
                    "original_length": 20,
                    "normalized_text": "you're interested in",
                    "normalized_length": 20,
                    "offset": 4281
                },
                {
                    "sentiment": "care about",
                    "topic": null,
                    "score": 0.79233520429398,
                    "original_text": "you care about them",
                    "original_length": 19,
                    "normalized_text": "you care about them",
                    "normalized_length": 19,
                    "offset": 4486
                },
                {
                    "sentiment": "love",
                    "topic": null,
                    "score": 0.8401344326865,
                    "original_text": "you love them",
                    "original_length": 13,
                    "normalized_text": "you love them",
                    "normalized_length": 13,
                    "offset": 4529
                },
                {
                    "sentiment": "nice",
                    "topic": "things for people",
                    "score": 0.63490223580739,
                    "original_text": "nice things for people",
                    "original_length": 22,
                    "normalized_text": "nice things for people",
                    "normalized_length": 22,
                    "offset": 4559
                },
                {
                    "sentiment": "can make people so happy",
                    "topic": null,
                    "score": 0.66099706301368,
                    "original_text": "you can make people so happy",
                    "original_length": 28,
                    "normalized_text": "you can make people so happy",
                    "normalized_length": 28,
                    "offset": 4644
                },
                {
                    "sentiment": "nice",
                    "topic": "things",
                    "score": 0.63490223580739,
                    "original_text": "nice things",
                    "original_length": 11,
                    "normalized_text": "nice things",
                    "normalized_length": 11,
                    "offset": 4683
                },
                {
                    "sentiment": "be a good person",
                    "topic": null,
                    "score": 0.76762664846281,
                    "original_text": "be a good person",
                    "original_length": 16,
                    "normalized_text": "be a good person",
                    "normalized_length": 16,
                    "offset": 4756
                },
                {
                    "sentiment": "so-nice",
                    "topic": "things",
                    "score": 0.75194424660065,
                    "original_text": "so-nice things",
                    "original_length": 14,
                    "normalized_text": "so-nice things",
                    "normalized_length": 14,
                    "offset": 4862
                },
                {
                    "sentiment": "a nice",
                    "topic": null,
                    "score": 0.71594822248919,
                    "original_text": "be a nice",
                    "original_length": 9,
                    "normalized_text": "be a nice",
                    "normalized_length": 9,
                    "offset": 4987
                },
                {
                    "sentiment": "do care about",
                    "topic": null,
                    "score": 0.79233520429398,
                    "original_text": "do care about them",
                    "original_length": 18,
                    "normalized_text": "do care about them",
                    "normalized_length": 18,
                    "offset": 5039
                },
                {
                    "sentiment": "loved",
                    "topic": null,
                    "score": 0.8401344326865,
                    "original_text": "you loved it",
                    "original_length": 12,
                    "normalized_text": "you loved it",
                    "normalized_length": 12,
                    "offset": 5084
                },
                {
                    "sentiment": "love",
                    "topic": null,
                    "score": 0.8401344326865,
                    "original_text": "you love them",
                    "original_length": 13,
                    "normalized_text": "you love them",
                    "normalized_length": 13,
                    "offset": 5321
                },
                {
                    "sentiment": "care for",
                    "topic": null,
                    "score": 0.79233520429398,
                    "original_text": "you care for them",
                    "original_length": 17,
                    "normalized_text": "you care for them",
                    "normalized_length": 17,
                    "offset": 5345
                },
                {
                    "sentiment": "grateful",
                    "topic": null,
                    "score": 0.85825242038059,
                    "original_text": "you're grateful",
                    "original_length": 15,
                    "normalized_text": "you're grateful",
                    "normalized_length": 15,
                    "offset": 5508
                },
                {
                    "sentiment": "a really good thing",
                    "topic": null,
                    "score": 0.90625640126623,
                    "original_text": "it's a really good thing",
                    "original_length": 24,
                    "normalized_text": "it's a really good thing",
                    "normalized_length": 24,
                    "offset": 5547
                },
                {
                    "sentiment": "a good",
                    "topic": null,
                    "score": 0.71594822248919,
                    "original_text": "be a good",
                    "original_length": 9,
                    "normalized_text": "be a good",
                    "normalized_length": 9,
                    "offset": 5599
                },
                {
                    "sentiment": "be a good Christian",
                    "topic": null,
                    "score": 0.76762664846281,
                    "original_text": "be a good Christian",
                    "original_length": 19,
                    "normalized_text": "be a good Christian",
                    "normalized_length": 19,
                    "offset": 5772
                },
                {
                    "sentiment": "good",
                    "topic": "thing",
                    "score": 0.63490223580739,
                    "original_text": "good thing",
                    "original_length": 10,
                    "normalized_text": "good thing",
                    "normalized_length": 10,
                    "offset": 5845
                },
                {
                    "sentiment": "positive",
                    "topic": null,
                    "score": 0.70933685150655,
                    "original_text": "be positive",
                    "original_length": 11,
                    "normalized_text": "be positive",
                    "normalized_length": 11,
                    "offset": 5953
                },
                {
                    "sentiment": "be a good person",
                    "topic": null,
                    "score": 0.76762664846281,
                    "original_text": "be a good person",
                    "original_length": 16,
                    "normalized_text": "be a good person",
                    "normalized_length": 16,
                    "offset": 6224
                },
                {
                    "sentiment": "nice",
                    "topic": null,
                    "score": 0.71594822248919,
                    "original_text": "be nice",
                    "original_length": 7,
                    "normalized_text": "be nice",
                    "normalized_length": 7,
                    "offset": 6263
                },
                {
                    "sentiment": "like the right",
                    "topic": "people in your life",
                    "score": 0.41366197954986,
                    "original_text": "like the right people in your life",
                    "original_length": 34,
                    "normalized_text": "like the right people in your life",
                    "normalized_length": 34,
                    "offset": 6374
                },
                {
                    "sentiment": "so many great",
                    "topic": null,
                    "score": 0.97090755049327,
                    "original_text": "there's so many great",
                    "original_length": 21,
                    "normalized_text": "there's so many great",
                    "normalized_length": 21,
                    "offset": 6696
                },
                {
                    "sentiment": "positive",
                    "topic": null,
                    "score": 0.70933685150655,
                    "original_text": "stay positive even",
                    "original_length": 18,
                    "normalized_text": "stay positive even",
                    "normalized_length": 18,
                    "offset": 6932
                },
                {
                    "sentiment": "can get better to",
                    "topic": "things",
                    "score": 0.46377052838785,
                    "original_text": "things can get better to",
                    "original_length": 24,
                    "normalized_text": "things can get better to",
                    "normalized_length": 24,
                    "offset": 6981
                },
                {
                    "sentiment": "so many great and nice",
                    "topic": null,
                    "score": 1,
                    "original_text": "there's so many great and nice",
                    "original_length": 30,
                    "normalized_text": "there's so many great and nice",
                    "normalized_length": 30,
                    "offset": 7093
                },
                {
                    "sentiment": "great ways",
                    "topic": null,
                    "score": 0.48140488590501,
                    "original_text": "great ways",
                    "original_length": 10,
                    "normalized_text": "great ways",
                    "normalized_length": 10,
                    "offset": 7315
                },
                {
                    "sentiment": "re interested in",
                    "topic": null,
                    "score": 0.57345066344102,
                    "original_text": "you're interested in",
                    "original_length": 20,
                    "normalized_text": "you're interested in",
                    "normalized_length": 20,
                    "offset": 7391
                },
                {
                    "sentiment": "interesting",
                    "topic": "things that that person",
                    "score": 0.62801457251814,
                    "original_text": "interesting things that that person",
                    "original_length": 35,
                    "normalized_text": "interesting things that that person",
                    "normalized_length": 35,
                    "offset": 7543
                },
                {
                    "sentiment": "interested in",
                    "topic": null,
                    "score": 0.57345066344102,
                    "original_text": "interested in you",
                    "original_length": 17,
                    "normalized_text": "interested in you",
                    "normalized_length": 17,
                    "offset": 7583
                },
                {
                    "sentiment": "a really great",
                    "topic": null,
                    "score": 0.96393286906464,
                    "original_text": "that's a really great",
                    "original_length": 21,
                    "normalized_text": "that's a really great",
                    "normalized_length": 21,
                    "offset": 7680
                },
                {
                    "sentiment": "like is",
                    "topic": null,
                    "score": 0.60858454666352,
                    "original_text": "you like is",
                    "original_length": 11,
                    "normalized_text": "you like is",
                    "normalized_length": 11,
                    "offset": 7808
                },
                {
                    "sentiment": "really cool",
                    "topic": "thing",
                    "score": 0.77868568173168,
                    "original_text": "really cool thing",
                    "original_length": 17,
                    "normalized_text": "really cool thing",
                    "normalized_length": 17,
                    "offset": 7858
                },
                {
                    "sentiment": "interested in",
                    "topic": null,
                    "score": 0.57345066344102,
                    "original_text": "interested in that too",
                    "original_length": 22,
                    "normalized_text": "interested in that too",
                    "normalized_length": 22,
                    "offset": 7905
                },
                {
                    "sentiment": "re already interested in",
                    "topic": null,
                    "score": 0.671098026051,
                    "original_text": "you're already interested in",
                    "original_length": 28,
                    "normalized_text": "you're already interested in",
                    "normalized_length": 28,
                    "offset": 7978
                },
                {
                    "sentiment": "is liking",
                    "topic": null,
                    "score": 0.79233520429398,
                    "original_text": "what that person is liking it",
                    "original_length": 29,
                    "normalized_text": "what that person is liking it",
                    "normalized_length": 29,
                    "offset": 8058
                },
                {
                    "sentiment": "super",
                    "topic": null,
                    "score": 0.85825242038059,
                    "original_text": "you were super",
                    "original_length": 14,
                    "normalized_text": "you were super",
                    "normalized_length": 14,
                    "offset": 8155
                },
                {
                    "sentiment": "cool",
                    "topic": null,
                    "score": 0.79233520429398,
                    "original_text": "it's cool",
                    "original_length": 9,
                    "normalized_text": "it's cool",
                    "normalized_length": 9,
                    "offset": 8271
                },
                {
                    "sentiment": "a good way",
                    "topic": null,
                    "score": 0.79813669994825,
                    "original_text": "it's a good way",
                    "original_length": 15,
                    "normalized_text": "it's a good way",
                    "normalized_length": 15,
                    "offset": 8450
                },
                {
                    "sentiment": "a very good",
                    "topic": null,
                    "score": 0.90625640126623,
                    "original_text": "it's a very good",
                    "original_length": 16,
                    "normalized_text": "it's a very good",
                    "normalized_length": 16,
                    "offset": 8592
                },
                {
                    "sentiment": "can be really easily to",
                    "topic": null,
                    "score": 0.61547201629168,
                    "original_text": "it can be really easily to",
                    "original_length": 26,
                    "normalized_text": "it can be really easily to",
                    "normalized_length": 26,
                    "offset": 8894
                },
                {
                    "sentiment": "care about",
                    "topic": null,
                    "score": 0.79233520429398,
                    "original_text": "care about you",
                    "original_length": 14,
                    "normalized_text": "care about you",
                    "normalized_length": 14,
                    "offset": 9041
                },
                {
                    "sentiment": "care about",
                    "topic": null,
                    "score": 0.79233520429398,
                    "original_text": "I care about you",
                    "original_length": 16,
                    "normalized_text": "I care about you",
                    "normalized_length": 16,
                    "offset": 9056
                },
                {
                    "sentiment": "care about",
                    "topic": null,
                    "score": 0.84484659729366,
                    "original_text": "you care about you just",
                    "original_length": 23,
                    "normalized_text": "you care about you just",
                    "normalized_length": 23,
                    "offset": 9094
                },
                {
                    "sentiment": "enjoyed",
                    "topic": "this video",
                    "score": 0.83035851058597,
                    "original_text": "guys enjoyed this video",
                    "original_length": 23,
                    "normalized_text": "guys enjoyed this video",
                    "normalized_length": 23,
                    "offset": 9207
                },
                {
                    "sentiment": "thumbs up",
                    "topic": null,
                    "score": 0.45936438213232,
                    "original_text": "thumbs up",
                    "original_length": 9,
                    "normalized_text": "thumbs up",
                    "normalized_length": 9,
                    "offset": 9276
                },
                {
                    "sentiment": "liked",
                    "topic": null,
                    "score": 0.79233520429398,
                    "original_text": "you liked it",
                    "original_length": 12,
                    "normalized_text": "you liked it",
                    "normalized_length": 12,
                    "offset": 9301
                },
                {
                    "sentiment": "like snow",
                    "topic": null,
                    "score": 0.60858454666352,
                    "original_text": "you like snow",
                    "original_length": 13,
                    "normalized_text": "you like snow",
                    "normalized_length": 13,
                    "offset": 9356
                }
            ],
            "negative": [
                {
                    "sentiment": "like mess with",
                    "topic": null,
                    "score": -0.85612532535118,
                    "original_text": "like mess with it too much",
                    "original_length": 26,
                    "normalized_text": "like mess with it too much",
                    "normalized_length": 26,
                    "offset": 775
                },
                {
                    "sentiment": "unfortunately",
                    "topic": null,
                    "score": -0.56857996205272,
                    "original_text": "unfortunately",
                    "original_length": 13,
                    "normalized_text": "unfortunately",
                    "normalized_length": 13,
                    "offset": 1950
                },
                {
                    "sentiment": "doesn't accept",
                    "topic": null,
                    "score": -0.046714077474846,
                    "original_text": "if somebody doesn't accept",
                    "original_length": 26,
                    "normalized_text": "if somebody doesn't accept",
                    "normalized_length": 26,
                    "offset": 2167
                },
                {
                    "sentiment": "re doing really bad",
                    "topic": null,
                    "score": -0.030355674421412,
                    "original_text": "unless you're doing really bad things",
                    "original_length": 37,
                    "normalized_text": "unless you're doing really bad things",
                    "normalized_length": 37,
                    "offset": 2432
                },
                {
                    "sentiment": "have felt so bad for",
                    "topic": null,
                    "score": -0.78760421502865,
                    "original_text": "because you have felt so bad for",
                    "original_length": 32,
                    "normalized_text": "because you have felt so bad for",
                    "normalized_length": 32,
                    "offset": 4107
                },
                {
                    "sentiment": "sorry",
                    "topic": null,
                    "score": -0.79233520429398,
                    "original_text": "I am sorry",
                    "original_length": 10,
                    "normalized_text": "I am sorry",
                    "normalized_length": 10,
                    "offset": 5697
                },
                {
                    "sentiment": "mean",
                    "topic": "feel",
                    "score": -0.62801457251814,
                    "original_text": "mean feel",
                    "original_length": 9,
                    "normalized_text": "mean feel",
                    "normalized_length": 9,
                    "offset": 5820
                },
                {
                    "sentiment": "negative",
                    "topic": null,
                    "score": -0.79233520429398,
                    "original_text": "you being negative",
                    "original_length": 18,
                    "normalized_text": "you being negative",
                    "normalized_length": 18,
                    "offset": 6056
                },
                {
                    "sentiment": "really not so nice",
                    "topic": "people",
                    "score": -0.48775395148932,
                    "original_text": "really not so nice people",
                    "original_length": 25,
                    "normalized_text": "really not so nice people",
                    "normalized_length": 25,
                    "offset": 7050
                },
                {
                    "sentiment": "like lonely",
                    "topic": null,
                    "score": -0.70933685150655,
                    "original_text": "feel like lonely",
                    "original_length": 16,
                    "normalized_text": "feel like lonely",
                    "normalized_length": 16,
                    "offset": 8922
                }
            ],
            "aggregate": {
                "sentiment": "positive",
                "score": 0.56483284958113
            }
        }
    ]
}