[
    {
        "number": "1",
        "stopTime": "00:00:04,259",
        "startTime": "00:00:00,000",
        "text": "hey guys it's Eugenia so today I'm going\n"
    },
    {
        "number": "2",
        "stopTime": "00:00:06,000",
        "startTime": "00:00:02,220",
        "text": "to be doing a story time video where I'm\n"
    },
    {
        "number": "3",
        "stopTime": "00:00:09,059",
        "startTime": "00:00:04,259",
        "text": "going to be telling you guys something\n"
    },
    {
        "number": "4",
        "stopTime": "00:00:11,460",
        "startTime": "00:00:06,000",
        "text": "pretty crazy that happened to me so yeah\n"
    },
    {
        "number": "5",
        "stopTime": "00:00:13,740",
        "startTime": "00:00:09,059",
        "text": "by the way guys also I actually got a\n"
    },
    {
        "number": "6",
        "stopTime": "00:00:16,199",
        "startTime": "00:00:11,460",
        "text": "haircut today so if my hair looks any\n"
    },
    {
        "number": "7",
        "stopTime": "00:00:17,850",
        "startTime": "00:00:13,740",
        "text": "different than a totally why when I very\n"
    },
    {
        "number": "8",
        "stopTime": "00:00:20,490",
        "startTime": "00:00:16,199",
        "text": "cut my hair I don't really cut it very\n"
    },
    {
        "number": "9",
        "stopTime": "00:00:22,380",
        "startTime": "00:00:17,850",
        "text": "much because I like I'm here to be\n"
    },
    {
        "number": "10",
        "stopTime": "00:00:25,109",
        "startTime": "00:00:20,490",
        "text": "pretty wall but yeah I got a haircut\n"
    },
    {
        "number": "11",
        "stopTime": "00:00:26,760",
        "startTime": "00:00:22,380",
        "text": "today so it's another thing I did so\n"
    },
    {
        "number": "12",
        "stopTime": "00:00:28,920",
        "startTime": "00:00:25,109",
        "text": "basically today though before i even\n"
    },
    {
        "number": "13",
        "stopTime": "00:00:31,410",
        "startTime": "00:00:26,760",
        "text": "went to get my hair done i was actually\n"
    },
    {
        "number": "14",
        "stopTime": "00:00:34,230",
        "startTime": "00:00:28,920",
        "text": "at the police department because i had\n"
    },
    {
        "number": "15",
        "stopTime": "00:00:36,540",
        "startTime": "00:00:31,410",
        "text": "to go in there because of what happened\n"
    },
    {
        "number": "16",
        "stopTime": "00:00:38,550",
        "startTime": "00:00:34,230",
        "text": "pretty much so as you can see by the\n"
    },
    {
        "number": "17",
        "stopTime": "00:00:40,290",
        "startTime": "00:00:36,540",
        "text": "title of this video this sounds like\n"
    },
    {
        "number": "18",
        "stopTime": "00:00:42,390",
        "startTime": "00:00:38,550",
        "text": "it's a pretty crazy thing that happened\n"
    },
    {
        "number": "19",
        "stopTime": "00:00:44,399",
        "startTime": "00:00:40,290",
        "text": "so a week ago if you guys didn't know I\n"
    },
    {
        "number": "20",
        "stopTime": "00:00:45,899",
        "startTime": "00:00:42,390",
        "text": "was actually in Disney World I know\n"
    },
    {
        "number": "21",
        "stopTime": "00:00:47,640",
        "startTime": "00:00:44,399",
        "text": "probably some of you guys might think\n"
    },
    {
        "number": "22",
        "stopTime": "00:00:49,770",
        "startTime": "00:00:45,899",
        "text": "it's really weird that i've been disney\n"
    },
    {
        "number": "23",
        "stopTime": "00:00:52,530",
        "startTime": "00:00:47,640",
        "text": "was so often but my brother is like\n"
    },
    {
        "number": "24",
        "stopTime": "00:00:54,870",
        "startTime": "00:00:49,770",
        "text": "really really into disney so that's why\n"
    },
    {
        "number": "25",
        "stopTime": "00:00:56,820",
        "startTime": "00:00:52,530",
        "text": "I'm there I'd a lot but yeah I was there\n"
    },
    {
        "number": "26",
        "stopTime": "00:00:58,680",
        "startTime": "00:00:54,870",
        "text": "and then I randomly got this phone call\n"
    },
    {
        "number": "27",
        "stopTime": "00:01:00,180",
        "startTime": "00:00:56,820",
        "text": "because I'm being on the internet like\n"
    },
    {
        "number": "28",
        "stopTime": "00:01:01,800",
        "startTime": "00:00:58,680",
        "text": "there's a lot of really good things to\n"
    },
    {
        "number": "29",
        "stopTime": "00:01:03,329",
        "startTime": "00:01:00,180",
        "text": "come from the internet and I really\n"
    },
    {
        "number": "30",
        "stopTime": "00:01:06,119",
        "startTime": "00:01:01,800",
        "text": "loved getting to make videos for you\n"
    },
    {
        "number": "31",
        "stopTime": "00:01:08,340",
        "startTime": "00:01:03,329",
        "text": "guys but also online sometimes some\n"
    },
    {
        "number": "32",
        "stopTime": "00:01:10,799",
        "startTime": "00:01:06,119",
        "text": "really really bad not-so-great things\n"
    },
    {
        "number": "33",
        "stopTime": "00:01:13,830",
        "startTime": "00:01:08,340",
        "text": "can happen like I had to really like\n"
    },
    {
        "number": "34",
        "stopTime": "00:01:15,299",
        "startTime": "00:01:10,799",
        "text": "weird things like kind of done to me and\n"
    },
    {
        "number": "35",
        "stopTime": "00:01:17,520",
        "startTime": "00:01:13,830",
        "text": "things that have happened from being\n"
    },
    {
        "number": "36",
        "stopTime": "00:01:20,970",
        "startTime": "00:01:15,299",
        "text": "online like I've had like SWAT team sent\n"
    },
    {
        "number": "37",
        "stopTime": "00:01:22,740",
        "startTime": "00:01:17,520",
        "text": "to my house I've had a weird letters and\n"
    },
    {
        "number": "38",
        "stopTime": "00:01:24,960",
        "startTime": "00:01:20,970",
        "text": "things like that sense in my house I've\n"
    },
    {
        "number": "39",
        "stopTime": "00:01:27,240",
        "startTime": "00:01:22,740",
        "text": "had people kind of be able to like spy\n"
    },
    {
        "number": "40",
        "stopTime": "00:01:29,460",
        "startTime": "00:01:24,960",
        "text": "on me on my computer and I've had\n"
    },
    {
        "number": "41",
        "stopTime": "00:01:32,340",
        "startTime": "00:01:27,240",
        "text": "hackers which is really really not fun\n"
    },
    {
        "number": "42",
        "stopTime": "00:01:35,070",
        "startTime": "00:01:29,460",
        "text": "so yeah just like a lot of stuff so yeah\n"
    },
    {
        "number": "43",
        "stopTime": "00:01:37,049",
        "startTime": "00:01:32,340",
        "text": "so this day I was getting a phone call\n"
    },
    {
        "number": "44",
        "stopTime": "00:01:39,180",
        "startTime": "00:01:35,070",
        "text": "from a number that I did it really\n"
    },
    {
        "number": "45",
        "stopTime": "00:01:40,740",
        "startTime": "00:01:37,049",
        "text": "recognized sometimes like another thing\n"
    },
    {
        "number": "46",
        "stopTime": "00:01:43,049",
        "startTime": "00:01:39,180",
        "text": "that will happen to me is I'll get a lot\n"
    },
    {
        "number": "47",
        "stopTime": "00:01:45,000",
        "startTime": "00:01:40,740",
        "text": "of like phone calls from unknown numbers\n"
    },
    {
        "number": "48",
        "stopTime": "00:01:47,159",
        "startTime": "00:01:43,049",
        "text": "and then when I answer them it just\n"
    },
    {
        "number": "49",
        "stopTime": "00:01:48,990",
        "startTime": "00:01:45,000",
        "text": "turns out that like the person won't\n"
    },
    {
        "number": "50",
        "stopTime": "00:01:51,270",
        "startTime": "00:01:47,159",
        "text": "tell me who they are and they just kind\n"
    },
    {
        "number": "51",
        "stopTime": "00:01:53,159",
        "startTime": "00:01:48,990",
        "text": "of don't say anything so that's like\n"
    },
    {
        "number": "52",
        "stopTime": "00:01:55,500",
        "startTime": "00:01:51,270",
        "text": "another thing that I guess happens from\n"
    },
    {
        "number": "53",
        "stopTime": "00:01:57,509",
        "startTime": "00:01:53,159",
        "text": "being online sometimes yeah I answered\n"
    },
    {
        "number": "54",
        "stopTime": "00:01:59,490",
        "startTime": "00:01:55,500",
        "text": "it and it turned out that they told me\n"
    },
    {
        "number": "55",
        "stopTime": "00:02:01,409",
        "startTime": "00:01:57,509",
        "text": "that they were actually the police with\n"
    },
    {
        "number": "56",
        "stopTime": "00:02:03,240",
        "startTime": "00:01:59,490",
        "text": "one of those like weird kind of thing\n"
    },
    {
        "number": "57",
        "stopTime": "00:02:05,609",
        "startTime": "00:02:01,409",
        "text": "that happened a couple of years ago when\n"
    },
    {
        "number": "58",
        "stopTime": "00:02:07,770",
        "startTime": "00:02:03,240",
        "text": "I actually got swatted it was like this\n"
    },
    {
        "number": "59",
        "stopTime": "00:02:10,649",
        "startTime": "00:02:05,609",
        "text": "whole super super crazy thing like it\n"
    },
    {
        "number": "60",
        "stopTime": "00:02:12,269",
        "startTime": "00:02:07,770",
        "text": "was this probably onion to guy and he\n"
    },
    {
        "number": "61",
        "stopTime": "00:02:14,069",
        "startTime": "00:02:10,649",
        "text": "started telling me all this crazy stuff\n"
    },
    {
        "number": "62",
        "stopTime": "00:02:16,290",
        "startTime": "00:02:12,269",
        "text": "and all this stuff he was gonna do to me\n"
    },
    {
        "number": "63",
        "stopTime": "00:02:18,780",
        "startTime": "00:02:14,069",
        "text": "and I was gonna send the SWAT team to my\n"
    },
    {
        "number": "64",
        "stopTime": "00:02:20,459",
        "startTime": "00:02:16,290",
        "text": "house but I think he would actually do\n"
    },
    {
        "number": "65",
        "stopTime": "00:02:22,680",
        "startTime": "00:02:18,780",
        "text": "it because at the time I really didn't\n"
    },
    {
        "number": "66",
        "stopTime": "00:02:24,150",
        "startTime": "00:02:20,459",
        "text": "know anything about swatting I didn't\n"
    },
    {
        "number": "67",
        "stopTime": "00:02:26,640",
        "startTime": "00:02:22,680",
        "text": "even know I knew it was a thing or how\n"
    },
    {
        "number": "68",
        "stopTime": "00:02:28,500",
        "startTime": "00:02:24,150",
        "text": "it worked for anything like that but it\n"
    },
    {
        "number": "69",
        "stopTime": "00:02:30,090",
        "startTime": "00:02:26,640",
        "text": "turned out he was kind of telling the\n"
    },
    {
        "number": "70",
        "stopTime": "00:02:31,560",
        "startTime": "00:02:28,500",
        "text": "truth at least with that part he also\n"
    },
    {
        "number": "71",
        "stopTime": "00:02:33,239",
        "startTime": "00:02:30,090",
        "text": "said he was gonna send like drugs to my\n"
    },
    {
        "number": "72",
        "stopTime": "00:02:34,799",
        "startTime": "00:02:31,560",
        "text": "house and called the drug administration\n"
    },
    {
        "number": "73",
        "stopTime": "00:02:38,069",
        "startTime": "00:02:33,239",
        "text": "or he never did that which is police\n"
    },
    {
        "number": "74",
        "stopTime": "00:02:40,110",
        "startTime": "00:02:34,799",
        "text": "good but yeah like he sent a whole slots\n"
    },
    {
        "number": "75",
        "stopTime": "00:02:42,360",
        "startTime": "00:02:38,069",
        "text": "into my house and my door here is\n"
    },
    {
        "number": "76",
        "stopTime": "00:02:44,879",
        "startTime": "00:02:40,110",
        "text": "actually still broken from that day so\n"
    },
    {
        "number": "77",
        "stopTime": "00:02:46,799",
        "startTime": "00:02:42,360",
        "text": "yeah it was pretty bad course like when\n"
    },
    {
        "number": "78",
        "stopTime": "00:02:49,769",
        "startTime": "00:02:44,879",
        "text": "all that was going on it ended up being\n"
    },
    {
        "number": "79",
        "stopTime": "00:02:51,900",
        "startTime": "00:02:46,799",
        "text": "some like kid in Canada of course the\n"
    },
    {
        "number": "80",
        "stopTime": "00:02:53,310",
        "startTime": "00:02:49,769",
        "text": "police kind of had to get involved cuz\n"
    },
    {
        "number": "81",
        "stopTime": "00:02:55,590",
        "startTime": "00:02:51,900",
        "text": "they had alike send out the SWAT team\n"
    },
    {
        "number": "82",
        "stopTime": "00:02:57,629",
        "startTime": "00:02:53,310",
        "text": "and it was crazy so I was thinking when\n"
    },
    {
        "number": "83",
        "stopTime": "00:02:59,370",
        "startTime": "00:02:55,590",
        "text": "I got this phone call from the police I\n"
    },
    {
        "number": "84",
        "stopTime": "00:03:01,950",
        "startTime": "00:02:57,629",
        "text": "was a little bit scared not like to\n"
    },
    {
        "number": "85",
        "stopTime": "00:03:03,930",
        "startTime": "00:02:59,370",
        "text": "scared but I was kind of like why would\n"
    },
    {
        "number": "86",
        "stopTime": "00:03:05,639",
        "startTime": "00:03:01,950",
        "text": "the police keep calling me cuz I'm\n"
    },
    {
        "number": "87",
        "stopTime": "00:03:07,739",
        "startTime": "00:03:03,930",
        "text": "really a person I don't try to do\n"
    },
    {
        "number": "88",
        "stopTime": "00:03:09,989",
        "startTime": "00:03:05,639",
        "text": "anything wrong I don't try to break the\n"
    },
    {
        "number": "89",
        "stopTime": "00:03:13,530",
        "startTime": "00:03:07,739",
        "text": "law or to do anything super bad like\n"
    },
    {
        "number": "90",
        "stopTime": "00:03:15,599",
        "startTime": "00:03:09,989",
        "text": "killing people or doing bad things so I\n"
    },
    {
        "number": "91",
        "stopTime": "00:03:17,280",
        "startTime": "00:03:13,530",
        "text": "was likewise with the police be calling\n"
    },
    {
        "number": "92",
        "stopTime": "00:03:20,549",
        "startTime": "00:03:15,599",
        "text": "me they told me that they wanted me to\n"
    },
    {
        "number": "93",
        "stopTime": "00:03:22,109",
        "startTime": "00:03:17,280",
        "text": "go into their police department I was\n"
    },
    {
        "number": "94",
        "stopTime": "00:03:24,389",
        "startTime": "00:03:20,549",
        "text": "like yeah I could do that I'm actually\n"
    },
    {
        "number": "95",
        "stopTime": "00:03:26,160",
        "startTime": "00:03:22,109",
        "text": "waiting Disney right now but when i get\n"
    },
    {
        "number": "96",
        "stopTime": "00:03:28,169",
        "startTime": "00:03:24,389",
        "text": "back then yeah they were totally cool\n"
    },
    {
        "number": "97",
        "stopTime": "00:03:29,370",
        "startTime": "00:03:26,160",
        "text": "with that they were really nice and that\n"
    },
    {
        "number": "98",
        "stopTime": "00:03:31,769",
        "startTime": "00:03:28,169",
        "text": "when I was kind of thinking it over\n"
    },
    {
        "number": "99",
        "stopTime": "00:03:33,780",
        "startTime": "00:03:29,370",
        "text": "later I was just thinking like okay like\n"
    },
    {
        "number": "100",
        "stopTime": "00:03:36,840",
        "startTime": "00:03:31,769",
        "text": "why would the police want me to go into\n"
    },
    {
        "number": "101",
        "stopTime": "00:03:39,569",
        "startTime": "00:03:33,780",
        "text": "their office it must maybe be related to\n"
    },
    {
        "number": "102",
        "stopTime": "00:03:41,280",
        "startTime": "00:03:36,840",
        "text": "onion like maybe it's because they have\n"
    },
    {
        "number": "103",
        "stopTime": "00:03:44,130",
        "startTime": "00:03:39,569",
        "text": "like a court case with him they want me\n"
    },
    {
        "number": "104",
        "stopTime": "00:03:45,810",
        "startTime": "00:03:41,280",
        "text": "to answer questions I don't know it must\n"
    },
    {
        "number": "105",
        "stopTime": "00:03:47,160",
        "startTime": "00:03:44,130",
        "text": "be something like that because I didn't\n"
    },
    {
        "number": "106",
        "stopTime": "00:03:49,980",
        "startTime": "00:03:45,810",
        "text": "think they would be like a reason that\n"
    },
    {
        "number": "107",
        "stopTime": "00:03:52,280",
        "startTime": "00:03:47,160",
        "text": "like I would have to go to the police so\n"
    },
    {
        "number": "108",
        "stopTime": "00:03:55,950",
        "startTime": "00:03:49,980",
        "text": "it turns out that now as you can see\n"
    },
    {
        "number": "109",
        "stopTime": "00:03:58,109",
        "startTime": "00:03:52,280",
        "text": "like by all my stuff here I'm back from\n"
    },
    {
        "number": "110",
        "stopTime": "00:04:00,209",
        "startTime": "00:03:55,950",
        "text": "Disney now so today was actually the day\n"
    },
    {
        "number": "111",
        "stopTime": "00:04:02,280",
        "startTime": "00:03:58,109",
        "text": "that I went into the police department\n"
    },
    {
        "number": "112",
        "stopTime": "00:04:02,930",
        "startTime": "00:04:00,209",
        "text": "like I gave them a phone call back like\n"
    },
    {
        "number": "113",
        "stopTime": "00:04:04,670",
        "startTime": "00:04:02,280",
        "text": "I said\n"
    },
    {
        "number": "114",
        "stopTime": "00:04:06,980",
        "startTime": "00:04:02,930",
        "text": "and I went in today but literally just\n"
    },
    {
        "number": "115",
        "stopTime": "00:04:09,319",
        "startTime": "00:04:04,670",
        "text": "expecting it to me about that we even\n"
    },
    {
        "number": "116",
        "stopTime": "00:04:11,689",
        "startTime": "00:04:06,980",
        "text": "talked about that a little bit and then\n"
    },
    {
        "number": "117",
        "stopTime": "00:04:14,569",
        "startTime": "00:04:09,319",
        "text": "they told me the reason that I was being\n"
    },
    {
        "number": "118",
        "stopTime": "00:04:16,850",
        "startTime": "00:04:11,689",
        "text": "called in so it turns out I'm not\n"
    },
    {
        "number": "119",
        "stopTime": "00:04:19,130",
        "startTime": "00:04:14,569",
        "text": "exactly sure about like why this\n"
    },
    {
        "number": "120",
        "stopTime": "00:04:21,859",
        "startTime": "00:04:16,850",
        "text": "happened or what was going on for what\n"
    },
    {
        "number": "121",
        "stopTime": "00:04:24,110",
        "startTime": "00:04:19,130",
        "text": "exactly so I actually weren't this today\n"
    },
    {
        "number": "122",
        "stopTime": "00:04:26,600",
        "startTime": "00:04:21,859",
        "text": "and I guess there's this like online\n"
    },
    {
        "number": "123",
        "stopTime": "00:04:28,130",
        "startTime": "00:04:24,110",
        "text": "cyber tip kind of thing and it's\n"
    },
    {
        "number": "124",
        "stopTime": "00:04:30,620",
        "startTime": "00:04:26,600",
        "text": "actually really good thing so I guess a\n"
    },
    {
        "number": "125",
        "stopTime": "00:04:32,630",
        "startTime": "00:04:28,130",
        "text": "lot of people tip like for child\n"
    },
    {
        "number": "126",
        "stopTime": "00:04:34,250",
        "startTime": "00:04:30,620",
        "text": "pornography which I would of course\n"
    },
    {
        "number": "127",
        "stopTime": "00:04:36,710",
        "startTime": "00:04:32,630",
        "text": "never do because I think that stuff is\n"
    },
    {
        "number": "128",
        "stopTime": "00:04:40,460",
        "startTime": "00:04:34,250",
        "text": "really messed up guys oops i just\n"
    },
    {
        "number": "129",
        "stopTime": "00:04:43,580",
        "startTime": "00:04:36,710",
        "text": "realized my two necklaces alike in my\n"
    },
    {
        "number": "130",
        "stopTime": "00:04:45,289",
        "startTime": "00:04:40,460",
        "text": "sweater so taking those up now and i\n"
    },
    {
        "number": "131",
        "stopTime": "00:04:46,789",
        "startTime": "00:04:43,580",
        "text": "don't even really know how that works I\n"
    },
    {
        "number": "132",
        "stopTime": "00:04:49,400",
        "startTime": "00:04:45,289",
        "text": "don't know people tip if they like know\n"
    },
    {
        "number": "133",
        "stopTime": "00:04:51,680",
        "startTime": "00:04:46,789",
        "text": "someone who's doing that or is like kids\n"
    },
    {
        "number": "134",
        "stopTime": "00:04:53,720",
        "startTime": "00:04:49,400",
        "text": "reach out and then try to get whoever is\n"
    },
    {
        "number": "135",
        "stopTime": "00:04:55,849",
        "startTime": "00:04:51,680",
        "text": "like forcing them to do pictures or I\n"
    },
    {
        "number": "136",
        "stopTime": "00:04:57,860",
        "startTime": "00:04:53,720",
        "text": "don't know exactly how any of that works\n"
    },
    {
        "number": "137",
        "stopTime": "00:04:59,690",
        "startTime": "00:04:55,849",
        "text": "like I don't know anything about child\n"
    },
    {
        "number": "138",
        "stopTime": "00:05:01,639",
        "startTime": "00:04:57,860",
        "text": "pornography think it's a really bad\n"
    },
    {
        "number": "139",
        "stopTime": "00:05:03,169",
        "startTime": "00:04:59,690",
        "text": "thing so it's a really good thing that\n"
    },
    {
        "number": "140",
        "stopTime": "00:05:05,300",
        "startTime": "00:05:01,639",
        "text": "that does exist so things like that can\n"
    },
    {
        "number": "141",
        "stopTime": "00:05:07,639",
        "startTime": "00:05:03,169",
        "text": "stop but yeah I guess you've Oh could\n"
    },
    {
        "number": "142",
        "stopTime": "00:05:10,190",
        "startTime": "00:05:05,300",
        "text": "also to other stuff too so I guess\n"
    },
    {
        "number": "143",
        "stopTime": "00:05:13,610",
        "startTime": "00:05:07,639",
        "text": "somebody like less than the tip saying\n"
    },
    {
        "number": "144",
        "stopTime": "00:05:15,949",
        "startTime": "00:05:10,190",
        "text": "that I am actually kidnapped and it's\n"
    },
    {
        "number": "145",
        "stopTime": "00:05:18,560",
        "startTime": "00:05:13,610",
        "text": "yeah it gets like really really weird so\n"
    },
    {
        "number": "146",
        "stopTime": "00:05:22,610",
        "startTime": "00:05:15,949",
        "text": "I guess my fate it was that when I was\n"
    },
    {
        "number": "147",
        "stopTime": "00:05:24,680",
        "startTime": "00:05:18,560",
        "text": "15 my parents actually kidnapped me and\n"
    },
    {
        "number": "148",
        "stopTime": "00:05:26,630",
        "startTime": "00:05:22,610",
        "text": "they've been brainwashing me ever since\n"
    },
    {
        "number": "149",
        "stopTime": "00:05:29,599",
        "startTime": "00:05:24,680",
        "text": "then I think it's like blue eating\n"
    },
    {
        "number": "150",
        "stopTime": "00:05:32,060",
        "startTime": "00:05:26,630",
        "text": "through my parents but also he said that\n"
    },
    {
        "number": "151",
        "stopTime": "00:05:36,710",
        "startTime": "00:05:29,599",
        "text": "I was like how old hostage against my\n"
    },
    {
        "number": "152",
        "stopTime": "00:05:40,370",
        "startTime": "00:05:32,060",
        "text": "will and yeah it was all just so crazy\n"
    },
    {
        "number": "153",
        "stopTime": "00:05:43,400",
        "startTime": "00:05:36,710",
        "text": "to me I just like what cuz I mean unless\n"
    },
    {
        "number": "154",
        "stopTime": "00:05:46,190",
        "startTime": "00:05:40,370",
        "text": "I like brainwashed and I don't know\n"
    },
    {
        "number": "155",
        "stopTime": "00:05:47,900",
        "startTime": "00:05:43,400",
        "text": "what's going on then I was definitely\n"
    },
    {
        "number": "156",
        "stopTime": "00:05:50,960",
        "startTime": "00:05:46,190",
        "text": "not kidnapped her brainwashed by my\n"
    },
    {
        "number": "157",
        "stopTime": "00:05:53,000",
        "startTime": "00:05:47,900",
        "text": "parents like it was just like wow that\n"
    },
    {
        "number": "158",
        "stopTime": "00:05:53,580",
        "startTime": "00:05:50,960",
        "text": "is insane like that is probably learned\n"
    },
    {
        "number": "159",
        "stopTime": "00:05:55,620",
        "startTime": "00:05:53,000",
        "text": "a Kree\n"
    },
    {
        "number": "160",
        "stopTime": "00:05:57,569",
        "startTime": "00:05:53,580",
        "text": "things I've ever heard also apparently\n"
    },
    {
        "number": "161",
        "stopTime": "00:05:59,370",
        "startTime": "00:05:55,620",
        "text": "from what the police was telling me the\n"
    },
    {
        "number": "162",
        "stopTime": "00:06:02,009",
        "startTime": "00:05:57,569",
        "text": "person who like left than the message\n"
    },
    {
        "number": "163",
        "stopTime": "00:06:04,710",
        "startTime": "00:05:59,370",
        "text": "was like legitimately concerns that I\n"
    },
    {
        "number": "164",
        "stopTime": "00:06:07,259",
        "startTime": "00:06:02,009",
        "text": "was being like held hostage and if the\n"
    },
    {
        "number": "165",
        "stopTime": "00:06:09,210",
        "startTime": "00:06:04,710",
        "text": "person really was then um person thank\n"
    },
    {
        "number": "166",
        "stopTime": "00:06:11,460",
        "startTime": "00:06:07,259",
        "text": "you very much for caring about me I\n"
    },
    {
        "number": "167",
        "stopTime": "00:06:13,439",
        "startTime": "00:06:09,210",
        "text": "really appreciate that if I ever were to\n"
    },
    {
        "number": "168",
        "stopTime": "00:06:16,319",
        "startTime": "00:06:11,460",
        "text": "be kidnapped or something like that that\n"
    },
    {
        "number": "169",
        "stopTime": "00:06:18,870",
        "startTime": "00:06:13,439",
        "text": "you would care enough to try to get me\n"
    },
    {
        "number": "170",
        "stopTime": "00:06:20,879",
        "startTime": "00:06:16,319",
        "text": "like I'm kidnapped but yeah I'm\n"
    },
    {
        "number": "171",
        "stopTime": "00:06:23,939",
        "startTime": "00:06:18,870",
        "text": "definitely not kidnapped and definitely\n"
    },
    {
        "number": "172",
        "stopTime": "00:06:26,940",
        "startTime": "00:06:20,879",
        "text": "not being like held hostage for anything\n"
    },
    {
        "number": "173",
        "stopTime": "00:06:29,969",
        "startTime": "00:06:23,939",
        "text": "crazy like that but thank you person for\n"
    },
    {
        "number": "174",
        "stopTime": "00:06:32,039",
        "startTime": "00:06:26,940",
        "text": "care it sets what their intentions work\n"
    },
    {
        "number": "175",
        "stopTime": "00:06:34,889",
        "startTime": "00:06:29,969",
        "text": "another thing guys if he didn't actually\n"
    },
    {
        "number": "176",
        "stopTime": "00:06:37,289",
        "startTime": "00:06:32,039",
        "text": "notice about me when I was born my name\n"
    },
    {
        "number": "177",
        "stopTime": "00:06:39,030",
        "startTime": "00:06:34,889",
        "text": "is actually not even Eugenia it was\n"
    },
    {
        "number": "178",
        "stopTime": "00:06:41,129",
        "startTime": "00:06:37,289",
        "text": "actually calling for a couple of days\n"
    },
    {
        "number": "179",
        "stopTime": "00:06:42,780",
        "startTime": "00:06:39,030",
        "text": "because I guess my parents didn't really\n"
    },
    {
        "number": "180",
        "stopTime": "00:06:45,509",
        "startTime": "00:06:41,129",
        "text": "know exactly what they wanted to name me\n"
    },
    {
        "number": "181",
        "stopTime": "00:06:48,300",
        "startTime": "00:06:42,780",
        "text": "so getting me Colleen at first but then\n"
    },
    {
        "number": "182",
        "stopTime": "00:06:51,090",
        "startTime": "00:06:45,509",
        "text": "in a couple of days I became Eugenia the\n"
    },
    {
        "number": "183",
        "stopTime": "00:06:52,620",
        "startTime": "00:06:48,300",
        "text": "person actually like even wrote in it\n"
    },
    {
        "number": "184",
        "stopTime": "00:06:54,750",
        "startTime": "00:06:51,090",
        "text": "was really crazy because they wanted me\n"
    },
    {
        "number": "185",
        "stopTime": "00:06:57,150",
        "startTime": "00:06:52,620",
        "text": "to bring in my birth certificate when I\n"
    },
    {
        "number": "186",
        "stopTime": "00:06:58,800",
        "startTime": "00:06:54,750",
        "text": "was going to the police station let's\n"
    },
    {
        "number": "187",
        "stopTime": "00:07:00,599",
        "startTime": "00:06:57,150",
        "text": "talk him to my mom about that too and\n"
    },
    {
        "number": "188",
        "stopTime": "00:07:02,759",
        "startTime": "00:06:58,800",
        "text": "she was kind of like um you probably\n"
    },
    {
        "number": "189",
        "stopTime": "00:07:05,129",
        "startTime": "00:07:00,599",
        "text": "feel so bring your name change forms\n"
    },
    {
        "number": "190",
        "stopTime": "00:07:06,719",
        "startTime": "00:07:02,759",
        "text": "because otherwise they might be confused\n"
    },
    {
        "number": "191",
        "stopTime": "00:07:08,400",
        "startTime": "00:07:05,129",
        "text": "if they are looking at your birth\n"
    },
    {
        "number": "192",
        "stopTime": "00:07:10,259",
        "startTime": "00:07:06,719",
        "text": "certificate because your birth\n"
    },
    {
        "number": "193",
        "stopTime": "00:07:12,360",
        "startTime": "00:07:08,400",
        "text": "certificate so says Colleen because my\n"
    },
    {
        "number": "194",
        "stopTime": "00:07:15,900",
        "startTime": "00:07:10,259",
        "text": "birth certificate actually still says\n"
    },
    {
        "number": "195",
        "stopTime": "00:07:17,699",
        "startTime": "00:07:12,360",
        "text": "calling so um yeah then it was really\n"
    },
    {
        "number": "196",
        "stopTime": "00:07:19,199",
        "startTime": "00:07:15,900",
        "text": "weird because in like the tip it was\n"
    },
    {
        "number": "197",
        "stopTime": "00:07:21,930",
        "startTime": "00:07:17,699",
        "text": "like a whole paragraph that they wrote\n"
    },
    {
        "number": "198",
        "stopTime": "00:07:26,370",
        "startTime": "00:07:19,199",
        "text": "to deploy ease they said that my name\n"
    },
    {
        "number": "199",
        "stopTime": "00:07:28,080",
        "startTime": "00:07:21,930",
        "text": "was really calling Schwartz and it was\n"
    },
    {
        "number": "200",
        "stopTime": "00:07:30,690",
        "startTime": "00:07:26,370",
        "text": "just really rude to me because my name\n"
    },
    {
        "number": "201",
        "stopTime": "00:07:32,639",
        "startTime": "00:07:28,080",
        "text": "was originally Colleen I have no idea\n"
    },
    {
        "number": "202",
        "stopTime": "00:07:35,310",
        "startTime": "00:07:30,690",
        "text": "we're thinking about with the whole\n"
    },
    {
        "number": "203",
        "stopTime": "00:07:38,039",
        "startTime": "00:07:32,639",
        "text": "Schwartz thing I don't think I was ever\n"
    },
    {
        "number": "204",
        "stopTime": "00:07:39,870",
        "startTime": "00:07:35,310",
        "text": "calling Schwartz like I definitely was\n"
    },
    {
        "number": "205",
        "stopTime": "00:07:42,560",
        "startTime": "00:07:38,039",
        "text": "not ever calling short I do have a\n"
    },
    {
        "number": "206",
        "stopTime": "00:07:46,379",
        "startTime": "00:07:39,870",
        "text": "middle name that begins with an S but\n"
    },
    {
        "number": "207",
        "stopTime": "00:07:48,180",
        "startTime": "00:07:42,560",
        "text": "it's definitely not Schwartz it was kind\n"
    },
    {
        "number": "208",
        "stopTime": "00:07:51,240",
        "startTime": "00:07:46,379",
        "text": "of crazy because then the police\n"
    },
    {
        "number": "209",
        "stopTime": "00:07:53,789",
        "startTime": "00:07:48,180",
        "text": "actually asked me if I was into bondage\n"
    },
    {
        "number": "210",
        "stopTime": "00:07:55,500",
        "startTime": "00:07:51,240",
        "text": "and I was just kind of like no I don't\n"
    },
    {
        "number": "211",
        "stopTime": "00:07:58,409",
        "startTime": "00:07:53,789",
        "text": "really think it's a bondage or anything\n"
    },
    {
        "number": "212",
        "stopTime": "00:08:01,370",
        "startTime": "00:07:55,500",
        "text": "and I also asked me if my mom was into\n"
    },
    {
        "number": "213",
        "stopTime": "00:08:04,940",
        "startTime": "00:07:58,409",
        "text": "bondage and as far as I know\n"
    },
    {
        "number": "214",
        "stopTime": "00:08:07,220",
        "startTime": "00:08:01,370",
        "text": "think my mom is such like nope she's not\n"
    },
    {
        "number": "215",
        "stopTime": "00:08:09,290",
        "startTime": "00:08:04,940",
        "text": "doing that then you're like yeah we know\n"
    },
    {
        "number": "216",
        "stopTime": "00:08:11,660",
        "startTime": "00:08:07,220",
        "text": "this is like a really awkward question\n"
    },
    {
        "number": "217",
        "stopTime": "00:08:13,850",
        "startTime": "00:08:09,290",
        "text": "to be asking you about that but then\n"
    },
    {
        "number": "218",
        "stopTime": "00:08:16,580",
        "startTime": "00:08:11,660",
        "text": "they said like I guess this person who\n"
    },
    {
        "number": "219",
        "stopTime": "00:08:19,250",
        "startTime": "00:08:13,850",
        "text": "sent this in was writing some luck thing\n"
    },
    {
        "number": "220",
        "stopTime": "00:08:21,740",
        "startTime": "00:08:16,580",
        "text": "like I guess they were saying like oh ki\n"
    },
    {
        "number": "221",
        "stopTime": "00:08:23,270",
        "startTime": "00:08:19,250",
        "text": "chidiya won't do a mukbang I don't\n"
    },
    {
        "number": "222",
        "stopTime": "00:08:25,100",
        "startTime": "00:08:21,740",
        "text": "exactly know how that happened but they\n"
    },
    {
        "number": "223",
        "stopTime": "00:08:27,860",
        "startTime": "00:08:23,270",
        "text": "mentioned among thing I guess the police\n"
    },
    {
        "number": "224",
        "stopTime": "00:08:29,780",
        "startTime": "00:08:25,100",
        "text": "doesn't really know what a muck thing is\n"
    },
    {
        "number": "225",
        "stopTime": "00:08:31,639",
        "startTime": "00:08:27,860",
        "text": "so they thought it might've been some\n"
    },
    {
        "number": "226",
        "stopTime": "00:08:33,110",
        "startTime": "00:08:29,780",
        "text": "like fetish thing because I don't know\n"
    },
    {
        "number": "227",
        "stopTime": "00:08:35,599",
        "startTime": "00:08:31,639",
        "text": "the first had meant to do is a fetish\n"
    },
    {
        "number": "228",
        "stopTime": "00:08:37,219",
        "startTime": "00:08:33,110",
        "text": "thing like I think no really I know what\n"
    },
    {
        "number": "229",
        "stopTime": "00:08:38,690",
        "startTime": "00:08:35,599",
        "text": "I'm up paying this guy is and I know so\n"
    },
    {
        "number": "230",
        "stopTime": "00:08:40,640",
        "startTime": "00:08:37,219",
        "text": "you will do for whatever reason really\n"
    },
    {
        "number": "231",
        "stopTime": "00:08:44,029",
        "startTime": "00:08:38,690",
        "text": "want me to do this but I don't really do\n"
    },
    {
        "number": "232",
        "stopTime": "00:08:46,490",
        "startTime": "00:08:40,640",
        "text": "videos like that so yeah I just like\n"
    },
    {
        "number": "233",
        "stopTime": "00:08:49,790",
        "startTime": "00:08:44,029",
        "text": "feel like it's kind of awkward for me to\n"
    },
    {
        "number": "234",
        "stopTime": "00:08:52,490",
        "startTime": "00:08:46,490",
        "text": "do those videos but um anyways thing out\n"
    },
    {
        "number": "235",
        "stopTime": "00:08:54,320",
        "startTime": "00:08:49,790",
        "text": "of the person like bench and net so so\n"
    },
    {
        "number": "236",
        "stopTime": "00:08:57,080",
        "startTime": "00:08:52,490",
        "text": "yeah it's just like really looks like\n"
    },
    {
        "number": "237",
        "stopTime": "00:08:59,720",
        "startTime": "00:08:54,320",
        "text": "awkward yeah me and my mom we don't we\n"
    },
    {
        "number": "238",
        "stopTime": "00:09:01,490",
        "startTime": "00:08:57,080",
        "text": "don't like post bondage videos or\n"
    },
    {
        "number": "239",
        "stopTime": "00:09:03,170",
        "startTime": "00:08:59,720",
        "text": "anything like that but yeah they said\n"
    },
    {
        "number": "240",
        "stopTime": "00:09:05,120",
        "startTime": "00:09:01,490",
        "text": "they just like had to ask me that and\n"
    },
    {
        "number": "241",
        "stopTime": "00:09:06,709",
        "startTime": "00:09:03,170",
        "text": "they kind of asked me a couple of other\n"
    },
    {
        "number": "242",
        "stopTime": "00:09:08,480",
        "startTime": "00:09:05,120",
        "text": "questions they asked me some questions\n"
    },
    {
        "number": "243",
        "stopTime": "00:09:10,490",
        "startTime": "00:09:06,709",
        "text": "from youtubers that have also been\n"
    },
    {
        "number": "244",
        "stopTime": "00:09:12,680",
        "startTime": "00:09:08,480",
        "text": "videos with me sitting the personal\n"
    },
    {
        "number": "245",
        "stopTime": "00:09:14,300",
        "startTime": "00:09:10,490",
        "text": "cemented a couple of them and I guess\n"
    },
    {
        "number": "246",
        "stopTime": "00:09:16,580",
        "startTime": "00:09:12,680",
        "text": "the first had also mentioned marina\n"
    },
    {
        "number": "247",
        "stopTime": "00:09:19,100",
        "startTime": "00:09:14,300",
        "text": "Joyce I not exactly sure why maybe\n"
    },
    {
        "number": "248",
        "stopTime": "00:09:21,230",
        "startTime": "00:09:16,580",
        "text": "because I know she had like a lot of\n"
    },
    {
        "number": "249",
        "stopTime": "00:09:23,330",
        "startTime": "00:09:19,100",
        "text": "kidnapping rumors and hers are way more\n"
    },
    {
        "number": "250",
        "stopTime": "00:09:25,040",
        "startTime": "00:09:21,230",
        "text": "extreme than mine fine was just kind of\n"
    },
    {
        "number": "251",
        "stopTime": "00:09:26,959",
        "startTime": "00:09:23,330",
        "text": "his one person I'm really glad that\n"
    },
    {
        "number": "252",
        "stopTime": "00:09:28,610",
        "startTime": "00:09:25,040",
        "text": "marina wasn't kidnapped though because\n"
    },
    {
        "number": "253",
        "stopTime": "00:09:31,040",
        "startTime": "00:09:26,959",
        "text": "she's really awesome and she seems\n"
    },
    {
        "number": "254",
        "stopTime": "00:09:33,440",
        "startTime": "00:09:28,610",
        "text": "really really nice so I'm really happy\n"
    },
    {
        "number": "255",
        "stopTime": "00:09:34,730",
        "startTime": "00:09:31,040",
        "text": "that she was not too kidnapped huh it's\n"
    },
    {
        "number": "256",
        "stopTime": "00:09:36,560",
        "startTime": "00:09:33,440",
        "text": "just really crazy to me though that\n"
    },
    {
        "number": "257",
        "stopTime": "00:09:38,690",
        "startTime": "00:09:34,730",
        "text": "people like report people as being\n"
    },
    {
        "number": "258",
        "stopTime": "00:09:41,540",
        "startTime": "00:09:36,560",
        "text": "kidnapped when they're not kidnapped but\n"
    },
    {
        "number": "259",
        "stopTime": "00:09:43,070",
        "startTime": "00:09:38,690",
        "text": "um I do appreciate it the person thought\n"
    },
    {
        "number": "260",
        "stopTime": "00:09:44,839",
        "startTime": "00:09:41,540",
        "text": "I really was kidnapped or anything like\n"
    },
    {
        "number": "261",
        "stopTime": "00:09:47,990",
        "startTime": "00:09:43,070",
        "text": "that because I guess they were trying to\n"
    },
    {
        "number": "262",
        "stopTime": "00:09:50,660",
        "startTime": "00:09:44,839",
        "text": "get me like staves or unconnect but yeah\n"
    },
    {
        "number": "263",
        "stopTime": "00:09:53,360",
        "startTime": "00:09:47,990",
        "text": "I'm definitely not kidnapped so it was\n"
    },
    {
        "number": "264",
        "stopTime": "00:09:55,850",
        "startTime": "00:09:50,660",
        "text": "just really crazy to me but yeah it was\n"
    },
    {
        "number": "265",
        "stopTime": "00:09:57,680",
        "startTime": "00:09:53,360",
        "text": "just such a crazy thing to be because\n"
    },
    {
        "number": "266",
        "stopTime": "00:10:00,050",
        "startTime": "00:09:55,850",
        "text": "when I went into the police today that\n"
    },
    {
        "number": "267",
        "stopTime": "00:10:02,029",
        "startTime": "00:09:57,680",
        "text": "was definitely not at all what I was\n"
    },
    {
        "number": "268",
        "stopTime": "00:10:03,470",
        "startTime": "00:10:00,050",
        "text": "expecting they said they just kind of\n"
    },
    {
        "number": "269",
        "stopTime": "00:10:04,339",
        "startTime": "00:10:02,029",
        "text": "had to call me in there just to make\n"
    },
    {
        "number": "270",
        "stopTime": "00:10:05,660",
        "startTime": "00:10:03,470",
        "text": "sure everything was\n"
    },
    {
        "number": "271",
        "stopTime": "00:10:07,639",
        "startTime": "00:10:04,339",
        "text": "okay they just gonna ask you a couple\n"
    },
    {
        "number": "272",
        "stopTime": "00:10:10,309",
        "startTime": "00:10:05,660",
        "text": "more questions just kind of like related\n"
    },
    {
        "number": "273",
        "stopTime": "00:10:11,990",
        "startTime": "00:10:07,639",
        "text": "to all this and um yeah I guess they\n"
    },
    {
        "number": "274",
        "stopTime": "00:10:13,610",
        "startTime": "00:10:10,309",
        "text": "said they just gonna have to do that but\n"
    },
    {
        "number": "275",
        "stopTime": "00:10:15,379",
        "startTime": "00:10:11,990",
        "text": "in someone reports the stuff because\n"
    },
    {
        "number": "276",
        "stopTime": "00:10:18,199",
        "startTime": "00:10:13,610",
        "text": "it's a pretty like big thing to be\n"
    },
    {
        "number": "277",
        "stopTime": "00:10:20,059",
        "startTime": "00:10:15,379",
        "text": "reporting obviously so yeah that's\n"
    },
    {
        "number": "278",
        "stopTime": "00:10:21,769",
        "startTime": "00:10:18,199",
        "text": "pretty much for happen but the police is\n"
    },
    {
        "number": "279",
        "stopTime": "00:10:23,660",
        "startTime": "00:10:20,059",
        "text": "really really nice they were really nice\n"
    },
    {
        "number": "280",
        "stopTime": "00:10:25,040",
        "startTime": "00:10:21,769",
        "text": "about this whole situation I just\n"
    },
    {
        "number": "281",
        "stopTime": "00:10:27,050",
        "startTime": "00:10:23,660",
        "text": "thought it was a really really crazy\n"
    },
    {
        "number": "282",
        "stopTime": "00:10:29,329",
        "startTime": "00:10:25,040",
        "text": "story though so thought i would share\n"
    },
    {
        "number": "283",
        "stopTime": "00:10:31,879",
        "startTime": "00:10:27,050",
        "text": "just with you guys and yeah person for\n"
    },
    {
        "number": "284",
        "stopTime": "00:10:34,189",
        "startTime": "00:10:29,329",
        "text": "whoever for whatever reason thanks to\n"
    },
    {
        "number": "285",
        "stopTime": "00:10:36,199",
        "startTime": "00:10:31,879",
        "text": "kidnap to see you know i am definitely\n"
    },
    {
        "number": "286",
        "stopTime": "00:10:38,420",
        "startTime": "00:10:34,189",
        "text": "not kidnapped and definitely not being\n"
    },
    {
        "number": "287",
        "stopTime": "00:10:40,550",
        "startTime": "00:10:36,199",
        "text": "held hostage by my parents or anything\n"
    },
    {
        "number": "288",
        "stopTime": "00:10:42,589",
        "startTime": "00:10:38,420",
        "text": "like that so definitely my real pirates\n"
    },
    {
        "number": "289",
        "stopTime": "00:10:43,879",
        "startTime": "00:10:40,550",
        "text": "too I mean unless I really am being\n"
    },
    {
        "number": "290",
        "stopTime": "00:10:46,430",
        "startTime": "00:10:42,589",
        "text": "brainwashed and I'm just completely\n"
    },
    {
        "number": "291",
        "stopTime": "00:10:48,559",
        "startTime": "00:10:43,879",
        "text": "unaware of this but I bet that that is\n"
    },
    {
        "number": "292",
        "stopTime": "00:10:50,209",
        "startTime": "00:10:46,430",
        "text": "totally not the case so yeah I\n"
    },
    {
        "number": "293",
        "stopTime": "00:10:52,240",
        "startTime": "00:10:48,559",
        "text": "definitely don't think I brainwashed or\n"
    },
    {
        "number": "294",
        "stopTime": "00:10:54,980",
        "startTime": "00:10:50,209",
        "text": "anything crazy like that or being\n"
    },
    {
        "number": "295",
        "stopTime": "00:10:57,559",
        "startTime": "00:10:52,240",
        "text": "kidnapped you're held hostage I guess\n"
    },
    {
        "number": "296",
        "stopTime": "00:11:00,050",
        "startTime": "00:10:54,980",
        "text": "that that is my story it's pretty crazy\n"
    },
    {
        "number": "297",
        "stopTime": "00:11:02,480",
        "startTime": "00:10:57,559",
        "text": "so if you guys enjoyed this video though\n"
    },
    {
        "number": "298",
        "stopTime": "00:11:04,160",
        "startTime": "00:11:00,050",
        "text": "or you liked watching me talk about this\n"
    },
    {
        "number": "299",
        "stopTime": "00:11:05,899",
        "startTime": "00:11:02,480",
        "text": "crazy thing that happened then make sure\n"
    },
    {
        "number": "300",
        "stopTime": "00:11:07,819",
        "startTime": "00:11:04,160",
        "text": "you give this video a like so I know\n"
    },
    {
        "number": "301",
        "stopTime": "00:11:09,350",
        "startTime": "00:11:05,899",
        "text": "that you liked it also subscribe to my\n"
    },
    {
        "number": "302",
        "stopTime": "00:11:11,209",
        "startTime": "00:11:07,819",
        "text": "youtube channel if you want to know what\n"
    },
    {
        "number": "303",
        "stopTime": "00:11:13,220",
        "startTime": "00:11:09,350",
        "text": "I post the videos because i post new\n"
    },
    {
        "number": "304",
        "stopTime": "00:11:15,319",
        "startTime": "00:11:11,209",
        "text": "videos a lot also make sure that you\n"
    },
    {
        "number": "305",
        "stopTime": "00:11:17,629",
        "startTime": "00:11:13,220",
        "text": "click on the little bell notification\n"
    },
    {
        "number": "306",
        "stopTime": "00:11:19,519",
        "startTime": "00:11:15,319",
        "text": "because that way when I posting videos\n"
    },
    {
        "number": "307",
        "stopTime": "00:11:21,199",
        "startTime": "00:11:17,629",
        "text": "you'll always be notified so you'll know\n"
    },
    {
        "number": "308",
        "stopTime": "00:11:23,360",
        "startTime": "00:11:19,519",
        "text": "what I post and let me know if you guys\n"
    },
    {
        "number": "309",
        "stopTime": "00:11:25,970",
        "startTime": "00:11:21,199",
        "text": "like this video maybe I'll do more kind\n"
    },
    {
        "number": "310",
        "stopTime": "00:11:27,819",
        "startTime": "00:11:23,360",
        "text": "of story videos if you guys liked this\n"
    },
    {
        "number": "311",
        "stopTime": "00:11:29,990",
        "startTime": "00:11:25,970",
        "text": "video if I think of like other\n"
    },
    {
        "number": "312",
        "stopTime": "00:11:31,939",
        "startTime": "00:11:27,819",
        "text": "interesting things to share with you\n"
    },
    {
        "number": "313",
        "stopTime": "00:11:33,980",
        "startTime": "00:11:29,990",
        "text": "guys well I love you guys so much and\n"
    },
    {
        "number": "314",
        "stopTime": "00:11:36,970",
        "startTime": "00:11:31,939",
        "text": "I'll see you guys in my next video all\n"
    },
    {
        "number": "315",
        "stopTime": "00:11:36,970",
        "startTime": "00:11:33,980",
        "text": "right bye\n"
    }
]