[
    {
        "number": "1",
        "stopTime": "00:00:09,300",
        "startTime": "00:00:04,490",
        "text": "you see it every day when you look at\n"
    },
    {
        "number": "2",
        "stopTime": "00:00:11,820",
        "startTime": "00:00:07,410",
        "text": "the clock read the labels in your\n"
    },
    {
        "number": "3",
        "stopTime": "00:00:15,990",
        "startTime": "00:00:09,300",
        "text": "breakfast cereal watch your favorite TV\n"
    },
    {
        "number": "4",
        "stopTime": "00:00:18,720",
        "startTime": "00:00:11,820",
        "text": "show check your social media see an\n"
    },
    {
        "number": "5",
        "stopTime": "00:00:21,270",
        "startTime": "00:00:15,990",
        "text": "advertisement or even by watching this\n"
    },
    {
        "number": "6",
        "stopTime": "00:00:24,240",
        "startTime": "00:00:18,720",
        "text": "video we are all too familiar with\n"
    },
    {
        "number": "7",
        "stopTime": "00:00:27,140",
        "startTime": "00:00:21,270",
        "text": "design but ever wonder why what makes a\n"
    },
    {
        "number": "8",
        "stopTime": "00:00:31,320",
        "startTime": "00:00:24,240",
        "text": "good design what makes it attractive\n"
    },
    {
        "number": "9",
        "stopTime": "00:00:33,960",
        "startTime": "00:00:27,140",
        "text": "what makes it likely what makes a good\n"
    },
    {
        "number": "10",
        "stopTime": "00:00:35,610",
        "startTime": "00:00:31,320",
        "text": "design work it turns out there's a\n"
    },
    {
        "number": "11",
        "stopTime": "00:00:37,980",
        "startTime": "00:00:33,960",
        "text": "science behind it there are a lot of\n"
    },
    {
        "number": "12",
        "stopTime": "00:00:41,280",
        "startTime": "00:00:35,610",
        "text": "principles that designers obey or\n"
    },
    {
        "number": "13",
        "stopTime": "00:00:44,040",
        "startTime": "00:00:37,980",
        "text": "sometimes creatively disobey to create a\n"
    },
    {
        "number": "14",
        "stopTime": "00:00:47,100",
        "startTime": "00:00:41,280",
        "text": "good design one principle designers use\n"
    },
    {
        "number": "15",
        "stopTime": "00:00:49,770",
        "startTime": "00:00:44,040",
        "text": "is dis talk theory on the Year eighteen\n"
    },
    {
        "number": "16",
        "stopTime": "00:00:52,860",
        "startTime": "00:00:47,100",
        "text": "ninety is tall is a term coined by\n"
    },
    {
        "number": "17",
        "stopTime": "00:00:55,350",
        "startTime": "00:00:49,770",
        "text": "Austin philosopher christian von erin\n"
    },
    {
        "number": "18",
        "stopTime": "00:00:58,050",
        "startTime": "00:00:52,860",
        "text": "fells but it will be until nineteen\n"
    },
    {
        "number": "19",
        "stopTime": "00:01:01,079",
        "startTime": "00:00:55,350",
        "text": "twenties when the prominent founders max\n"
    },
    {
        "number": "20",
        "stopTime": "00:01:03,600",
        "startTime": "00:00:58,050",
        "text": "why flirt wolf in cooler and curved\n"
    },
    {
        "number": "21",
        "stopTime": "00:01:05,880",
        "startTime": "00:01:01,079",
        "text": "Kostka created the principles it\n"
    },
    {
        "number": "22",
        "stopTime": "00:01:09,150",
        "startTime": "00:01:03,600",
        "text": "describes the science and how do we\n"
    },
    {
        "number": "23",
        "stopTime": "00:01:11,310",
        "startTime": "00:01:05,880",
        "text": "perceive things visually especially when\n"
    },
    {
        "number": "24",
        "stopTime": "00:01:15,500",
        "startTime": "00:01:09,150",
        "text": "the parts relate to the cool and modern\n"
    },
    {
        "number": "25",
        "stopTime": "00:01:19,799",
        "startTime": "00:01:11,310",
        "text": "day turn this top means figure form\n"
    },
    {
        "number": "26",
        "stopTime": "00:01:22,110",
        "startTime": "00:01:15,500",
        "text": "shape and structure today its\n"
    },
    {
        "number": "27",
        "stopTime": "00:01:25,439",
        "startTime": "00:01:19,799",
        "text": "application radiance from problem\n"
    },
    {
        "number": "28",
        "stopTime": "00:01:29,100",
        "startTime": "00:01:22,110",
        "text": "solving psychology therapy and\n"
    },
    {
        "number": "29",
        "stopTime": "00:01:31,979",
        "startTime": "00:01:25,439",
        "text": "especially on visual design you saw fear\n"
    },
    {
        "number": "30",
        "stopTime": "00:01:35,159",
        "startTime": "00:01:29,100",
        "text": "when a fine to visual designs has six\n"
    },
    {
        "number": "31",
        "stopTime": "00:01:38,369",
        "startTime": "00:01:31,979",
        "text": "main principles first similarity\n"
    },
    {
        "number": "32",
        "stopTime": "00:01:41,220",
        "startTime": "00:01:35,159",
        "text": "principle it happens what objects look\n"
    },
    {
        "number": "33",
        "stopTime": "00:01:45,060",
        "startTime": "00:01:38,369",
        "text": "similar to one another viewers will\n"
    },
    {
        "number": "34",
        "stopTime": "00:01:48,270",
        "startTime": "00:01:41,220",
        "text": "often see individual elements as part of\n"
    },
    {
        "number": "35",
        "stopTime": "00:01:51,240",
        "startTime": "00:01:45,060",
        "text": "a pattern or group this effect can be\n"
    },
    {
        "number": "36",
        "stopTime": "00:01:54,119",
        "startTime": "00:01:48,270",
        "text": "used to create single illustration image\n"
    },
    {
        "number": "37",
        "stopTime": "00:01:57,030",
        "startTime": "00:01:51,240",
        "text": "or message from a series of separate\n"
    },
    {
        "number": "38",
        "stopTime": "00:02:00,180",
        "startTime": "00:01:54,119",
        "text": "elements next there is common fate or\n"
    },
    {
        "number": "39",
        "stopTime": "00:02:02,280",
        "startTime": "00:01:57,030",
        "text": "continually we perceive moving objects\n"
    },
    {
        "number": "40",
        "stopTime": "00:02:04,590",
        "startTime": "00:02:00,180",
        "text": "in the scene directions as related to\n"
    },
    {
        "number": "41",
        "stopTime": "00:02:07,110",
        "startTime": "00:02:02,280",
        "text": "each other more so than the elements\n"
    },
    {
        "number": "42",
        "stopTime": "00:02:09,440",
        "startTime": "00:02:04,590",
        "text": "that are stationary or appear to be\n"
    },
    {
        "number": "43",
        "stopTime": "00:02:11,210",
        "startTime": "00:02:07,110",
        "text": "moving in the different direction then\n"
    },
    {
        "number": "44",
        "stopTime": "00:02:14,150",
        "startTime": "00:02:09,440",
        "text": "closure\n"
    },
    {
        "number": "45",
        "stopTime": "00:02:17,030",
        "startTime": "00:02:11,210",
        "text": "this works when an object is incomplete\n"
    },
    {
        "number": "46",
        "stopTime": "00:02:19,310",
        "startTime": "00:02:14,150",
        "text": "or the interior space of an element is\n"
    },
    {
        "number": "47",
        "stopTime": "00:02:21,860",
        "startTime": "00:02:17,030",
        "text": "not fully closed but the viewer\n"
    },
    {
        "number": "48",
        "stopTime": "00:02:24,490",
        "startTime": "00:02:19,310",
        "text": "perceives a complete shape by filling\n"
    },
    {
        "number": "49",
        "stopTime": "00:02:28,040",
        "startTime": "00:02:21,860",
        "text": "out the missing information proximity\n"
    },
    {
        "number": "50",
        "stopTime": "00:02:29,630",
        "startTime": "00:02:24,490",
        "text": "uses the closed arrangement or distance\n"
    },
    {
        "number": "51",
        "stopTime": "00:02:32,500",
        "startTime": "00:02:28,040",
        "text": "of elements to create a group\n"
    },
    {
        "number": "52",
        "stopTime": "00:02:34,820",
        "startTime": "00:02:29,630",
        "text": "association between those objects if\n"
    },
    {
        "number": "53",
        "stopTime": "00:02:37,220",
        "startTime": "00:02:32,500",
        "text": "individual elements are also similar\n"
    },
    {
        "number": "54",
        "stopTime": "00:02:39,080",
        "startTime": "00:02:34,820",
        "text": "they will tend to be perceived as a\n"
    },
    {
        "number": "55",
        "stopTime": "00:02:42,460",
        "startTime": "00:02:37,220",
        "text": "single cool even though they are\n"
    },
    {
        "number": "56",
        "stopTime": "00:02:46,040",
        "startTime": "00:02:39,080",
        "text": "separate elements next is pronounced\n"
    },
    {
        "number": "57",
        "stopTime": "00:02:48,680",
        "startTime": "00:02:42,460",
        "text": "meaning figure and brown it often uses\n"
    },
    {
        "number": "58",
        "stopTime": "00:02:51,530",
        "startTime": "00:02:46,040",
        "text": "the idea of light and shade to help\n"
    },
    {
        "number": "59",
        "stopTime": "00:02:55,160",
        "startTime": "00:02:48,680",
        "text": "create an image that jumps out from the\n"
    },
    {
        "number": "60",
        "stopTime": "00:02:57,980",
        "startTime": "00:02:51,530",
        "text": "series of shapes lastly symmetry as you\n"
    },
    {
        "number": "61",
        "stopTime": "00:03:00,890",
        "startTime": "00:02:55,160",
        "text": "probably know we perceive objects are\n"
    },
    {
        "number": "62",
        "stopTime": "00:03:05,030",
        "startTime": "00:02:57,980",
        "text": "made out of two complementary halves\n"
    },
    {
        "number": "63",
        "stopTime": "00:03:06,740",
        "startTime": "00:03:00,890",
        "text": "this is where balance and harmony all of\n"
    },
    {
        "number": "64",
        "stopTime": "00:03:09,080",
        "startTime": "00:03:05,030",
        "text": "these gestalt principles are\n"
    },
    {
        "number": "65",
        "stopTime": "00:03:12,170",
        "startTime": "00:03:06,740",
        "text": "scientifically studied ways on how we\n"
    },
    {
        "number": "66",
        "stopTime": "00:03:14,540",
        "startTime": "00:03:09,080",
        "text": "perceive visually designers use or\n"
    },
    {
        "number": "67",
        "stopTime": "00:03:17,000",
        "startTime": "00:03:12,170",
        "text": "totally disregard this principle in\n"
    },
    {
        "number": "68",
        "stopTime": "00:03:19,250",
        "startTime": "00:03:14,540",
        "text": "order to make their design unique but as\n"
    },
    {
        "number": "69",
        "stopTime": "00:03:22,580",
        "startTime": "00:03:17,000",
        "text": "we all know being unique might sometimes\n"
    },
    {
        "number": "70",
        "stopTime": "00:03:24,710",
        "startTime": "00:03:19,250",
        "text": "be quirky or uncool nevertheless the\n"
    },
    {
        "number": "71",
        "stopTime": "00:03:27,290",
        "startTime": "00:03:22,580",
        "text": "next time you see a design see how many\n"
    },
    {
        "number": "72",
        "stopTime": "00:03:31,120",
        "startTime": "00:03:24,710",
        "text": "principles can you spot and appreciate\n"
    },
    {
        "number": "73",
        "stopTime": "00:03:31,120",
        "startTime": "00:03:27,290",
        "text": "the word behind a good design\n"
    }
]