# ************************************************************
# Sequel Pro SQL dump
# Version 4541
#
# http://www.sequelpro.com/
# https://github.com/sequelpro/sequelpro
#
# Host: localhost (MySQL 5.7.23)
# Database: vidyouthink
# Generation Time: 2019-03-27 14:01:17 +0000
# ************************************************************


/*!40101 SET @OLD_CHARACTER_SET_CLIENT=@@CHARACTER_SET_CLIENT */;
/*!40101 SET @OLD_CHARACTER_SET_RESULTS=@@CHARACTER_SET_RESULTS */;
/*!40101 SET @OLD_COLLATION_CONNECTION=@@COLLATION_CONNECTION */;
/*!40101 SET NAMES utf8 */;
/*!40014 SET @OLD_FOREIGN_KEY_CHECKS=@@FOREIGN_KEY_CHECKS, FOREIGN_KEY_CHECKS=0 */;
/*!40101 SET @OLD_SQL_MODE=@@SQL_MODE, SQL_MODE='NO_AUTO_VALUE_ON_ZERO' */;
/*!40111 SET @OLD_SQL_NOTES=@@SQL_NOTES, SQL_NOTES=0 */;


# Dump of table CAPTION
# ------------------------------------------------------------

DROP TABLE IF EXISTS `CAPTION`;

CREATE TABLE `CAPTION` (
  `ID` varchar(50) CHARACTER SET utf8 NOT NULL,
  `VIDEO_ID` varchar(50) CHARACTER SET utf8 NOT NULL,
  `CAPTION` mediumtext CHARACTER SET utf8 COLLATE utf8_unicode_ci,
  `INSERT_TIMESTAMP` datetime DEFAULT CURRENT_TIMESTAMP,
  `INSERT_USER_ID` varchar(50) CHARACTER SET utf8 DEFAULT NULL,
  `UPDATE_TIMESTAMP` datetime DEFAULT NULL ON UPDATE CURRENT_TIMESTAMP,
  `SEARCH_QUERY_ID` varchar(50) CHARACTER SET utf8mb4 DEFAULT NULL,
  PRIMARY KEY (`ID`,`VIDEO_ID`),
  UNIQUE KEY `ID` (`ID`),
  UNIQUE KEY `VIDEO_ID` (`VIDEO_ID`)
) ENGINE=InnoDB DEFAULT CHARSET=utf8mb4 COLLATE=utf8mb4_bin;

LOCK TABLES `CAPTION` WRITE;
/*!40000 ALTER TABLE `CAPTION` DISABLE KEYS */;

INSERT INTO `CAPTION` (`ID`, `VIDEO_ID`, `CAPTION`, `INSERT_TIMESTAMP`, `INSERT_USER_ID`, `UPDATE_TIMESTAMP`, `SEARCH_QUERY_ID`)
VALUES
	('vyt5c94d45a0ab570.95234477','zxtR00850C4','1\n00:00:08,360 --> 00:00:11,200\nI used to believe\n\n2\n00:00:11,320 --> 00:00:14,680\nWe were burnin\' on the edge of somethin\' beautiful\n\n3\n00:00:15,760 --> 00:00:17,840\nSomethin\' beautiful\n\n4\n00:00:18,240 --> 00:00:20,120\nSelling a dream\n\n5\n00:00:20,680 --> 00:00:25,580\nSmoke and mirrors keep us waitin\' on a miracle\n\n6\n00:00:25,600 --> 00:00:27,580\nOn a miracle\n\n7\n00:00:28,320 --> 00:00:31,140\nSay, go through the darkest of days\n\n8\n00:00:31,140 --> 00:00:33,200\nHeaven\'s a heartbreak away\n\n9\n00:00:33,720 --> 00:00:36,920\nNever let you go, never let me down\n\n10\n00:00:37,440 --> 00:00:42,920\nOh, it\'s been a hell of a ride\nDriving the edge of a knife\n\n11\n00:00:42,920 --> 00:00:47,140\nNever let you go, never let me down\n\n12\n00:00:47,280 --> 00:00:50,080\nDon\'t you give up, nah-nah-nah\n\n13\n00:00:50,120 --> 00:00:52,060\nI won\'t give up, nah-nah-nah\n\n14\n00:00:52,200 --> 00:00:55,800\nLet me love you\nLet me love you\n\n15\n00:00:56,200 --> 00:01:01,640\nDon\'t you give up, nah-nah-nah\nI won\'t give up, nah-nah-nah\n\n16\n00:01:01,780 --> 00:01:06,300\nLet me love you\nLet me love you\n\n','2019-03-22 20:26:02','vyt5c93bdfc8caf15.08753899',NULL,'vyt5c94d4142f1573.53281054'),
	('vyt5c94f1f12bcb86.86844926','7erm2ykJNqM','0','2019-03-22 22:30:39','vyt5c93bdfc8caf15.08753899','2019-03-22 22:32:17','vyt5c94d0b04c2718.78663314'),
	('vyt5c94f20cab7ef2.74736133','hr5Am3HREmY','1\n00:00:01,285 --> 00:00:03,255\nAngelica Panganiban\n\n2\n00:00:04,795 --> 00:00:05,795\nCarlo Aquino\n\n3\n00:00:12,515 --> 00:00:14,475\nSweet\n\n4\n00:00:16,015 --> 00:00:17,955\nMoments\n\n5\n00:00:19,965 --> 00:00:21,655\n2018\n\n6\n00:00:22,465 --> 00:00:23,495\n \n\n7\n00:00:23,965 --> 00:00:24,965\n \n\n8\n00:00:26,515 --> 00:00:29,125\n \n\n9\n00:00:29,815 --> 00:00:30,815\n \n\n10\n00:00:32,175 --> 00:00:33,175\n \n\n11\n00:00:33,645 --> 00:00:35,515\n \n\n12\n00:00:37,885 --> 00:00:38,885\n \n\n13\n00:00:39,325 --> 00:00:40,325\n \n\n14\n00:00:45,425 --> 00:00:46,425\n \n\n15\n00:00:50,745 --> 00:00:51,765\n \n\n16\n00:00:54,995 --> 00:00:55,995\n \n\n17\n00:01:01,635 --> 00:01:02,635\n \n\n18\n00:01:07,315 --> 00:01:08,315\n \n\n19\n00:01:13,075 --> 00:01:14,335\n \n\n20\n00:01:25,155 --> 00:01:26,155\n \n\n21\n00:01:47,375 --> 00:01:48,375\n \n\n22\n00:01:53,065 --> 00:01:54,065\n \n\n23\n00:01:58,585 --> 00:02:00,045\n \n\n','2019-03-22 20:21:08','vyt5c93bdfc8caf15.08753899','2019-03-22 22:32:44','vyt5c94d0b04c2718.78663314'),
	('vyt5c94f4b61323f7.29156493','gocwRvLhDf8','1\n00:00:00,080 --> 00:00:03,120\nEvery YouTube video has a unique ID.\n\n2\n00:00:03,120 --> 00:00:05,770\nIt\'s up in the URL: a string of eleven characters\n\n3\n00:00:05,770 --> 00:00:08,820\nthat uniquely identifies which video you want.\n\n4\n00:00:08,820 --> 00:00:12,580\nNow, YouTube has millions and millions of\nvideos.\n\n5\n00:00:12,580 --> 00:00:16,460\nThe last stats that they released said they\nhave\n\n6\n00:00:16,460 --> 00:00:20,380\n400 hours of video being uploaded every minute.\n\n7\n00:00:20,380 --> 00:00:23,369\nSo: are they ever going to run out of those\nIDs?\n\n8\n00:00:23,369 --> 00:00:27,240\nWell, to find out, let\'s talk about counting\nsystems.\n\n9\n00:00:27,240 --> 00:00:29,509\nPeople count in Base 10. 0 to 9.\n\n10\n00:00:29,509 --> 00:00:31,949\nThat\'ll be, hopefully, familiar to you.\n\n11\n00:00:31,949 --> 00:00:34,060\nComputers count in base 2, in binary,\n\n12\n00:00:34,060 --> 00:00:36,200\nbut that\'s difficult for humans to read,\n\n13\n00:00:36,200 --> 00:00:38,900\nit gets too long to write really, really quickly,\n\n14\n00:00:38,900 --> 00:00:43,650\nso often computers will display it in base\n16, hexadecimal.\n\n15\n00:00:43,650 --> 00:00:46,340\nYou have 0 to 9, and then A to F,\n\n16\n00:00:46,340 --> 00:00:49,040\nand then you start adding to the next column.\n\n17\n00:00:49,040 --> 00:00:50,660\nHumans can\'t understand that easily,\n\n18\n00:00:50,660 --> 00:00:53,400\nbut it\'s efficient if we have to type it in\nsomewhere,\n\n19\n00:00:53,400 --> 00:00:59,100\nand 16 - 2 to the power of 4 - is also easy\nfor computers to deal with.\n\n20\n00:00:59,100 --> 00:01:00,790\nSo how about Base 64?\n\n21\n00:01:00,790 --> 00:01:05,360\nThat\'d be a ridiculous counting system, right?\nExcept.\n\n22\n00:01:05,360 --> 00:01:08,000\n64 is another one of those easy numbers for\ncomputers,\n\n23\n00:01:08,000 --> 00:01:10,370\nit is 2 to the power of 6.\n\n24\n00:01:10,370 --> 00:01:12,750\nAnd humans can get to 64 very easily:\n\n25\n00:01:12,750 --> 00:01:15,670\n0 to 9, then capital letters A to Z,\n\n26\n00:01:15,670 --> 00:01:18,770\nthen small letters a to z, and two other characters.\n\n27\n00:01:18,770 --> 00:01:20,850\nMost Base 64 uses slash and plus,\n\n28\n00:01:20,850 --> 00:01:22,810\nbut they don\'t work so well in URLs,\n\n29\n00:01:22,810 --> 00:01:25,830\nso YouTube uses hyphen and underscore.\n\n30\n00:01:25,830 --> 00:01:28,090\nThat YouTube URL, that unique ID,\n\n31\n00:01:28,090 --> 00:01:32,270\nis really just a random number in base 64.\n\n32\n00:01:32,270 --> 00:01:34,370\nThey could have have picked base 10 or base\n16,\n\n33\n00:01:34,370 --> 00:01:36,200\nbut they didn\'t: they went with 64,\n\n34\n00:01:36,200 --> 00:01:40,520\nbecause it will let you cram a huge number\ninto a small space\n\n35\n00:01:40,520 --> 00:01:43,090\nand still make it vaguely human readable.\n\n36\n00:01:43,090 --> 00:01:45,840\nAuthor and programmer Sam Hughes, by the way,\n\n37\n00:01:45,840 --> 00:01:51,210\npushed this to the limit, and invented Base\n65,536,\n\n38\n00:01:51,210 --> 00:01:54,740\nwhich includes basically every character from\nevery language.\n\n39\n00:01:54,740 --> 00:01:56,960\nIt is ridiculous and unnecessary,\n\n40\n00:01:56,960 --> 00:01:59,570\nbut when has that ever stopped programmers?\n\n41\n00:01:59,570 --> 00:02:04,659\nSo why didn\'t YouTube just start counting\nat 1 and work up?\n\n42\n00:02:04,659 --> 00:02:07,780\nWell, first, they would have to synchronise\ntheir counting\n\n43\n00:02:07,780 --> 00:02:11,370\nbetween all the servers handling the video\nuploads,\n\n44\n00:02:11,370 --> 00:02:14,400\nor they\'d have to assign each server a block\nof numbers.\n\n45\n00:02:14,400 --> 00:02:16,680\nEither way, there\'s a lot of tracking to do,\n\n46\n00:02:16,680 --> 00:02:18,740\na lot of making sure that it\'s never duplicated.\n\n47\n00:02:18,740 --> 00:02:21,690\nInstead, they just generate a random number\nfor each video,\n\n48\n00:02:21,690 --> 00:02:24,590\nsee if it\'s already taken, and if not, use\nit.\n\n49\n00:02:24,590 --> 00:02:28,090\nAnd secondly, it is a really, really bad idea\n\n50\n00:02:28,090 --> 00:02:32,390\nto just count 1, 2, 3 and so on in URLs.\n\n51\n00:02:32,390 --> 00:02:35,550\nIncremental counters, as they\'re called, can\nbe a big security flaw:\n\n52\n00:02:35,550 --> 00:02:39,510\nif you see video 283 up there, then you might\nwonder:\n\n53\n00:02:39,510 --> 00:02:42,260\nwhat\'s video 284? Or video 282?\n\n54\n00:02:42,260 --> 00:02:43,990\nIt\'s easy to enumerate, as it\'s called,\n\n55\n00:02:43,990 --> 00:02:46,520\nto run through the entire list.\n\n56\n00:02:46,520 --> 00:02:49,420\nYouTube Unlisted videos, the ones that don\'t\nappear publicly\n\n57\n00:02:49,420 --> 00:02:52,450\nbut that you can send the link to people,\nthose wouldn\'t work.\n\n58\n00:02:52,450 --> 00:02:57,970\nAnd by the way? Lots of badly designed sites\ndo use incremental counters.\n\n59\n00:02:57,970 --> 00:03:00,550\nAnd it is a terrible idea.\n\n60\n00:03:00,550 --> 00:03:03,569\nIt might tell your competitors exactly how\nmany customers you have,\n\n61\n00:03:03,569 --> 00:03:04,880\n\'cos they can just count them.\n\n62\n00:03:04,880 --> 00:03:07,750\nIt might let people download all your records\neasily,\n\n63\n00:03:07,750 --> 00:03:08,810\n\'cos they can just run through them.\n\n64\n00:03:08,810 --> 00:03:12,920\nAnd in one site that someone in Florida emailed\nme about this week,\n\n65\n00:03:12,920 --> 00:03:16,520\nit lets you look at other people\'s personal\ndetails.\n\n66\n00:03:16,520 --> 00:03:21,380\nDon\'t use incremental counters if you\'re building\na web site. Use a random number.\n\n67\n00:03:21,380 --> 00:03:22,930\nWhich brings me to the question:\n\n68\n00:03:22,930 --> 00:03:26,260\njust how big are the numbers that YouTube\nuses?\n\n69\n00:03:26,260 --> 00:03:28,310\nWell, let\'s work it out.\n\n70\n00:03:28,310 --> 00:03:32,310\nOne character of base 64 lets you have 64\nID numbers.\n\n71\n00:03:32,310 --> 00:03:37,569\nTwo characters? That\'s 64 by 64, or 4,096.\n\n72\n00:03:37,569 --> 00:03:42,610\nThree characters? 64 times 64 times 64 -- or\n64 to the power of 3.\n\n73\n00:03:42,610 --> 00:03:45,560\nThat is already more than a quarter of a million.\n\n74\n00:03:45,560 --> 00:03:50,590\nAnd if we go to four? Well, now we\'re above\n16 million.\n\n75\n00:03:50,590 --> 00:03:53,980\nIf you use Base 64, then you can assign an\nID number\n\n76\n00:03:53,980 --> 00:03:57,410\nto everyone who lives in London down there\ntwice over,\n\n77\n00:03:57,410 --> 00:04:00,489\nand you\'ll only need four characters.\n\n78\n00:04:00,489 --> 00:04:02,950\nThis gets big fast. We can keep on doing this,\n\n79\n00:04:02,950 --> 00:04:06,660\nand by seven characters we\'re already at four\nquadrillion.\n\n80\n00:04:06,660 --> 00:04:10,300\nNow, I assume that YouTube checks through\na dictionary,\n\n81\n00:04:10,300 --> 00:04:13,660\nand doesn\'t allow any actual words to appear\nup there --\n\n82\n00:04:13,660 --> 00:04:15,250\nparticularly anything rude.\n\n83\n00:04:15,250 --> 00:04:18,669\nBut that is going to be a tiny minority of\nthe URLs,\n\n84\n00:04:18,669 --> 00:04:22,069\nso for our purposes, we can pretty much just\nignore that.\n\n85\n00:04:22,069 --> 00:04:27,169\nAt YouTube\'s 11 characters, we are at 73 quintillion\n786 quadrillion\n\n86\n00:04:27,169 --> 00:04:30,589\n976 trillion 294 billion 838 million\n\n87\n00:04:30,589 --> 00:04:32,479\n206 thousand and 464 videos.\n\n88\n00:04:32,479 --> 00:04:35,669\nThat\'s enough for every single human on planet\nEarth\n\n89\n00:04:35,669 --> 00:04:41,629\nto upload a video every minute for around\n18,000 years.\n\n90\n00:04:41,629 --> 00:04:42,599\nYouTube planned ahead.\n\n91\n00:04:42,599 --> 00:04:45,889\nCan they run out of URLs? Technically, yes.\n\n92\n00:04:45,889 --> 00:04:49,969\nPractically? No. And if they did?\n\n93\n00:04:49,969 --> 00:04:52,559\nThey could just add one more character.\n\n94\n00:04:53,640 --> 00:04:56,180\n[Translating these subtitles? Add your name here!]\n\n95\n00:04:57,320 --> 00:05:02,960\nHa! One take! One take! Yes!\n\n','2019-03-22 20:30:42','vyt5c93bdfc8caf15.08753899','2019-03-22 22:44:06','vyt5c94d566932475.83678504');

/*!40000 ALTER TABLE `CAPTION` ENABLE KEYS */;
UNLOCK TABLES;


# Dump of table COMMENT
# ------------------------------------------------------------

DROP TABLE IF EXISTS `COMMENT`;

CREATE TABLE `COMMENT` (
  `ID` varchar(50) CHARACTER SET utf8 NOT NULL,
  `VIDEO_ID` varchar(50) CHARACTER SET utf8 NOT NULL,
  `NAME` varchar(100) CHARACTER SET utf8 NOT NULL DEFAULT '',
  `COMMENT` blob,
  `INSERT_TIMESTAMP` datetime NOT NULL DEFAULT CURRENT_TIMESTAMP,
  `INSERT_USER_ID` varchar(50) CHARACTER SET utf8 DEFAULT NULL,
  `YT_COMMENT_ID` varchar(50) CHARACTER SET utf8 NOT NULL DEFAULT '',
  `SEARCH_QUERY_ID` varchar(50) CHARACTER SET utf8mb4 DEFAULT NULL,
  PRIMARY KEY (`ID`,`VIDEO_ID`),
  UNIQUE KEY `ID` (`ID`),
  UNIQUE KEY `YT_COMMENT_ID` (`YT_COMMENT_ID`),
  KEY `VIDEO_ID` (`VIDEO_ID`)
) ENGINE=InnoDB DEFAULT CHARSET=utf8mb4 COLLATE=utf8mb4_bin;

LOCK TABLES `COMMENT` WRITE;
/*!40000 ALTER TABLE `COMMENT` DISABLE KEYS */;

INSERT INTO `COMMENT` (`ID`, `VIDEO_ID`, `NAME`, `COMMENT`, `INSERT_TIMESTAMP`, `INSERT_USER_ID`, `YT_COMMENT_ID`, `SEARCH_QUERY_ID`)
VALUES
	('vyt5c94f20f239ea6.35766787','hr5Am3HREmY','Ma Amiela Magpantay',X'536F2067616E65726E2E2E2E2061796177206E67206261737461206B6973732E2E2E20677573746F20796179616B61702070612069746F6E6720736920616E6767652E2E2E20617420616E672063616C6F79206179617720736120636865656B2E2E2E20677573746F207061207361206C6970732E2E2E206568206469206B61796F206E6121212120F09FA4A3F09FA4A3F09FA4A3','2019-03-22 20:21:11','vyt5c93bdfc8caf15.08753899','UgxdMP2qdMMG1GpaNK54AaABAg','vyt5c94d0b04c2718.78663314'),
	('vyt5c94f210c7a6b4.13712619','hr5Am3HREmY','Kristian Dayrit',X'536920616E6767652079756E67207469706F6E67206469206D6168696C6967206D6167206D616B652075702E206772616265206C616E6720626968697261206C616E67206B61736920736120617274697374612079616E672067616E64612E206E6170616B612073696D706C6520E29DA4','2019-03-22 20:21:13','vyt5c93bdfc8caf15.08753899','UgyDmZwKo_-0lybMmMR4AaABAg','vyt5c94d0b04c2718.78663314'),
	('vyt5c94f213b6e830.90702546','hr5Am3HREmY','Abby Coronado',X'43617267656C2065766572','2019-03-22 20:21:15','vyt5c93bdfc8caf15.08753899','UgyMNCgwIHTobADay9N4AaABAg','vyt5c94d0b04c2718.78663314'),
	('vyt5c94f215691678.73366782','hr5Am3HREmY','Kristian Dayrit',X'E29DA4E29DA4E29DA4','2019-03-22 20:21:16','vyt5c93bdfc8caf15.08753899','UgzIabM0elKpw43eR8Z4AaABAg','vyt5c94d0b04c2718.78663314'),
	('vyt5c94f4b866b908.31473434','gocwRvLhDf8','Nostalgia Nerd',X'5468617420776173206D696768747920696D70726573736976652C2020696E20312074616B65202D20657370656369616C6C7920776974682074686174206E756D626572207468726F776E20696E206E6561722074686520656E6421','2019-03-22 20:30:45','vyt5c93bdfc8caf15.08753899','UghrBlqdUkxbaHgCoAEC','vyt5c94d566932475.83678504'),
	('vyt5c94f4ba13bc35.58023745','gocwRvLhDf8','Demirramon',X'49206C6F7665207768656E20796F7520656E64206120766964656F2073637265616D696E67205C224F4E452054414B4521212121212121215C22','2019-03-22 20:30:47','vyt5c93bdfc8caf15.08753899','Ugw9qNU4LPTLOmRXMid4AaABAg','vyt5c94d566932475.83678504'),
	('vyt5c94f4bbaf86a2.28468298','gocwRvLhDf8','Byzantium/Byzantine empire/Eastern Roman Empire',X'42726974697368207673617573652E','2019-03-22 20:30:50','vyt5c93bdfc8caf15.08753899','Ugx2d4hM2lhifRTHdtt4AaABAg','vyt5c94d566932475.83678504'),
	('vyt5c94f4bd6d0873.56789417','gocwRvLhDf8','SweatyHands',X'49207265616420746865207469746C65206173205C22646F20796F7574756265727320657665722072756E206F7574206F662069646561733F5C22','2019-03-22 20:30:53','vyt5c93bdfc8caf15.08753899','UgxFCqLF7jH6MLotRup4AaABAg','vyt5c94d566932475.83678504'),
	('vyt5c94f4bf0b54e1.64823686','gocwRvLhDf8','Steel Xcaliber',X'457665727920596F755475626520766964656F20686173206120756E697175652049642E2E2E2E2E2E2E657863657074206F662057617463684D6F6A6F20616E64207265616374696F6E20766964656F732E','2019-03-22 20:30:54','vyt5c93bdfc8caf15.08753899','UgxVIo3I5TnqotbxFSZ4AaABAg','vyt5c94d566932475.83678504'),
	('vyt5c94f4c0c79c07.55783288','gocwRvLhDf8','Hadi Junaid',X'303A30342049207468696E6B2049206B6E6F772074686174206C696E6B','2019-03-22 20:30:58','vyt5c93bdfc8caf15.08753899','UgwfpFmqlGkvY-S4KbV4AaABAg','vyt5c94d566932475.83678504'),
	('vyt5c94f4c34c0ce2.92384427','gocwRvLhDf8','formidable',X'69742061637475616C6C7920646F65736EE28099742072756E207468652075726C73207468726F75676820612070726F66616E6974792066696C7465722C2074686572652061726520766964656F73207769746820737765617220776F72647320696E207468652075726C','2019-03-22 20:31:03','vyt5c93bdfc8caf15.08753899','Ugy1oWJvqGImISspmqx4AaABAg','vyt5c94d566932475.83678504'),
	('vyt5c94f4c60a13d8.67144169','gocwRvLhDf8','Aidan Mastro',X'313A3439206A757374206120676C6F7665206368696C6C696E','2019-03-22 20:31:01','vyt5c93bdfc8caf15.08753899','Ugz0IkNpPyAuT0NR20h4AaABAg','vyt5c94d566932475.83678504'),
	('vyt5c94f4c7beb186.93167649','gocwRvLhDf8','Kirby',X'446F6E5C277420776F7272792C2077652063616E20616C77617973207374617274207573696E672074686520677265656B20616C7068616265740A0A0A0A0A0A0A0A2A6568656D6D2A20616C6765627261','2019-03-22 20:31:04','vyt5c93bdfc8caf15.08753899','UgzaSLUgUyHuy_kDIkp4AaABAg','vyt5c94d566932475.83678504'),
	('vyt5c94f4c95bd0a7.80550089','gocwRvLhDf8','skkkr',X'495C276D207265616C6C7920696D70726573736564207468617420796F7520646964207468697320616C6C20696E206F6E652074616B65','2019-03-22 20:31:06','vyt5c93bdfc8caf15.08753899','Ugg3N-iJjBAu83gCoAEC','vyt5c94d566932475.83678504');

/*!40000 ALTER TABLE `COMMENT` ENABLE KEYS */;
UNLOCK TABLES;


# Dump of table RATING
# ------------------------------------------------------------

DROP TABLE IF EXISTS `RATING`;

CREATE TABLE `RATING` (
  `ID` varchar(50) CHARACTER SET utf8 NOT NULL,
  `VIDEO_ID` varchar(50) CHARACTER SET utf8 NOT NULL,
  `RATING` varchar(50) CHARACTER SET utf8 NOT NULL DEFAULT '0',
  `OVERALL_VIEW` int(50) unsigned NOT NULL DEFAULT '0',
  `LIKES` int(50) unsigned NOT NULL DEFAULT '0',
  `DISLIKES` int(50) unsigned NOT NULL DEFAULT '0',
  `INSERT_TIMESTAMP` datetime NOT NULL DEFAULT CURRENT_TIMESTAMP,
  `INSERT_USER_ID` varchar(50) CHARACTER SET utf8 DEFAULT NULL,
  `UPDATE_TIMESTAMP` datetime DEFAULT NULL ON UPDATE CURRENT_TIMESTAMP,
  `SEARCH_QUERY_ID` varchar(50) CHARACTER SET utf8mb4 DEFAULT NULL,
  PRIMARY KEY (`ID`,`VIDEO_ID`),
  UNIQUE KEY `ID` (`ID`),
  UNIQUE KEY `VIDEO_ID` (`VIDEO_ID`)
) ENGINE=InnoDB DEFAULT CHARSET=utf8mb4 COLLATE=utf8mb4_bin;

LOCK TABLES `RATING` WRITE;
/*!40000 ALTER TABLE `RATING` DISABLE KEYS */;

INSERT INTO `RATING` (`ID`, `VIDEO_ID`, `RATING`, `OVERALL_VIEW`, `LIKES`, `DISLIKES`, `INSERT_TIMESTAMP`, `INSERT_USER_ID`, `UPDATE_TIMESTAMP`, `SEARCH_QUERY_ID`)
VALUES
	('vyt5c94d3279266d5.74401878','4Z3S2uvDfiI','0',721,14,0,'2019-03-22 20:10:33','vyt5c93bdfc8caf15.08753899','2019-03-22 20:20:55','vyt5c94d0b04c2718.78663314'),
	('vyt5c94d4ff0c0df5.22527858','MZ3r8-LyASY','0',1474,43,6,'2019-03-22 20:25:03','vyt5c93bdfc8caf15.08753899','2019-03-22 20:28:47','vyt5c94d4142f1573.53281054'),
	('vyt5c94d50c5b5fb0.65716370','kffacxfA7G4','0',2082744414,11174483,10502766,'2019-03-22 20:24:52','vyt5c93bdfc8caf15.08753899','2019-03-22 20:29:00','vyt5c94d4142f1573.53281054'),
	('vyt5c94d50cbf6342.67641297','zxtR00850C4','0',64,4,0,'2019-03-22 20:24:54','vyt5c93bdfc8caf15.08753899','2019-03-22 20:29:00','vyt5c94d4142f1573.53281054'),
	('vyt5c94d50d2ef100.08839762','FBNGL_a8tLg','0',1046750,20790,659,'2019-03-22 20:24:53','vyt5c93bdfc8caf15.08753899','2019-03-22 20:29:01','vyt5c94d4142f1573.53281054'),
	('vyt5c94d50d7a0d01.95724752','JgdpLX-62U4','0',22,1,0,'2019-03-22 20:24:58','vyt5c93bdfc8caf15.08753899','2019-03-22 20:29:01','vyt5c94d4142f1573.53281054'),
	('vyt5c94d50dc55747.17027560','YIWN0rGRi44','0',27687,461,210,'2019-03-22 20:24:59','vyt5c93bdfc8caf15.08753899','2019-03-22 20:29:01','vyt5c94d4142f1573.53281054'),
	('vyt5c94d50e16f455.80249236','_kVyvmQnumc','0',7046,155,26,'2019-03-22 20:25:38','vyt5c93bdfc8caf15.08753899','2019-03-22 20:29:02','vyt5c94d4142f1573.53281054'),
	('vyt5c94d50e66d929.56663071','po7pxXn-kuI','0',4456995,96811,1930,'2019-03-22 20:24:55','vyt5c93bdfc8caf15.08753899','2019-03-22 20:29:02','vyt5c94d4142f1573.53281054'),
	('vyt5c94d50ecb2536.27799798','pQrwEEzHZag','0',2684063,141489,1054,'2019-03-22 20:24:56','vyt5c93bdfc8caf15.08753899','2019-03-22 20:29:02','vyt5c94d4142f1573.53281054'),
	('vyt5c94d50f21b604.52738459','qatjLIetYWw','0',496439,14377,2970,'2019-03-22 20:24:57','vyt5c93bdfc8caf15.08753899','2019-03-22 20:29:03','vyt5c94d4142f1573.53281054'),
	('vyt5c94d50f6e0151.62254237','bqjJK46_880','0',782,43,13,'2019-03-22 20:24:58','vyt5c93bdfc8caf15.08753899','2019-03-22 20:29:03','vyt5c94d4142f1573.53281054'),
	('vyt5c94d50fb9ff20.60946138','M6QWlPieKjs','0',4890862,133987,1935,'2019-03-22 20:25:00','vyt5c93bdfc8caf15.08753899','2019-03-22 20:29:03','vyt5c94d4142f1573.53281054'),
	('vyt5c94d5100f43e1.10265508','M6-1dXs9en0','0',900,4,5,'2019-03-22 20:25:00','vyt5c93bdfc8caf15.08753899','2019-03-22 20:29:04','vyt5c94d4142f1573.53281054'),
	('vyt5c94d510642b87.90794124','tviTCDZvYLE','0',77882,2458,134,'2019-03-22 20:24:55','vyt5c93bdfc8caf15.08753899','2019-03-22 20:29:04','vyt5c94d4142f1573.53281054'),
	('vyt5c94d510bdd155.19915439','NfzxAeqQRoo','0',128,25,3,'2019-03-22 20:25:00','vyt5c93bdfc8caf15.08753899','2019-03-22 20:29:04','vyt5c94d4142f1573.53281054'),
	('vyt5c94d511126bf0.89399268','_NDLcS6ElHs','0',112,20,0,'2019-03-22 20:24:57','vyt5c93bdfc8caf15.08753899','2019-03-22 20:29:05','vyt5c94d4142f1573.53281054'),
	('vyt5c94d511795fa9.81134415','JG_mizslC1U','0',26860519,304720,7946,'2019-03-22 20:24:53','vyt5c93bdfc8caf15.08753899','2019-03-22 20:29:05','vyt5c94d4142f1573.53281054'),
	('vyt5c94d511c37a22.51412799','fCQHrsGnVlI','0',28,1,0,'2019-03-22 20:24:58','vyt5c93bdfc8caf15.08753899','2019-03-22 20:29:05','vyt5c94d4142f1573.53281054'),
	('vyt5c94d5121b8688.83267008','pGVi6IM0MoA','0',27,1,0,'2019-03-22 20:24:59','vyt5c93bdfc8caf15.08753899','2019-03-22 20:29:06','vyt5c94d4142f1573.53281054'),
	('vyt5c94d5127ea122.64168082','tktiHL081Tg','0',166,2,1,'2019-03-22 20:25:04','vyt5c93bdfc8caf15.08753899','2019-03-22 20:29:06','vyt5c94d4142f1573.53281054'),
	('vyt5c94d512e25741.27601705','3C-8Yb_DuI0','0',579,1,0,'2019-03-22 20:25:03','vyt5c93bdfc8caf15.08753899','2019-03-22 20:29:06','vyt5c94d4142f1573.53281054'),
	('vyt5c94d513399176.28944203','m-lyWwQUAMc','0',237,20,3,'2019-03-22 20:24:57','vyt5c93bdfc8caf15.08753899','2019-03-22 20:29:07','vyt5c94d4142f1573.53281054'),
	('vyt5c94d5139d48e8.53245050','ldhyaNRJW20','0',894095,37003,693,'2019-03-22 20:25:01','vyt5c93bdfc8caf15.08753899','2019-03-22 20:29:07','vyt5c94d4142f1573.53281054'),
	('vyt5c94d5140c0a95.94342366','dSDTBUdeM4o','0',207,13,0,'2019-03-22 20:25:02','vyt5c93bdfc8caf15.08753899','2019-03-22 20:29:08','vyt5c94d4142f1573.53281054'),
	('vyt5c94d51455d889.16478243','WjiStgazJcg','0',327,29,1,'2019-03-22 20:25:01','vyt5c93bdfc8caf15.08753899','2019-03-22 20:29:08','vyt5c94d4142f1573.53281054'),
	('vyt5c94d514bc4ca1.10520335','DfvfW2Sro0g','0',66671,3620,49,'2019-03-22 20:25:01','vyt5c93bdfc8caf15.08753899','2019-03-22 20:29:08','vyt5c94d4142f1573.53281054'),
	('vyt5c94d56ebfbe48.89599111','i0p1bmr0EmE','0',274799425,2343257,195691,'2019-03-22 20:30:38','vyt5c93bdfc8caf15.08753899',NULL,'vyt5c94d566932475.83678504'),
	('vyt5c94e9d1287ff2.95689837','7wtfhZwyrcc','0',931680103,8383438,231457,'2019-03-22 21:57:37','vyt5c93bdfc8caf15.08753899',NULL,'vyt5c94d566932475.83678504'),
	('vyt5c94e9d18c31a3.04437517','EHdK5U2hf4o','0',15830353,1086561,9267,'2019-03-22 21:57:37','vyt5c93bdfc8caf15.08753899',NULL,'vyt5c94d566932475.83678504'),
	('vyt5c94eeede878d9.63047114','zzcuEa-An8c','0',101702,937,364,'2019-03-22 20:30:40','vyt5c93bdfc8caf15.08753899','2019-03-22 22:19:25','vyt5c94d566932475.83678504'),
	('vyt5c94eef0aedad5.79750537','gOsM-DYAEhY','0',558857098,3464015,102689,'2019-03-22 22:17:10','vyt5c93bdfc8caf15.08753899','2019-03-22 22:19:28','vyt5c94d566932475.83678504'),
	('vyt5c94eef4ae25e5.52021621','VyfCR2Fy4_w','0',32082,287,121,'2019-03-22 20:30:38','vyt5c93bdfc8caf15.08753899','2019-03-22 22:19:32','vyt5c94d566932475.83678504'),
	('vyt5c94f370e53260.55174015','By_Cn5ixYLg','0',52417513,7961482,84317,'2019-03-22 20:30:36','vyt5c93bdfc8caf15.08753899','2019-03-22 22:38:40','vyt5c94d566932475.83678504'),
	('vyt5c94f373c47597.79785062','G8APgeFfkAk','0',14714447,560670,16391,'2019-03-22 20:30:34','vyt5c93bdfc8caf15.08753899','2019-03-22 22:38:43','vyt5c94d566932475.83678504'),
	('vyt5c94f3741ae868.96103582','aJOTlE1K90k','0',2008937110,12978427,540575,'2019-03-22 20:30:37','vyt5c93bdfc8caf15.08753899','2019-03-22 22:38:44','vyt5c94d566932475.83678504'),
	('vyt5c94f3753a7ba8.57242762','cPAbx5kgCJo','0',539076946,1667201,181748,'2019-03-22 21:57:04','vyt5c93bdfc8caf15.08753899','2019-03-22 22:38:45','vyt5c94d566932475.83678504'),
	('vyt5c94f3781a5be1.36420034','ZAfAud_M_mg','0',151616670,2339758,53670,'2019-03-22 21:57:08','vyt5c93bdfc8caf15.08753899','2019-03-22 22:38:48','vyt5c94d566932475.83678504'),
	('vyt5c94f4cfe91d69.04535617','7erm2ykJNqM','0',19204,274,7,'2019-03-22 20:10:24','vyt5c93bdfc8caf15.08753899','2019-03-22 22:44:31','vyt5c94d0b04c2718.78663314'),
	('vyt5c94f4d03f6e86.57662525','yvX8axLtwPI','0',1308222,14127,172,'2019-03-22 20:10:25','vyt5c93bdfc8caf15.08753899','2019-03-22 22:44:32','vyt5c94d0b04c2718.78663314'),
	('vyt5c94f4d08cde20.27989592','Rh9DY457bNM','0',195441,2087,40,'2019-03-22 20:10:25','vyt5c93bdfc8caf15.08753899','2019-03-22 22:44:32','vyt5c94d0b04c2718.78663314'),
	('vyt5c94f4d0d6fde4.41604627','hr5Am3HREmY','0',25091,320,6,'2019-03-22 20:10:25','vyt5c93bdfc8caf15.08753899','2019-03-22 22:44:32','vyt5c94d0b04c2718.78663314'),
	('vyt5c94f4d14a1cf2.65544149','CcQ0fxjTC8M','0',7406,107,0,'2019-03-22 20:10:26','vyt5c93bdfc8caf15.08753899','2019-03-22 22:44:33','vyt5c94d0b04c2718.78663314'),
	('vyt5c94f4d1946975.05421631','GChKQWIaTK4','0',31185,196,8,'2019-03-22 20:10:26','vyt5c93bdfc8caf15.08753899','2019-03-22 22:44:33','vyt5c94d0b04c2718.78663314'),
	('vyt5c94f4d1e84371.14296946','UFyjzB_8eKY','0',114675,873,33,'2019-03-22 20:10:27','vyt5c93bdfc8caf15.08753899','2019-03-22 22:44:33','vyt5c94d0b04c2718.78663314'),
	('vyt5c94f4d24fb849.95967756','wwKIPq4OQLw','0',2238,42,1,'2019-03-22 20:10:27','vyt5c93bdfc8caf15.08753899','2019-03-22 22:44:34','vyt5c94d0b04c2718.78663314'),
	('vyt5c94f4d29b05e7.29510672','EJkrUM-82Us','0',16,0,0,'2019-03-22 20:10:27','vyt5c93bdfc8caf15.08753899','2019-03-22 22:44:34','vyt5c94d0b04c2718.78663314'),
	('vyt5c94f4d30a6cd9.17228472','oO8K1DKyc1k','0',237444,2000,18,'2019-03-22 20:10:28','vyt5c93bdfc8caf15.08753899','2019-03-22 22:44:35','vyt5c94d0b04c2718.78663314'),
	('vyt5c94f4d36ea625.21249971','LLp4kgZZ4-o','0',6700,216,1,'2019-03-22 20:10:28','vyt5c93bdfc8caf15.08753899','2019-03-22 22:44:35','vyt5c94d0b04c2718.78663314'),
	('vyt5c94f4d3d24531.30177305','DrAMsCKv_GM','0',102,0,0,'2019-03-22 20:10:28','vyt5c93bdfc8caf15.08753899','2019-03-22 22:44:35','vyt5c94d0b04c2718.78663314'),
	('vyt5c94f4d4291bc6.92189740','hCUDNhjJ0E0','0',299,4,0,'2019-03-22 20:10:29','vyt5c93bdfc8caf15.08753899','2019-03-22 22:44:36','vyt5c94d0b04c2718.78663314'),
	('vyt5c94f4d4722978.77022688','pwZFvkGuy0Q','0',2510,43,0,'2019-03-22 20:10:29','vyt5c93bdfc8caf15.08753899','2019-03-22 22:44:36','vyt5c94d0b04c2718.78663314'),
	('vyt5c94f4d4bf0195.51547461','zPdewquVB2w','0',662,15,1,'2019-03-22 20:10:30','vyt5c93bdfc8caf15.08753899','2019-03-22 22:44:36','vyt5c94d0b04c2718.78663314'),
	('vyt5c94f4d52ecc04.22943706','--ttvZEOftI','0',950,8,0,'2019-03-22 20:10:30','vyt5c93bdfc8caf15.08753899','2019-03-22 22:44:37','vyt5c94d0b04c2718.78663314'),
	('vyt5c94f4d579e3c1.54131674','P9vYXTnuDc8','0',1269,28,1,'2019-03-22 20:10:31','vyt5c93bdfc8caf15.08753899','2019-03-22 22:44:37','vyt5c94d0b04c2718.78663314'),
	('vyt5c94f4d5c4e8c4.83841004','jcRF12fj5bI','0',465,8,0,'2019-03-22 20:10:30','vyt5c93bdfc8caf15.08753899','2019-03-22 22:44:37','vyt5c94d0b04c2718.78663314'),
	('vyt5c94f4d61ba3d4.99398910','3wnZrha0ImM','0',1044,13,0,'2019-03-22 20:10:31','vyt5c93bdfc8caf15.08753899','2019-03-22 22:44:38','vyt5c94d0b04c2718.78663314'),
	('vyt5c94f4d666b6b6.43171681','Vtp8nOmCzII','0',19,1,0,'2019-03-22 20:10:31','vyt5c93bdfc8caf15.08753899','2019-03-22 22:44:38','vyt5c94d0b04c2718.78663314'),
	('vyt5c94f4d6b1c905.87800652','0Ny-OrHnKyY','0',562,11,0,'2019-03-22 22:30:15','vyt5c93bdfc8caf15.08753899','2019-03-22 22:44:38','vyt5c94d0b04c2718.78663314'),
	('vyt5c94f4d721a261.49286357','UkcvHzSzadw','0',74552,688,16,'2019-03-22 20:10:32','vyt5c93bdfc8caf15.08753899','2019-03-22 22:44:39','vyt5c94d0b04c2718.78663314'),
	('vyt5c94f4d77e2c94.68783991','oFGA31WgZQo','0',162,4,2,'2019-03-22 20:10:32','vyt5c93bdfc8caf15.08753899','2019-03-22 22:44:39','vyt5c94d0b04c2718.78663314'),
	('vyt5c94f4d7d0f772.10246704','w5T5S927nVU','0',493,19,3,'2019-03-22 20:10:32','vyt5c93bdfc8caf15.08753899','2019-03-22 22:44:39','vyt5c94d0b04c2718.78663314'),
	('vyt5c94f4d82ab212.14032443','EM08dv1FLug','0',17303,146,7,'2019-03-22 20:10:33','vyt5c93bdfc8caf15.08753899','2019-03-22 22:44:40','vyt5c94d0b04c2718.78663314'),
	('vyt5c98f42fbf21e3.37760100','gocwRvLhDf8','0',2019828,86472,777,'2019-03-22 20:30:31','vyt5c93bdfc8caf15.08753899','2019-03-25 23:30:55','vyt5c94d566932475.83678504'),
	('vyt5c98f43014fb02.27112353','M_ThtCRAySw','0',16664300,175417,8971,'2019-03-25 23:30:56','vyt5c93bdfc8caf15.08753899',NULL,'vyt5c94d566932475.83678504'),
	('vyt5c98f430676623.32804666','YbJOTdZBX1g','0',169461825,2571892,16379972,'2019-03-22 20:30:31','vyt5c93bdfc8caf15.08753899','2019-03-25 23:30:56','vyt5c94d566932475.83678504'),
	('vyt5c98f430cae688.91797930','kHLHSlExFis','0',214797162,3423173,399190,'2019-03-22 20:30:32','vyt5c93bdfc8caf15.08753899','2019-03-25 23:30:56','vyt5c94d566932475.83678504'),
	('vyt5c98f4313a69d6.28219630','fNubFbeIFms','0',12419990,122631,7968,'2019-03-22 20:30:33','vyt5c93bdfc8caf15.08753899','2019-03-25 23:30:57','vyt5c94d566932475.83678504'),
	('vyt5c98f431874eb2.56017142','VY1eFxgRR-k','0',198909249,2291202,100649,'2019-03-22 20:30:36','vyt5c93bdfc8caf15.08753899','2019-03-25 23:30:57','vyt5c94d566932475.83678504'),
	('vyt5c98f431e9dd85.91580622','_quu68XXHEs','0',14525106,126348,12608,'2019-03-22 20:30:31','vyt5c93bdfc8caf15.08753899','2019-03-25 23:30:57','vyt5c94d566932475.83678504'),
	('vyt5c98f432598a41.62172433','JePnQ1gSagc','0',91801124,1392978,33522,'2019-03-22 20:30:33','vyt5c93bdfc8caf15.08753899','2019-03-25 23:30:58','vyt5c94d566932475.83678504'),
	('vyt5c98f432bdf122.85541803','LH4Y1ZUUx2g','0',150965663,3713371,183082,'2019-03-25 23:30:58','vyt5c93bdfc8caf15.08753899',NULL,'vyt5c94d566932475.83678504'),
	('vyt5c98f4332d41c8.99529801','YrbgUtCfnC0','0',56313203,1125462,49512,'2019-03-22 20:30:33','vyt5c93bdfc8caf15.08753899','2019-03-25 23:30:59','vyt5c94d566932475.83678504'),
	('vyt5c98f433786032.55673893','6wVQS5qzUwM','0',839,24,1,'2019-03-22 20:30:35','vyt5c93bdfc8caf15.08753899','2019-03-25 23:30:59','vyt5c94d566932475.83678504'),
	('vyt5c98f433dc4fa5.73510623','pbMwTqkKSps','0',182444899,3869696,100693,'2019-03-22 20:30:32','vyt5c93bdfc8caf15.08753899','2019-03-25 23:30:59','vyt5c94d566932475.83678504'),
	('vyt5c98f434332a61.24944387','ENRFQ2-y0AM','0',26929860,125632,11352,'2019-03-22 20:30:38','vyt5c93bdfc8caf15.08753899','2019-03-25 23:31:00','vyt5c94d566932475.83678504'),
	('vyt5c98f434973355.81143658','VYOjWnS4cMY','0',517105257,7800754,605636,'2019-03-22 20:30:35','vyt5c93bdfc8caf15.08753899','2019-03-25 23:31:00','vyt5c94d566932475.83678504'),
	('vyt5c98f435b60f60.57122419','mbN8UH8FBm8','0',39035035,172278,14035,'2019-03-22 20:30:39','vyt5c93bdfc8caf15.08753899','2019-03-25 23:31:01','vyt5c94d566932475.83678504'),
	('vyt5c98f4360dd6e4.98739618','CAb_bCtKuXg','0',63179978,1453109,34326,'2019-03-22 20:30:39','vyt5c93bdfc8caf15.08753899','2019-03-25 23:31:02','vyt5c94d566932475.83678504'),
	('vyt5c98f43670d4a3.01645638','HUHC9tYz8ik','0',95401633,3547659,90478,'2019-03-22 21:57:09','vyt5c93bdfc8caf15.08753899','2019-03-25 23:31:02','vyt5c94d566932475.83678504'),
	('vyt5c98f436d5e8f9.31786550','ShZ978fBl6Y','0',364744555,2463994,49828,'2019-03-22 20:30:35','vyt5c93bdfc8caf15.08753899','2019-03-25 23:31:02','vyt5c94d566932475.83678504'),
	('vyt5c98f43744a9d2.56531309','pBuZEGYXA6E','0',409445382,8800852,546195,'2019-03-22 20:30:37','vyt5c93bdfc8caf15.08753899','2019-03-25 23:31:03','vyt5c94d566932475.83678504'),
	('vyt5c98f437a9a605.62885494','YKx5Yd2zvKk','0',4338,122,9,'2019-03-22 20:30:34','vyt5c93bdfc8caf15.08753899','2019-03-25 23:31:03','vyt5c94d566932475.83678504'),
	('vyt5c98f43819b576.11494297','OKNXn2qCEws','0',53543697,1085231,29385,'2019-03-25 23:31:04','vyt5c93bdfc8caf15.08753899',NULL,'vyt5c94d566932475.83678504'),
	('vyt5c98f4387c91a3.75613564','4_5lPJ5kFBs','0',53041,355,316,'2019-03-22 21:57:05','vyt5c93bdfc8caf15.08753899','2019-03-25 23:31:04','vyt5c94d566932475.83678504'),
	('vyt5c98f438e11370.05723010','52nfjRzIaj8','0',131951914,1209219,27317,'2019-03-22 21:57:38','vyt5c93bdfc8caf15.08753899','2019-03-25 23:31:04','vyt5c94d566932475.83678504'),
	('vyt5c98f43950ace8.46684962','G025oxyWv0E','0',1881882,186693,1061,'2019-03-22 21:57:07','vyt5c93bdfc8caf15.08753899','2019-03-25 23:31:05','vyt5c94d566932475.83678504'),
	('vyt5c98f4399fbd82.12142281','Pt2geaN96Os','0',3550,72,10,'2019-03-22 20:30:36','vyt5c93bdfc8caf15.08753899','2019-03-25 23:31:05','vyt5c94d566932475.83678504');

/*!40000 ALTER TABLE `RATING` ENABLE KEYS */;
UNLOCK TABLES;


# Dump of table SEARCH_QUERY
# ------------------------------------------------------------

DROP TABLE IF EXISTS `SEARCH_QUERY`;

CREATE TABLE `SEARCH_QUERY` (
  `ID` varchar(50) CHARACTER SET utf8 NOT NULL,
  `USER_ID` varchar(50) CHARACTER SET utf8 NOT NULL,
  `QUERY` varchar(1000) CHARACTER SET utf8 COLLATE utf8_unicode_ci NOT NULL,
  `CREATE_TIMESTAMP` datetime DEFAULT CURRENT_TIMESTAMP,
  `ACTIVE_FLAG` int(11) NOT NULL DEFAULT '1',
  `UPDATE_TIMESTAMP` datetime DEFAULT NULL ON UPDATE CURRENT_TIMESTAMP,
  PRIMARY KEY (`ID`,`USER_ID`),
  UNIQUE KEY `ID` (`ID`),
  KEY `USER_ID` (`USER_ID`)
) ENGINE=InnoDB DEFAULT CHARSET=utf8mb4 COLLATE=utf8mb4_bin;

LOCK TABLES `SEARCH_QUERY` WRITE;
/*!40000 ALTER TABLE `SEARCH_QUERY` DISABLE KEYS */;

INSERT INTO `SEARCH_QUERY` (`ID`, `USER_ID`, `QUERY`, `CREATE_TIMESTAMP`, `ACTIVE_FLAG`, `UPDATE_TIMESTAMP`)
VALUES
	('vyt5c94d0b04c2718.78663314','vyt5c93bdfc8caf15.08753899','cargel','2019-03-22 20:10:24',1,NULL),
	('vyt5c94d4142f1573.53281054','vyt5c93bdfc8caf15.08753899','kffacxfA7G4','2019-03-22 20:24:52',1,NULL),
	('vyt5c94d566932475.83678504','vyt5c93bdfc8caf15.08753899','every youtube has a video id','2019-03-22 20:30:30',1,NULL);

/*!40000 ALTER TABLE `SEARCH_QUERY` ENABLE KEYS */;
UNLOCK TABLES;


# Dump of table SEARCH_RESULT
# ------------------------------------------------------------

DROP TABLE IF EXISTS `SEARCH_RESULT`;

CREATE TABLE `SEARCH_RESULT` (
  `ID` varchar(50) CHARACTER SET utf8 NOT NULL,
  `SEARCH_QUERY_ID` varchar(50) CHARACTER SET utf8 NOT NULL,
  `VIDEO_ID` varchar(50) CHARACTER SET utf8 NOT NULL,
  `INSERT_USER_ID` varchar(50) CHARACTER SET utf8mb4 DEFAULT NULL,
  PRIMARY KEY (`ID`,`SEARCH_QUERY_ID`,`VIDEO_ID`),
  UNIQUE KEY `ID` (`ID`),
  UNIQUE KEY `VIDEO_ID` (`VIDEO_ID`),
  KEY `SEARCH_QUERY` (`SEARCH_QUERY_ID`)
) ENGINE=InnoDB DEFAULT CHARSET=utf8mb4 COLLATE=utf8mb4_bin;

LOCK TABLES `SEARCH_RESULT` WRITE;
/*!40000 ALTER TABLE `SEARCH_RESULT` DISABLE KEYS */;

INSERT INTO `SEARCH_RESULT` (`ID`, `SEARCH_QUERY_ID`, `VIDEO_ID`, `INSERT_USER_ID`)
VALUES
	('vyt5c94d0b0ad64a1.75807812','vyt5c94d0b04c2718.78663314','vyt5c94d0b0aaa6a7.60415755','vyt5c93bdfc8caf15.08753899'),
	('vyt5c94d0b11a7a62.19670427','vyt5c94d0b04c2718.78663314','vyt5c94d0b11940e7.56927518','vyt5c93bdfc8caf15.08753899'),
	('vyt5c94d0b17e6f78.65595274','vyt5c94d0b04c2718.78663314','vyt5c94d0b17d5189.52537347','vyt5c93bdfc8caf15.08753899'),
	('vyt5c94d0b1e26b19.87270664','vyt5c94d0b04c2718.78663314','vyt5c94d0b1e120a3.27845926','vyt5c93bdfc8caf15.08753899'),
	('vyt5c94d0b2362563.07232983','vyt5c94d0b04c2718.78663314','vyt5c94d0b234fb06.55539593','vyt5c93bdfc8caf15.08753899'),
	('vyt5c94d0b29d7fb7.16111269','vyt5c94d0b04c2718.78663314','vyt5c94d0b29c58a1.79953444','vyt5c93bdfc8caf15.08753899'),
	('vyt5c94d0b30d4514.58273966','vyt5c94d0b04c2718.78663314','vyt5c94d0b30c3418.31527835','vyt5c93bdfc8caf15.08753899'),
	('vyt5c94d0b370d6b4.58372113','vyt5c94d0b04c2718.78663314','vyt5c94d0b36fef27.91539149','vyt5c93bdfc8caf15.08753899'),
	('vyt5c94d0b3d59729.02542878','vyt5c94d0b04c2718.78663314','vyt5c94d0b3d46b78.69264270','vyt5c93bdfc8caf15.08753899'),
	('vyt5c94d0b4452264.74645108','vyt5c94d0b04c2718.78663314','vyt5c94d0b443fe92.99968083','vyt5c93bdfc8caf15.08753899'),
	('vyt5c94d0b4900a93.67159734','vyt5c94d0b04c2718.78663314','vyt5c94d0b48ef931.05775687','vyt5c93bdfc8caf15.08753899'),
	('vyt5c94d0b4e23236.14599244','vyt5c94d0b04c2718.78663314','vyt5c94d0b4e11cb3.61193600','vyt5c93bdfc8caf15.08753899'),
	('vyt5c94d0b539e450.75741331','vyt5c94d0b04c2718.78663314','vyt5c94d0b5390836.49207997','vyt5c93bdfc8caf15.08753899'),
	('vyt5c94d0b5806da4.62555637','vyt5c94d0b04c2718.78663314','vyt5c94d0b57f50c3.60298833','vyt5c93bdfc8caf15.08753899'),
	('vyt5c94d0b605d694.15020198','vyt5c94d0b04c2718.78663314','vyt5c94d0b6048ce5.14605821','vyt5c93bdfc8caf15.08753899'),
	('vyt5c94d0b669dd26.52323288','vyt5c94d0b04c2718.78663314','vyt5c94d0b668cc78.55809537','vyt5c93bdfc8caf15.08753899'),
	('vyt5c94d0b6cddf80.70124804','vyt5c94d0b04c2718.78663314','vyt5c94d0b6cca871.91649918','vyt5c93bdfc8caf15.08753899'),
	('vyt5c94d0b732eb63.53018578','vyt5c94d0b04c2718.78663314','vyt5c94d0b731c372.47930926','vyt5c93bdfc8caf15.08753899'),
	('vyt5c94d0b77cc497.52906885','vyt5c94d0b04c2718.78663314','vyt5c94d0b77c0f19.49188362','vyt5c93bdfc8caf15.08753899'),
	('vyt5c94d0b7ce4386.84485296','vyt5c94d0b04c2718.78663314','vyt5c94d0b7cd0333.44733242','vyt5c93bdfc8caf15.08753899'),
	('vyt5c94d0b875a612.79645809','vyt5c94d0b04c2718.78663314','vyt5c94d0b87474d7.84071325','vyt5c93bdfc8caf15.08753899'),
	('vyt5c94d0b8c3f2c0.28964506','vyt5c94d0b04c2718.78663314','vyt5c94d0b8c32bf7.62641429','vyt5c93bdfc8caf15.08753899'),
	('vyt5c94d0b930b163.78416821','vyt5c94d0b04c2718.78663314','vyt5c94d0b92f5249.68753002','vyt5c93bdfc8caf15.08753899'),
	('vyt5c94d0b97af8f9.24300514','vyt5c94d0b04c2718.78663314','vyt5c94d0b97a0e58.92425994','vyt5c93bdfc8caf15.08753899'),
	('vyt5c94d414884759.06774035','vyt5c94d4142f1573.53281054','vyt5c94d41487d409.07473117','vyt5c93bdfc8caf15.08753899'),
	('vyt5c94d415f32a18.91858176','vyt5c94d4142f1573.53281054','vyt5c94d415f26fd4.10682554','vyt5c93bdfc8caf15.08753899'),
	('vyt5c94d416623b58.61580660','vyt5c94d4142f1573.53281054','vyt5c94d416617119.98987323','vyt5c93bdfc8caf15.08753899'),
	('vyt5c94d4178117d5.93206845','vyt5c94d4142f1573.53281054','vyt5c94d417804b82.16157971','vyt5c93bdfc8caf15.08753899'),
	('vyt5c94d417e53e28.84518275','vyt5c94d4142f1573.53281054','vyt5c94d417e482c6.63900467','vyt5c93bdfc8caf15.08753899'),
	('vyt5c94d4183c76f6.98228670','vyt5c94d4142f1573.53281054','vyt5c94d4183b4235.33869508','vyt5c93bdfc8caf15.08753899'),
	('vyt5c94d4194dcfc5.18825337','vyt5c94d4142f1573.53281054','vyt5c94d4194cfba2.41701784','vyt5c93bdfc8caf15.08753899'),
	('vyt5c94d419a83a98.19533426','vyt5c94d4142f1573.53281054','vyt5c94d419a7ac99.52234334','vyt5c93bdfc8caf15.08753899'),
	('vyt5c94d419efe797.07117776','vyt5c94d4142f1573.53281054','vyt5c94d419ef5128.21147233','vyt5c93bdfc8caf15.08753899'),
	('vyt5c94d41a9e1340.28538039','vyt5c94d4142f1573.53281054','vyt5c94d41a9da7b3.51673827','vyt5c93bdfc8caf15.08753899'),
	('vyt5c94d41ae9d595.05764750','vyt5c94d4142f1573.53281054','vyt5c94d41ae8e360.40349713','vyt5c93bdfc8caf15.08753899'),
	('vyt5c94d41b48d0b9.40916396','vyt5c94d4142f1573.53281054','vyt5c94d41b47f9b7.34813840','vyt5c93bdfc8caf15.08753899'),
	('vyt5c94d41bb2ab16.28025437','vyt5c94d4142f1573.53281054','vyt5c94d41bb1b242.72736032','vyt5c93bdfc8caf15.08753899'),
	('vyt5c94d41c114296.69343673','vyt5c94d4142f1573.53281054','vyt5c94d41c105133.30023234','vyt5c93bdfc8caf15.08753899'),
	('vyt5c94d41c6c0592.92883437','vyt5c94d4142f1573.53281054','vyt5c94d41c6b8a72.17264955','vyt5c93bdfc8caf15.08753899'),
	('vyt5c94d41cd09a17.91550955','vyt5c94d4142f1573.53281054','vyt5c94d41ccfba63.33192513','vyt5c93bdfc8caf15.08753899'),
	('vyt5c94d41d3a8cc9.89340248','vyt5c94d4142f1573.53281054','vyt5c94d41d3a18a3.46669775','vyt5c93bdfc8caf15.08753899'),
	('vyt5c94d41d866216.58764440','vyt5c94d4142f1573.53281054','vyt5c94d41d85a252.45100018','vyt5c93bdfc8caf15.08753899'),
	('vyt5c94d41dd7c5a7.60261500','vyt5c94d4142f1573.53281054','vyt5c94d41dd594f4.73359557','vyt5c93bdfc8caf15.08753899'),
	('vyt5c94d41ee75190.33539512','vyt5c94d4142f1573.53281054','vyt5c94d41ee6c826.22291695','vyt5c93bdfc8caf15.08753899'),
	('vyt5c94d41f436a40.04501074','vyt5c94d4142f1573.53281054','vyt5c94d41f42f4c0.25485020','vyt5c93bdfc8caf15.08753899'),
	('vyt5c94d41fb015d0.38937588','vyt5c94d4142f1573.53281054','vyt5c94d41faf6106.62366199','vyt5c93bdfc8caf15.08753899'),
	('vyt5c94d42038f879.72415188','vyt5c94d4142f1573.53281054','vyt5c94d4203822e8.15864709','vyt5c93bdfc8caf15.08753899'),
	('vyt5c94d4428a6792.60419256','vyt5c94d4142f1573.53281054','vyt5c94d44289ab95.36439738','vyt5c93bdfc8caf15.08753899'),
	('vyt5c94d567014064.74123938','vyt5c94d566932475.83678504','vyt5c94d5670038d5.42610043','vyt5c93bdfc8caf15.08753899'),
	('vyt5c94d56765a963.36103899','vyt5c94d566932475.83678504','vyt5c94d567650a22.40300314','vyt5c93bdfc8caf15.08753899'),
	('vyt5c94d567c89583.99318916','vyt5c94d566932475.83678504','vyt5c94d567c7c517.87848218','vyt5c93bdfc8caf15.08753899'),
	('vyt5c94d5681d19d6.99540846','vyt5c94d566932475.83678504','vyt5c94d5681c1574.18544598','vyt5c93bdfc8caf15.08753899'),
	('vyt5c94d5686aa9e6.31233054','vyt5c94d566932475.83678504','vyt5c94d5686a1a62.68631575','vyt5c93bdfc8caf15.08753899'),
	('vyt5c94d568b599e0.81533665','vyt5c94d566932475.83678504','vyt5c94d568b49ea6.72038313','vyt5c93bdfc8caf15.08753899'),
	('vyt5c94d56925a511.84411791','vyt5c94d566932475.83678504','vyt5c94d56924ad91.07448386','vyt5c93bdfc8caf15.08753899'),
	('vyt5c94d5698a0b36.84908776','vyt5c94d566932475.83678504','vyt5c94d569894bf9.39418549','vyt5c93bdfc8caf15.08753899'),
	('vyt5c94d569edae66.07783796','vyt5c94d566932475.83678504','vyt5c94d569ec9d22.28187760','vyt5c93bdfc8caf15.08753899'),
	('vyt5c94d56a5d2540.51174529','vyt5c94d566932475.83678504','vyt5c94d56a5c4b23.24539104','vyt5c93bdfc8caf15.08753899'),
	('vyt5c94d56ac18152.81462240','vyt5c94d566932475.83678504','vyt5c94d56ac098b5.70464092','vyt5c93bdfc8caf15.08753899'),
	('vyt5c94d56b21e885.83471431','vyt5c94d566932475.83678504','vyt5c94d56b1769b4.57551566','vyt5c93bdfc8caf15.08753899'),
	('vyt5c94d56b7cef10.25376425','vyt5c94d566932475.83678504','vyt5c94d56b7c5e72.82653170','vyt5c93bdfc8caf15.08753899'),
	('vyt5c94d56bc85748.84829235','vyt5c94d566932475.83678504','vyt5c94d56bc762a5.18195086','vyt5c93bdfc8caf15.08753899'),
	('vyt5c94d56c248fe4.38671653','vyt5c94d566932475.83678504','vyt5c94d56c240170.89886337','vyt5c93bdfc8caf15.08753899'),
	('vyt5c94d56c8260d6.96601836','vyt5c94d566932475.83678504','vyt5c94d56c8181e0.98851972','vyt5c93bdfc8caf15.08753899'),
	('vyt5c94d56ce6f584.59219377','vyt5c94d566932475.83678504','vyt5c94d56ce59aa3.04029337','vyt5c93bdfc8caf15.08753899'),
	('vyt5c94d56d3cd3b8.50844396','vyt5c94d566932475.83678504','vyt5c94d56d3c0bb4.10860627','vyt5c93bdfc8caf15.08753899'),
	('vyt5c94d56da27931.03500863','vyt5c94d566932475.83678504','vyt5c94d56da19d11.37761765','vyt5c93bdfc8caf15.08753899'),
	('vyt5c94d56e0da228.69489180','vyt5c94d566932475.83678504','vyt5c94d56e0ccca4.26821979','vyt5c93bdfc8caf15.08753899'),
	('vyt5c94d56e585793.04586542','vyt5c94d566932475.83678504','vyt5c94d56e572ba2.31631571','vyt5c93bdfc8caf15.08753899'),
	('vyt5c94d56ec00776.39677500','vyt5c94d566932475.83678504','vyt5c94d56ebf3d64.64872926','vyt5c93bdfc8caf15.08753899'),
	('vyt5c94d56f2fe7d2.24632413','vyt5c94d566932475.83678504','vyt5c94d56f2edc09.04049243','vyt5c93bdfc8caf15.08753899'),
	('vyt5c94d56f942620.68625260','vyt5c94d566932475.83678504','vyt5c94d56f92fd20.89239898','vyt5c93bdfc8caf15.08753899'),
	('vyt5c94d57003e458.70147079','vyt5c94d566932475.83678504','vyt5c94d570036419.39538108','vyt5c93bdfc8caf15.08753899'),
	('vyt5c94e9b0c56881.37390463','vyt5c94d566932475.83678504','vyt5c94e9b0c44439.26077393','vyt5c93bdfc8caf15.08753899'),
	('vyt5c94e9b11cd252.46920395','vyt5c94d566932475.83678504','vyt5c94e9b11bac47.22578026','vyt5c93bdfc8caf15.08753899'),
	('vyt5c94e9b3efd116.68120252','vyt5c94d566932475.83678504','vyt5c94e9b3eeb4c1.12425674','vyt5c93bdfc8caf15.08753899'),
	('vyt5c94e9b45f7558.66057792','vyt5c94d566932475.83678504','vyt5c94e9b45e7d81.60069937','vyt5c93bdfc8caf15.08753899'),
	('vyt5c94e9b5337123.68880971','vyt5c94d566932475.83678504','vyt5c94e9b5325200.65876932','vyt5c93bdfc8caf15.08753899'),
	('vyt5c94e9d128fb93.62636024','vyt5c94d566932475.83678504','vyt5c94e9d1278c71.67827660','vyt5c93bdfc8caf15.08753899'),
	('vyt5c94e9d18ca5c8.25620142','vyt5c94d566932475.83678504','vyt5c94e9d18b8eb4.82128969','vyt5c93bdfc8caf15.08753899'),
	('vyt5c94e9d2609956.28652850','vyt5c94d566932475.83678504','vyt5c94e9d25f8a52.14336485','vyt5c93bdfc8caf15.08753899'),
	('vyt5c94ee667519c0.09437186','','vyt5c94ee6673e9c4.47065237','vyt5c93bdfc8caf15.08753899'),
	('vyt5c94f177db4a36.70497208','vyt5c94d0b04c2718.78663314','vyt5c94f177da1a14.58926686','vyt5c93bdfc8caf15.08753899'),
	('vyt5c98f430158ee9.30057657','vyt5c94d566932475.83678504','vyt5c98f430144766.31531253','vyt5c93bdfc8caf15.08753899'),
	('vyt5c98f432be68c6.58112990','vyt5c94d566932475.83678504','vyt5c98f432bd4855.33519542','vyt5c93bdfc8caf15.08753899'),
	('vyt5c98f4381a2c83.32774671','vyt5c94d566932475.83678504','vyt5c98f438184175.57311295','vyt5c93bdfc8caf15.08753899');

/*!40000 ALTER TABLE `SEARCH_RESULT` ENABLE KEYS */;
UNLOCK TABLES;


# Dump of table SENTIMENT_RATING
# ------------------------------------------------------------

DROP TABLE IF EXISTS `SENTIMENT_RATING`;

CREATE TABLE `SENTIMENT_RATING` (
  `ID` varchar(50) CHARACTER SET utf8 NOT NULL,
  `RATING` text CHARACTER SET utf8 COLLATE utf8_unicode_ci NOT NULL,
  `INSERT_TIMESTAMP` datetime DEFAULT CURRENT_TIMESTAMP,
  `INSERT_USER_ID` varchar(50) CHARACTER SET utf8 DEFAULT NULL,
  `SENTIMENT_TYPE` int(11) unsigned NOT NULL,
  `VIDEO_ID` varchar(50) CHARACTER SET utf8 NOT NULL DEFAULT '',
  `TYPE_ID` varchar(50) CHARACTER SET utf8 DEFAULT '',
  `SEARCH_QUERY_ID` varchar(50) CHARACTER SET utf8mb4 DEFAULT NULL,
  PRIMARY KEY (`ID`),
  UNIQUE KEY `ID` (`ID`),
  KEY `VIDEO_ID` (`VIDEO_ID`)
) ENGINE=InnoDB DEFAULT CHARSET=utf8mb4 COLLATE=utf8mb4_bin;

LOCK TABLES `SENTIMENT_RATING` WRITE;
/*!40000 ALTER TABLE `SENTIMENT_RATING` DISABLE KEYS */;

INSERT INTO `SENTIMENT_RATING` (`ID`, `RATING`, `INSERT_TIMESTAMP`, `INSERT_USER_ID`, `SENTIMENT_TYPE`, `VIDEO_ID`, `TYPE_ID`, `SEARCH_QUERY_ID`)
VALUES
	('vyt5c94d3376e2af8.81162105','positive','2019-03-22 20:21:11','vyt5c93bdfc8caf15.08753899',3,'hr5Am3HREmY','UgxdMP2qdMMG1GpaNK54AaABAg','vyt5c94d0b04c2718.78663314'),
	('vyt5c94d3394de5d7.97960854','neutral','2019-03-22 20:21:13','vyt5c93bdfc8caf15.08753899',3,'hr5Am3HREmY','UgyDmZwKo_-0lybMmMR4AaABAg','vyt5c94d0b04c2718.78663314'),
	('vyt5c94d33b281865.69259605','neutral','2019-03-22 20:21:15','vyt5c93bdfc8caf15.08753899',3,'hr5Am3HREmY','UgyMNCgwIHTobADay9N4AaABAg','vyt5c94d0b04c2718.78663314'),
	('vyt5c94d33ce69e35.56778586','neutral','2019-03-22 20:21:16','vyt5c93bdfc8caf15.08753899',3,'hr5Am3HREmY','UgzIabM0elKpw43eR8Z4AaABAg','vyt5c94d0b04c2718.78663314'),
	('vyt5c94d33ec29cf4.63834002','positive','2019-03-22 20:21:18','vyt5c93bdfc8caf15.08753899',4,'hr5Am3HREmY',NULL,'vyt5c94d0b04c2718.78663314'),
	('vyt5c94d340a92ab0.74469851','neutral','2019-03-22 20:21:20','vyt5c93bdfc8caf15.08753899',2,'hr5Am3HREmY',NULL,'vyt5c94d0b04c2718.78663314'),
	('vyt5c94d342b43642.68601035','neutral','2019-03-22 20:21:22','vyt5c93bdfc8caf15.08753899',5,'hr5Am3HREmY',NULL,'vyt5c94d0b04c2718.78663314'),
	('vyt5c94d342b4ca60.35448775','neutral','2019-03-22 20:21:22','vyt5c93bdfc8caf15.08753899',1,'hr5Am3HREmY',NULL,'vyt5c94d0b04c2718.78663314'),
	('vyt5c94d3d200bd21.14454385','positive','2019-03-22 20:23:46','vyt5c93bdfc8caf15.08753899',3,'hr5Am3HREmY','UgxdMP2qdMMG1GpaNK54AaABAg','vyt5c94d0b04c2718.78663314'),
	('vyt5c94d3d40c9115.02853942','neutral','2019-03-22 20:23:48','vyt5c93bdfc8caf15.08753899',3,'hr5Am3HREmY','UgyDmZwKo_-0lybMmMR4AaABAg','vyt5c94d0b04c2718.78663314'),
	('vyt5c94d3d5ed4f06.49667153','neutral','2019-03-22 20:23:49','vyt5c93bdfc8caf15.08753899',3,'hr5Am3HREmY','UgyMNCgwIHTobADay9N4AaABAg','vyt5c94d0b04c2718.78663314'),
	('vyt5c94d3d7e5d9e2.06680973','neutral','2019-03-22 20:23:51','vyt5c93bdfc8caf15.08753899',3,'hr5Am3HREmY','UgzIabM0elKpw43eR8Z4AaABAg','vyt5c94d0b04c2718.78663314'),
	('vyt5c94d3d9f0ec99.17924179','positive','2019-03-22 20:23:53','vyt5c93bdfc8caf15.08753899',4,'hr5Am3HREmY',NULL,'vyt5c94d0b04c2718.78663314'),
	('vyt5c94d3dbe37966.96755334','neutral','2019-03-22 20:23:55','vyt5c93bdfc8caf15.08753899',2,'hr5Am3HREmY',NULL,'vyt5c94d0b04c2718.78663314'),
	('vyt5c94d3deaa3716.73617607','neutral','2019-03-22 20:23:58','vyt5c93bdfc8caf15.08753899',5,'hr5Am3HREmY',NULL,'vyt5c94d0b04c2718.78663314'),
	('vyt5c94d3deaae101.11745022','neutral','2019-03-22 20:23:58','vyt5c93bdfc8caf15.08753899',1,'hr5Am3HREmY',NULL,'vyt5c94d0b04c2718.78663314'),
	('vyt5c94d45c9fa697.47439229','neutral','2019-03-22 20:26:04','vyt5c93bdfc8caf15.08753899',4,'zxtR00850C4',NULL,'vyt5c94d4142f1573.53281054'),
	('vyt5c94d45ec4e683.34824329','neutral','2019-03-22 20:26:06','vyt5c93bdfc8caf15.08753899',2,'zxtR00850C4',NULL,'vyt5c94d4142f1573.53281054'),
	('vyt5c94d460cfaea8.27287824','neutral','2019-03-22 20:26:08','vyt5c93bdfc8caf15.08753899',5,'zxtR00850C4',NULL,'vyt5c94d4142f1573.53281054'),
	('vyt5c94d460d040f3.07393487','neutral','2019-03-22 20:26:08','vyt5c93bdfc8caf15.08753899',1,'zxtR00850C4',NULL,'vyt5c94d4142f1573.53281054'),
	('vyt5c94d57599a8d9.68741907','positive','2019-03-22 20:30:45','vyt5c93bdfc8caf15.08753899',3,'gocwRvLhDf8','UghrBlqdUkxbaHgCoAEC','vyt5c94d566932475.83678504'),
	('vyt5c94d5777774c4.36029016','positive','2019-03-22 20:30:47','vyt5c93bdfc8caf15.08753899',3,'gocwRvLhDf8','Ugw9qNU4LPTLOmRXMid4AaABAg','vyt5c94d566932475.83678504'),
	('vyt5c94d57a3e5f01.36971970','neutral','2019-03-22 20:30:50','vyt5c93bdfc8caf15.08753899',3,'gocwRvLhDf8','Ugx2d4hM2lhifRTHdtt4AaABAg','vyt5c94d566932475.83678504'),
	('vyt5c94d57d0520e4.52802776','negative','2019-03-22 20:30:53','vyt5c93bdfc8caf15.08753899',3,'gocwRvLhDf8','UgxFCqLF7jH6MLotRup4AaABAg','vyt5c94d566932475.83678504'),
	('vyt5c94d57eec9435.99611891','positive','2019-03-22 20:30:54','vyt5c93bdfc8caf15.08753899',3,'gocwRvLhDf8','UgxVIo3I5TnqotbxFSZ4AaABAg','vyt5c94d566932475.83678504'),
	('vyt5c94d5823af812.39401462','positive','2019-03-22 20:30:58','vyt5c93bdfc8caf15.08753899',3,'gocwRvLhDf8','UgwfpFmqlGkvY-S4KbV4AaABAg','vyt5c94d566932475.83678504'),
	('vyt5c94d58536c8e8.95185116','negative','2019-03-22 20:31:01','vyt5c93bdfc8caf15.08753899',3,'gocwRvLhDf8','Ugz0IkNpPyAuT0NR20h4AaABAg','vyt5c94d566932475.83678504'),
	('vyt5c94d587276940.61699326','negative','2019-03-22 20:31:03','vyt5c93bdfc8caf15.08753899',3,'gocwRvLhDf8','Ugy1oWJvqGImISspmqx4AaABAg','vyt5c94d566932475.83678504'),
	('vyt5c94d589002191.36830098','neutral','2019-03-22 20:31:05','vyt5c93bdfc8caf15.08753899',3,'gocwRvLhDf8','UgzaSLUgUyHuy_kDIkp4AaABAg','vyt5c94d566932475.83678504'),
	('vyt5c94d58ae7d3f8.41334001','positive','2019-03-22 20:31:06','vyt5c93bdfc8caf15.08753899',3,'gocwRvLhDf8','Ugg3N-iJjBAu83gCoAEC','vyt5c94d566932475.83678504'),
	('vyt5c94d58e364244.09124868','positive','2019-03-22 20:31:10','vyt5c93bdfc8caf15.08753899',4,'gocwRvLhDf8',NULL,'vyt5c94d566932475.83678504'),
	('vyt5c94d5900fc060.20752133','neutral','2019-03-22 20:31:12','vyt5c93bdfc8caf15.08753899',2,'gocwRvLhDf8',NULL,'vyt5c94d566932475.83678504'),
	('vyt5c94d593771479.11299758','positive','2019-03-22 20:31:15','vyt5c93bdfc8caf15.08753899',5,'gocwRvLhDf8',NULL,'vyt5c94d566932475.83678504'),
	('vyt5c94d59377ba50.20135448','neutral','2019-03-22 20:31:15','vyt5c93bdfc8caf15.08753899',1,'gocwRvLhDf8',NULL,'vyt5c94d566932475.83678504'),
	('vyt5c94ef1f734393.15634061','positive','2019-03-22 22:20:15','vyt5c93bdfc8caf15.08753899',3,'gocwRvLhDf8','UghrBlqdUkxbaHgCoAEC','vyt5c94d566932475.83678504'),
	('vyt5c94ef21408c76.05227386','positive','2019-03-22 22:20:17','vyt5c93bdfc8caf15.08753899',3,'gocwRvLhDf8','Ugw9qNU4LPTLOmRXMid4AaABAg','vyt5c94d566932475.83678504'),
	('vyt5c94ef23015840.11338438','neutral','2019-03-22 22:20:19','vyt5c93bdfc8caf15.08753899',3,'gocwRvLhDf8','Ugx2d4hM2lhifRTHdtt4AaABAg','vyt5c94d566932475.83678504'),
	('vyt5c94ef25710867.84314707','negative','2019-03-22 22:20:21','vyt5c93bdfc8caf15.08753899',3,'gocwRvLhDf8','UgxFCqLF7jH6MLotRup4AaABAg','vyt5c94d566932475.83678504'),
	('vyt5c94ef2720ebf4.05221801','positive','2019-03-22 22:20:23','vyt5c93bdfc8caf15.08753899',3,'gocwRvLhDf8','UgxVIo3I5TnqotbxFSZ4AaABAg','vyt5c94d566932475.83678504'),
	('vyt5c94ef28ccd9a6.64380337','positive','2019-03-22 22:20:24','vyt5c93bdfc8caf15.08753899',3,'gocwRvLhDf8','UgwfpFmqlGkvY-S4KbV4AaABAg','vyt5c94d566932475.83678504'),
	('vyt5c94ef2a847a93.41726557','negative','2019-03-22 22:20:26','vyt5c93bdfc8caf15.08753899',3,'gocwRvLhDf8','Ugy1oWJvqGImISspmqx4AaABAg','vyt5c94d566932475.83678504'),
	('vyt5c94ef2c3bece7.07588926','negative','2019-03-22 22:20:28','vyt5c93bdfc8caf15.08753899',3,'gocwRvLhDf8','Ugz0IkNpPyAuT0NR20h4AaABAg','vyt5c94d566932475.83678504'),
	('vyt5c94ef2deab996.63178911','neutral','2019-03-22 22:20:29','vyt5c93bdfc8caf15.08753899',3,'gocwRvLhDf8','UgzaSLUgUyHuy_kDIkp4AaABAg','vyt5c94d566932475.83678504'),
	('vyt5c94ef30d2beb0.66078281','positive','2019-03-22 22:20:32','vyt5c93bdfc8caf15.08753899',3,'gocwRvLhDf8','Ugg3N-iJjBAu83gCoAEC','vyt5c94d566932475.83678504'),
	('vyt5c94ef328ac153.94013902','positive','2019-03-22 22:20:34','vyt5c93bdfc8caf15.08753899',4,'gocwRvLhDf8',NULL,'vyt5c94d566932475.83678504'),
	('vyt5c94ef34323be1.38649690','neutral','2019-03-22 22:20:36','vyt5c93bdfc8caf15.08753899',2,'gocwRvLhDf8',NULL,'vyt5c94d566932475.83678504'),
	('vyt5c94ef360ac356.82985810','positive','2019-03-22 22:20:38','vyt5c93bdfc8caf15.08753899',5,'gocwRvLhDf8',NULL,'vyt5c94d566932475.83678504'),
	('vyt5c94ef360b4389.95007048','neutral','2019-03-22 22:20:38','vyt5c93bdfc8caf15.08753899',1,'gocwRvLhDf8',NULL,'vyt5c94d566932475.83678504'),
	('vyt5c94f20f245be1.84098556','positive','2019-03-22 22:32:47','vyt5c93bdfc8caf15.08753899',3,'hr5Am3HREmY','UgxdMP2qdMMG1GpaNK54AaABAg','vyt5c94d0b04c2718.78663314'),
	('vyt5c94f210c86a81.22669713','neutral','2019-03-22 22:32:48','vyt5c93bdfc8caf15.08753899',3,'hr5Am3HREmY','UgyDmZwKo_-0lybMmMR4AaABAg','vyt5c94d0b04c2718.78663314'),
	('vyt5c94f213b97ee4.66702123','neutral','2019-03-22 22:32:51','vyt5c93bdfc8caf15.08753899',3,'hr5Am3HREmY','UgyMNCgwIHTobADay9N4AaABAg','vyt5c94d0b04c2718.78663314'),
	('vyt5c94f21569f196.77864481','neutral','2019-03-22 22:32:53','vyt5c93bdfc8caf15.08753899',3,'hr5Am3HREmY','UgzIabM0elKpw43eR8Z4AaABAg','vyt5c94d0b04c2718.78663314'),
	('vyt5c94f2171fbcc1.90360250','positive','2019-03-22 22:32:55','vyt5c93bdfc8caf15.08753899',4,'hr5Am3HREmY',NULL,'vyt5c94d0b04c2718.78663314'),
	('vyt5c94f218bc7219.76426574','neutral','2019-03-22 22:32:56','vyt5c93bdfc8caf15.08753899',2,'hr5Am3HREmY',NULL,'vyt5c94d0b04c2718.78663314'),
	('vyt5c94f21a65ef23.72866481','neutral','2019-03-22 22:32:58','vyt5c93bdfc8caf15.08753899',5,'hr5Am3HREmY',NULL,'vyt5c94d0b04c2718.78663314'),
	('vyt5c94f21a668511.24684872','neutral','2019-03-22 22:32:58','vyt5c93bdfc8caf15.08753899',1,'hr5Am3HREmY',NULL,'vyt5c94d0b04c2718.78663314'),
	('vyt5c94f2411df0d3.81392926','positive','2019-03-22 22:33:37','vyt5c93bdfc8caf15.08753899',3,'gocwRvLhDf8','UghrBlqdUkxbaHgCoAEC','vyt5c94d0b04c2718.78663314'),
	('vyt5c94f242d14761.15452979','positive','2019-03-22 22:33:38','vyt5c93bdfc8caf15.08753899',3,'gocwRvLhDf8','Ugw9qNU4LPTLOmRXMid4AaABAg','vyt5c94d0b04c2718.78663314'),
	('vyt5c94f2448bafb6.18648382','neutral','2019-03-22 22:33:40','vyt5c93bdfc8caf15.08753899',3,'gocwRvLhDf8','Ugx2d4hM2lhifRTHdtt4AaABAg','vyt5c94d0b04c2718.78663314'),
	('vyt5c94f246543a96.09226487','negative','2019-03-22 22:33:42','vyt5c93bdfc8caf15.08753899',3,'gocwRvLhDf8','UgxFCqLF7jH6MLotRup4AaABAg','vyt5c94d0b04c2718.78663314'),
	('vyt5c94f24803d535.20114014','positive','2019-03-22 22:33:44','vyt5c93bdfc8caf15.08753899',3,'gocwRvLhDf8','UgxVIo3I5TnqotbxFSZ4AaABAg','vyt5c94d0b04c2718.78663314'),
	('vyt5c94f249c95bd4.84977490','positive','2019-03-22 22:33:45','vyt5c93bdfc8caf15.08753899',3,'gocwRvLhDf8','UgwfpFmqlGkvY-S4KbV4AaABAg','vyt5c94d0b04c2718.78663314'),
	('vyt5c94f24b89aed0.06836976','negative','2019-03-22 22:33:47','vyt5c93bdfc8caf15.08753899',3,'gocwRvLhDf8','Ugy1oWJvqGImISspmqx4AaABAg','vyt5c94d0b04c2718.78663314'),
	('vyt5c94f24d43a925.37239903','negative','2019-03-22 22:33:49','vyt5c93bdfc8caf15.08753899',3,'gocwRvLhDf8','Ugz0IkNpPyAuT0NR20h4AaABAg','vyt5c94d0b04c2718.78663314'),
	('vyt5c94f250351bf6.21684575','neutral','2019-03-22 22:33:52','vyt5c93bdfc8caf15.08753899',3,'gocwRvLhDf8','UgzaSLUgUyHuy_kDIkp4AaABAg','vyt5c94d0b04c2718.78663314'),
	('vyt5c94f251dec584.02674116','positive','2019-03-22 22:33:53','vyt5c93bdfc8caf15.08753899',3,'gocwRvLhDf8','Ugg3N-iJjBAu83gCoAEC','vyt5c94d0b04c2718.78663314'),
	('vyt5c94f2539ce291.08161073','positive','2019-03-22 22:33:55','vyt5c93bdfc8caf15.08753899',4,'gocwRvLhDf8',NULL,'vyt5c94d0b04c2718.78663314'),
	('vyt5c94f2555f9c76.38789645','neutral','2019-03-22 22:33:57','vyt5c93bdfc8caf15.08753899',2,'gocwRvLhDf8',NULL,'vyt5c94d0b04c2718.78663314'),
	('vyt5c94f257200521.55055947','positive','2019-03-22 22:33:59','vyt5c93bdfc8caf15.08753899',5,'gocwRvLhDf8',NULL,'vyt5c94d0b04c2718.78663314'),
	('vyt5c94f25720a353.63502003','neutral','2019-03-22 22:33:59','vyt5c93bdfc8caf15.08753899',1,'gocwRvLhDf8',NULL,'vyt5c94d0b04c2718.78663314'),
	('vyt5c94f27c7d8348.55475928','positive','2019-03-22 22:34:36','vyt5c93bdfc8caf15.08753899',3,'gocwRvLhDf8','UghrBlqdUkxbaHgCoAEC','vyt5c94d0b04c2718.78663314'),
	('vyt5c94f27e305999.60144069','positive','2019-03-22 22:34:38','vyt5c93bdfc8caf15.08753899',3,'gocwRvLhDf8','Ugw9qNU4LPTLOmRXMid4AaABAg','vyt5c94d0b04c2718.78663314'),
	('vyt5c94f27fe94174.27962693','neutral','2019-03-22 22:34:39','vyt5c93bdfc8caf15.08753899',3,'gocwRvLhDf8','Ugx2d4hM2lhifRTHdtt4AaABAg','vyt5c94d0b04c2718.78663314'),
	('vyt5c94f281bedf91.65441936','negative','2019-03-22 22:34:41','vyt5c93bdfc8caf15.08753899',3,'gocwRvLhDf8','UgxFCqLF7jH6MLotRup4AaABAg','vyt5c94d0b04c2718.78663314'),
	('vyt5c94f283745452.55554970','positive','2019-03-22 22:34:43','vyt5c93bdfc8caf15.08753899',3,'gocwRvLhDf8','UgxVIo3I5TnqotbxFSZ4AaABAg','vyt5c94d0b04c2718.78663314'),
	('vyt5c94f285323ab4.56270931','positive','2019-03-22 22:34:45','vyt5c93bdfc8caf15.08753899',3,'gocwRvLhDf8','UgwfpFmqlGkvY-S4KbV4AaABAg','vyt5c94d0b04c2718.78663314'),
	('vyt5c94f286c5f9c7.72888207','negative','2019-03-22 22:34:46','vyt5c93bdfc8caf15.08753899',3,'gocwRvLhDf8','Ugy1oWJvqGImISspmqx4AaABAg','vyt5c94d0b04c2718.78663314'),
	('vyt5c94f288910ed9.04301294','negative','2019-03-22 22:34:48','vyt5c93bdfc8caf15.08753899',3,'gocwRvLhDf8','Ugz0IkNpPyAuT0NR20h4AaABAg','vyt5c94d0b04c2718.78663314'),
	('vyt5c94f28a5b8dd5.88023460','neutral','2019-03-22 22:34:50','vyt5c93bdfc8caf15.08753899',3,'gocwRvLhDf8','UgzaSLUgUyHuy_kDIkp4AaABAg','vyt5c94d0b04c2718.78663314'),
	('vyt5c94f28c2bbf51.97338608','positive','2019-03-22 22:34:52','vyt5c93bdfc8caf15.08753899',3,'gocwRvLhDf8','Ugg3N-iJjBAu83gCoAEC','vyt5c94d0b04c2718.78663314'),
	('vyt5c94f28de494a3.64826977','positive','2019-03-22 22:34:53','vyt5c93bdfc8caf15.08753899',4,'gocwRvLhDf8',NULL,'vyt5c94d0b04c2718.78663314'),
	('vyt5c94f29067e152.56778812','neutral','2019-03-22 22:34:56','vyt5c93bdfc8caf15.08753899',2,'gocwRvLhDf8',NULL,'vyt5c94d0b04c2718.78663314'),
	('vyt5c94f292425414.36910282','positive','2019-03-22 22:34:58','vyt5c93bdfc8caf15.08753899',5,'gocwRvLhDf8',NULL,'vyt5c94d0b04c2718.78663314'),
	('vyt5c94f292430da5.95758439','neutral','2019-03-22 22:34:58','vyt5c93bdfc8caf15.08753899',1,'gocwRvLhDf8',NULL,'vyt5c94d0b04c2718.78663314'),
	('vyt5c94f305037636.42188502','positive','2019-03-22 22:36:53','vyt5c93bdfc8caf15.08753899',3,'gocwRvLhDf8','UghrBlqdUkxbaHgCoAEC','vyt5c94d0b04c2718.78663314'),
	('vyt5c94f306b0e5c4.77559958','positive','2019-03-22 22:36:54','vyt5c93bdfc8caf15.08753899',3,'gocwRvLhDf8','Ugw9qNU4LPTLOmRXMid4AaABAg','vyt5c94d0b04c2718.78663314'),
	('vyt5c94f30877be64.81107075','neutral','2019-03-22 22:36:56','vyt5c93bdfc8caf15.08753899',3,'gocwRvLhDf8','Ugx2d4hM2lhifRTHdtt4AaABAg','vyt5c94d0b04c2718.78663314'),
	('vyt5c94f30a5274f5.85632501','negative','2019-03-22 22:36:58','vyt5c93bdfc8caf15.08753899',3,'gocwRvLhDf8','UgxFCqLF7jH6MLotRup4AaABAg','vyt5c94d0b04c2718.78663314'),
	('vyt5c94f30c09dff5.75140646','positive','2019-03-22 22:37:00','vyt5c93bdfc8caf15.08753899',3,'gocwRvLhDf8','UgxVIo3I5TnqotbxFSZ4AaABAg','vyt5c94d0b04c2718.78663314'),
	('vyt5c94f30dbe7fc8.99990478','positive','2019-03-22 22:37:01','vyt5c93bdfc8caf15.08753899',3,'gocwRvLhDf8','UgwfpFmqlGkvY-S4KbV4AaABAg','vyt5c94d0b04c2718.78663314'),
	('vyt5c94f30f7f1a14.18342390','negative','2019-03-22 22:37:03','vyt5c93bdfc8caf15.08753899',3,'gocwRvLhDf8','Ugy1oWJvqGImISspmqx4AaABAg','vyt5c94d0b04c2718.78663314'),
	('vyt5c94f3113b8906.07306204','negative','2019-03-22 22:37:05','vyt5c93bdfc8caf15.08753899',3,'gocwRvLhDf8','Ugz0IkNpPyAuT0NR20h4AaABAg','vyt5c94d0b04c2718.78663314'),
	('vyt5c94f313c70cd8.92463112','neutral','2019-03-22 22:37:07','vyt5c93bdfc8caf15.08753899',3,'gocwRvLhDf8','UgzaSLUgUyHuy_kDIkp4AaABAg','vyt5c94d0b04c2718.78663314'),
	('vyt5c94f3158598f3.39058365','positive','2019-03-22 22:37:09','vyt5c93bdfc8caf15.08753899',3,'gocwRvLhDf8','Ugg3N-iJjBAu83gCoAEC','vyt5c94d0b04c2718.78663314'),
	('vyt5c94f318540dd5.20372138','positive','2019-03-22 22:37:12','vyt5c93bdfc8caf15.08753899',4,'gocwRvLhDf8',NULL,'vyt5c94d0b04c2718.78663314'),
	('vyt5c94f31ae1fb81.26592126','neutral','2019-03-22 22:37:14','vyt5c93bdfc8caf15.08753899',2,'gocwRvLhDf8',NULL,'vyt5c94d0b04c2718.78663314'),
	('vyt5c94f31cbb7854.39378970','positive','2019-03-22 22:37:16','vyt5c93bdfc8caf15.08753899',5,'gocwRvLhDf8',NULL,'vyt5c94d0b04c2718.78663314'),
	('vyt5c94f31cbc3c54.61296116','neutral','2019-03-22 22:37:16','vyt5c93bdfc8caf15.08753899',1,'gocwRvLhDf8',NULL,'vyt5c94d0b04c2718.78663314'),
	('vyt5c94f344ea1043.94725020','positive','2019-03-22 22:37:56','vyt5c93bdfc8caf15.08753899',3,'gocwRvLhDf8','UghrBlqdUkxbaHgCoAEC','vyt5c94d566932475.83678504'),
	('vyt5c94f346b7d6a8.74071115','positive','2019-03-22 22:37:58','vyt5c93bdfc8caf15.08753899',3,'gocwRvLhDf8','Ugw9qNU4LPTLOmRXMid4AaABAg','vyt5c94d566932475.83678504'),
	('vyt5c94f34870a747.63506627','neutral','2019-03-22 22:38:00','vyt5c93bdfc8caf15.08753899',3,'gocwRvLhDf8','Ugx2d4hM2lhifRTHdtt4AaABAg','vyt5c94d566932475.83678504'),
	('vyt5c94f34a250439.67115343','negative','2019-03-22 22:38:02','vyt5c93bdfc8caf15.08753899',3,'gocwRvLhDf8','UgxFCqLF7jH6MLotRup4AaABAg','vyt5c94d566932475.83678504'),
	('vyt5c94f34d18bd80.71717573','positive','2019-03-22 22:38:05','vyt5c93bdfc8caf15.08753899',3,'gocwRvLhDf8','UgxVIo3I5TnqotbxFSZ4AaABAg','vyt5c94d566932475.83678504'),
	('vyt5c94f34fa22317.32290013','positive','2019-03-22 22:38:07','vyt5c93bdfc8caf15.08753899',3,'gocwRvLhDf8','UgwfpFmqlGkvY-S4KbV4AaABAg','vyt5c94d566932475.83678504'),
	('vyt5c94f3522e60e8.70956950','negative','2019-03-22 22:38:10','vyt5c93bdfc8caf15.08753899',3,'gocwRvLhDf8','Ugy1oWJvqGImISspmqx4AaABAg','vyt5c94d566932475.83678504'),
	('vyt5c94f353d31e93.50121749','negative','2019-03-22 22:38:11','vyt5c93bdfc8caf15.08753899',3,'gocwRvLhDf8','Ugz0IkNpPyAuT0NR20h4AaABAg','vyt5c94d566932475.83678504'),
	('vyt5c94f356023517.43372008','neutral','2019-03-22 22:38:14','vyt5c93bdfc8caf15.08753899',3,'gocwRvLhDf8','UgzaSLUgUyHuy_kDIkp4AaABAg','vyt5c94d566932475.83678504'),
	('vyt5c94f357b82764.23111707','positive','2019-03-22 22:38:15','vyt5c93bdfc8caf15.08753899',3,'gocwRvLhDf8','Ugg3N-iJjBAu83gCoAEC','vyt5c94d566932475.83678504'),
	('vyt5c94f35977cf87.54679424','positive','2019-03-22 22:38:17','vyt5c93bdfc8caf15.08753899',4,'gocwRvLhDf8',NULL,'vyt5c94d566932475.83678504'),
	('vyt5c94f35b2f8109.39880303','neutral','2019-03-22 22:38:19','vyt5c93bdfc8caf15.08753899',2,'gocwRvLhDf8',NULL,'vyt5c94d566932475.83678504'),
	('vyt5c94f35d127994.79268705','positive','2019-03-22 22:38:21','vyt5c93bdfc8caf15.08753899',5,'gocwRvLhDf8',NULL,'vyt5c94d566932475.83678504'),
	('vyt5c94f35d1308f9.98740502','neutral','2019-03-22 22:38:21','vyt5c93bdfc8caf15.08753899',1,'gocwRvLhDf8',NULL,'vyt5c94d566932475.83678504'),
	('vyt5c94f3818127a3.59487326','positive','2019-03-22 22:38:57','vyt5c93bdfc8caf15.08753899',3,'gocwRvLhDf8','UghrBlqdUkxbaHgCoAEC','vyt5c94d566932475.83678504'),
	('vyt5c94f383d72e12.95262932','positive','2019-03-22 22:38:59','vyt5c93bdfc8caf15.08753899',3,'gocwRvLhDf8','Ugw9qNU4LPTLOmRXMid4AaABAg','vyt5c94d566932475.83678504'),
	('vyt5c94f385644a96.03767966','neutral','2019-03-22 22:39:01','vyt5c93bdfc8caf15.08753899',3,'gocwRvLhDf8','Ugx2d4hM2lhifRTHdtt4AaABAg','vyt5c94d566932475.83678504'),
	('vyt5c94f387cdc8d0.16016210','negative','2019-03-22 22:39:03','vyt5c93bdfc8caf15.08753899',3,'gocwRvLhDf8','UgxFCqLF7jH6MLotRup4AaABAg','vyt5c94d566932475.83678504'),
	('vyt5c94f38979cec8.04287475','positive','2019-03-22 22:39:05','vyt5c93bdfc8caf15.08753899',3,'gocwRvLhDf8','UgxVIo3I5TnqotbxFSZ4AaABAg','vyt5c94d566932475.83678504'),
	('vyt5c94f38bbc2009.31831583','positive','2019-03-22 22:39:07','vyt5c93bdfc8caf15.08753899',3,'gocwRvLhDf8','UgwfpFmqlGkvY-S4KbV4AaABAg','vyt5c94d566932475.83678504'),
	('vyt5c94f38d6eba83.72159232','negative','2019-03-22 22:39:09','vyt5c93bdfc8caf15.08753899',3,'gocwRvLhDf8','Ugy1oWJvqGImISspmqx4AaABAg','vyt5c94d566932475.83678504'),
	('vyt5c94f38f15b251.55906372','negative','2019-03-22 22:39:11','vyt5c93bdfc8caf15.08753899',3,'gocwRvLhDf8','Ugz0IkNpPyAuT0NR20h4AaABAg','vyt5c94d566932475.83678504'),
	('vyt5c94f390c5c840.85420567','neutral','2019-03-22 22:39:12','vyt5c93bdfc8caf15.08753899',3,'gocwRvLhDf8','UgzaSLUgUyHuy_kDIkp4AaABAg','vyt5c94d566932475.83678504'),
	('vyt5c94f3927226b5.94563368','positive','2019-03-22 22:39:14','vyt5c93bdfc8caf15.08753899',3,'gocwRvLhDf8','Ugg3N-iJjBAu83gCoAEC','vyt5c94d566932475.83678504'),
	('vyt5c94f3941c6615.06820926','positive','2019-03-22 22:39:16','vyt5c93bdfc8caf15.08753899',4,'gocwRvLhDf8',NULL,'vyt5c94d566932475.83678504'),
	('vyt5c94f395dd6689.42769491','neutral','2019-03-22 22:39:17','vyt5c93bdfc8caf15.08753899',2,'gocwRvLhDf8',NULL,'vyt5c94d566932475.83678504'),
	('vyt5c94f397b731f8.33702341','positive','2019-03-22 22:39:19','vyt5c93bdfc8caf15.08753899',5,'gocwRvLhDf8',NULL,'vyt5c94d566932475.83678504'),
	('vyt5c94f397b7dcd8.47355967','neutral','2019-03-22 22:39:19','vyt5c93bdfc8caf15.08753899',1,'gocwRvLhDf8',NULL,'vyt5c94d566932475.83678504'),
	('vyt5c94f4b8676068.73822317','positive','2019-03-22 22:44:08','vyt5c93bdfc8caf15.08753899',3,'gocwRvLhDf8','UghrBlqdUkxbaHgCoAEC','vyt5c94d566932475.83678504'),
	('vyt5c94f4ba146102.27939330','positive','2019-03-22 22:44:10','vyt5c93bdfc8caf15.08753899',3,'gocwRvLhDf8','Ugw9qNU4LPTLOmRXMid4AaABAg','vyt5c94d566932475.83678504'),
	('vyt5c94f4bbafd964.93848115','neutral','2019-03-22 22:44:11','vyt5c93bdfc8caf15.08753899',3,'gocwRvLhDf8','Ugx2d4hM2lhifRTHdtt4AaABAg','vyt5c94d566932475.83678504'),
	('vyt5c94f4bd6e03f4.91894033','negative','2019-03-22 22:44:13','vyt5c93bdfc8caf15.08753899',3,'gocwRvLhDf8','UgxFCqLF7jH6MLotRup4AaABAg','vyt5c94d566932475.83678504'),
	('vyt5c94f4bf0bf5c7.51376063','positive','2019-03-22 22:44:15','vyt5c93bdfc8caf15.08753899',3,'gocwRvLhDf8','UgxVIo3I5TnqotbxFSZ4AaABAg','vyt5c94d566932475.83678504'),
	('vyt5c94f4c0c86527.02433357','positive','2019-03-22 22:44:16','vyt5c93bdfc8caf15.08753899',3,'gocwRvLhDf8','UgwfpFmqlGkvY-S4KbV4AaABAg','vyt5c94d566932475.83678504'),
	('vyt5c94f4c34c7d96.53377524','negative','2019-03-22 22:44:19','vyt5c93bdfc8caf15.08753899',3,'gocwRvLhDf8','Ugy1oWJvqGImISspmqx4AaABAg','vyt5c94d566932475.83678504'),
	('vyt5c94f4c60aa008.45220388','negative','2019-03-22 22:44:22','vyt5c93bdfc8caf15.08753899',3,'gocwRvLhDf8','Ugz0IkNpPyAuT0NR20h4AaABAg','vyt5c94d566932475.83678504'),
	('vyt5c94f4c7bf5d70.54958126','neutral','2019-03-22 22:44:23','vyt5c93bdfc8caf15.08753899',3,'gocwRvLhDf8','UgzaSLUgUyHuy_kDIkp4AaABAg','vyt5c94d566932475.83678504'),
	('vyt5c94f4c95c6f35.25183773','positive','2019-03-22 22:44:25','vyt5c93bdfc8caf15.08753899',3,'gocwRvLhDf8','Ugg3N-iJjBAu83gCoAEC','vyt5c94d566932475.83678504'),
	('vyt5c94f4cb0e7d61.10223314','positive','2019-03-22 22:44:27','vyt5c93bdfc8caf15.08753899',4,'gocwRvLhDf8',NULL,'vyt5c94d566932475.83678504'),
	('vyt5c94f4cd64a671.38075189','neutral','2019-03-22 22:44:29','vyt5c93bdfc8caf15.08753899',2,'gocwRvLhDf8',NULL,'vyt5c94d566932475.83678504'),
	('vyt5c94f4cf2ea691.67965093','positive','2019-03-22 22:44:31','vyt5c93bdfc8caf15.08753899',5,'gocwRvLhDf8',NULL,'vyt5c94d566932475.83678504'),
	('vyt5c94f4cf2f4af6.01980706','neutral','2019-03-22 22:44:31','vyt5c93bdfc8caf15.08753899',1,'gocwRvLhDf8',NULL,'vyt5c94d566932475.83678504');

/*!40000 ALTER TABLE `SENTIMENT_RATING` ENABLE KEYS */;
UNLOCK TABLES;


# Dump of table USER
# ------------------------------------------------------------

DROP TABLE IF EXISTS `USER`;

CREATE TABLE `USER` (
  `ID` varchar(50) CHARACTER SET utf8 NOT NULL,
  `USERNAME` varchar(200) CHARACTER SET utf8 COLLATE utf8_unicode_ci NOT NULL,
  `EMAIL` varchar(300) CHARACTER SET utf8 NOT NULL,
  `PASSWORD` varchar(100) CHARACTER SET utf8 NOT NULL,
  `CONFIRM_CODE` varchar(100) CHARACTER SET utf8 NOT NULL,
  `CREATE_TIMESTAMP` datetime DEFAULT CURRENT_TIMESTAMP,
  `UPDATE_TIMESTAMP` datetime DEFAULT NULL ON UPDATE CURRENT_TIMESTAMP,
  PRIMARY KEY (`ID`,`USERNAME`),
  UNIQUE KEY `ID` (`ID`),
  UNIQUE KEY `USERNAME` (`USERNAME`),
  UNIQUE KEY `EMAIL` (`EMAIL`)
) ENGINE=InnoDB DEFAULT CHARSET=utf8mb4 COLLATE=utf8mb4_bin;

LOCK TABLES `USER` WRITE;
/*!40000 ALTER TABLE `USER` DISABLE KEYS */;

INSERT INTO `USER` (`ID`, `USERNAME`, `EMAIL`, `PASSWORD`, `CONFIRM_CODE`, `CREATE_TIMESTAMP`, `UPDATE_TIMESTAMP`)
VALUES
	('vyt5c93bdfc8caf15.08753899','Administrator','administrator.vidyouthink@godiane.com','70682896e24287b0476eff2a14c148f0','c4a5336a7465d3de0347a611cfd8fc44','2019-03-22 00:38:20','2019-03-25 00:32:38');

/*!40000 ALTER TABLE `USER` ENABLE KEYS */;
UNLOCK TABLES;


# Dump of table VIDEO
# ------------------------------------------------------------

DROP TABLE IF EXISTS `VIDEO`;

CREATE TABLE `VIDEO` (
  `ID` varchar(50) CHARACTER SET utf8 NOT NULL,
  `YT_ID` varchar(50) CHARACTER SET utf8 NOT NULL,
  `URL` varchar(1000) CHARACTER SET utf8 NOT NULL,
  `TITLE` varchar(1000) CHARACTER SET utf8 NOT NULL,
  `CHANNEL_TITLE` varchar(1000) CHARACTER SET utf8 NOT NULL,
  `CATEGORY` varchar(1000) CHARACTER SET utf8 NOT NULL,
  `DESCRIPTION` varchar(500) CHARACTER SET utf8 DEFAULT NULL,
  `INSERT_TIMESTAMP` datetime NOT NULL DEFAULT CURRENT_TIMESTAMP,
  `INSERT_USER_ID` varchar(50) CHARACTER SET utf8 NOT NULL DEFAULT '',
  `SEARCH_QUERY_ID` varchar(50) CHARACTER SET utf8mb4 DEFAULT '',
  PRIMARY KEY (`YT_ID`),
  UNIQUE KEY `ID` (`ID`),
  UNIQUE KEY `YT_ID` (`YT_ID`)
) ENGINE=InnoDB DEFAULT CHARSET=utf8mb4 COLLATE=utf8mb4_bin;

LOCK TABLES `VIDEO` WRITE;
/*!40000 ALTER TABLE `VIDEO` DISABLE KEYS */;

INSERT INTO `VIDEO` (`ID`, `YT_ID`, `URL`, `TITLE`, `CHANNEL_TITLE`, `CATEGORY`, `DESCRIPTION`, `INSERT_TIMESTAMP`, `INSERT_USER_ID`, `SEARCH_QUERY_ID`)
VALUES
	('vyt5c94d0b668cc78.55809537','--ttvZEOftI','https://www.youtube.com/embed/--ttvZEOftI','G-Mik Season 3: Borj assaults Paks','G E','People & Blogs','No copyright infringement intended. Credits to ABS-CBN Corporation, Jeepney TV and to the person responsible for recording the video. This video is not mine.','2019-03-22 20:10:30','vyt5c93bdfc8caf15.08753899','vyt5c94d0b04c2718.78663314'),
	('vyt5c94f177da1a14.58926686','0Ny-OrHnKyY','https://www.youtube.com/embed/0Ny-OrHnKyY','G-Mik: Borj and his mom (Christine) discussing about Love','G E','People & Blogs','No copyright infringement intended. Credits to ABS-CBN Corporation, Jeepney TV, and to the person responsible for recording this video. This video is not mine ...','2019-03-22 22:30:15','vyt5c93bdfc8caf15.08753899','vyt5c94d0b04c2718.78663314'),
	('vyt5c94d41f42f4c0.25485020','3C-8Yb_DuI0','https://www.youtube.com/embed/3C-8Yb_DuI0','','','Entertainment','  Justin Bieber - Sorry (PURPOSE : The Movement) ...','2019-03-22 20:25:03','vyt5c93bdfc8caf15.08753899','vyt5c94d4142f1573.53281054'),
	('vyt5c94d0b77c0f19.49188362','3wnZrha0ImM','https://www.youtube.com/embed/3wnZrha0ImM','G-Mik: Borj and Roni moments (#11)','G E','People & Blogs','No copyright infringement intended. Credits to ABS-CBN Corporation, Jeepney TV and to the person responsible for recording the whole episode. This video is ...','2019-03-22 20:10:31','vyt5c93bdfc8caf15.08753899','vyt5c94d0b04c2718.78663314'),
	('vyt5c94d0b92f5249.68753002','4Z3S2uvDfiI','https://www.youtube.com/embed/4Z3S2uvDfiI','G-Mik Season 2: Borj and Roni (#8)','G E','People & Blogs','No copyright infringement intended. Credits to ABS-CBN Corporation, Jeepney TV and to the person responsible for recording the whole episode. This video is ...','2019-03-22 20:10:33','vyt5c93bdfc8caf15.08753899','vyt5c94d0b04c2718.78663314'),
	('vyt5c94e9b11bac47.22578026','4_5lPJ5kFBs','https://www.youtube.com/embed/4_5lPJ5kFBs','How Do I Enable Content ID On My YouTube Channel','David Walsh Online','Howto & Style','How Do I Enable Content ID On My YouTube Channel -- David Walsh shows you how Content ID is enabled on your YouTube Channel. Share this Video: ...','2019-03-22 21:57:05','vyt5c93bdfc8caf15.08753899','vyt5c94d566932475.83678504'),
	('vyt5c94e9d25f8a52.14336485','52nfjRzIaj8','https://www.youtube.com/embed/52nfjRzIaj8','Lady Gaga, Bradley Cooper - I&#39;ll Never Love Again','LadyGagaVEVO','Music','Listen to brand new music from Bradley Cooper & Lady Gaga from the \'A Star Is Born\' Soundtrack: http://smarturl.it/ASIBSoundtrack Get tickets to see the film: ...','2019-03-22 21:57:38','vyt5c93bdfc8caf15.08753899','vyt5c94d566932475.83678504'),
	('vyt5c94d56b7c5e72.82653170','6wVQS5qzUwM','https://www.youtube.com/embed/6wVQS5qzUwM','How To View The Name Of Deleted Youtube Videos','FlightSim205','Howto & Style','Please leave a like and subscribe if this had helped you. I\'m sure that we all have deleted or privated videos in our playlists especially music videos. And we all ...','2019-03-22 20:30:35','vyt5c93bdfc8caf15.08753899','vyt5c94d566932475.83678504'),
	('vyt5c94d0b0aaa6a7.60415755','7erm2ykJNqM','https://www.youtube.com/embed/7erm2ykJNqM','Given the chance, who would Angelica Panganiban want to be her GF? | PEP Headliner','PEP','Entertainment','Who Angelica Panganiban misses the most is not who you think. Angge also shares what she wants to achieve in five years. Read her PEP Headliner feature ...','2019-03-22 20:10:24','vyt5c93bdfc8caf15.08753899','vyt5c94d0b04c2718.78663314'),
	('vyt5c94e9d1278c71.67827660','7wtfhZwyrcc','https://www.youtube.com/embed/7wtfhZwyrcc','Imagine Dragons - Believer','ImagineDragonsVEVO','Music','Get Origins, ft. Natural, Zero, Machine and Bad Liar, out now: http://smarturl.it/OriginsID Get Evolve, ft. Believer, Thunder, Whatever It Takes and Walking The ...','2019-03-22 21:57:37','vyt5c93bdfc8caf15.08753899','vyt5c94d566932475.83678504'),
	('vyt5c94d568b49ea6.72038313','9g2U12SsRns','https://www.youtube.com/embed/9g2U12SsRns','YouTube Content ID','YouTube Creators','Education','','2019-03-22 20:30:32','vyt5c93bdfc8caf15.08753899','vyt5c94d566932475.83678504'),
	('vyt5c94d56da19d11.37761765','aJOTlE1K90k','https://www.youtube.com/embed/aJOTlE1K90k','Maroon 5 - Girls Like You ft. Cardi B','Maroon5VEVO','Music','\"Girls Like You is out now. http://smarturl.it/GLY For more, visit: https://www.facebook.com/maroon5 https://twitter.com/maroon5 ...','2019-03-22 20:30:37','vyt5c93bdfc8caf15.08753899','vyt5c94d566932475.83678504'),
	('vyt5c94d56c8181e0.98851972','By_Cn5ixYLg','https://www.youtube.com/embed/By_Cn5ixYLg','YouTube Rewind 2018 but it&#39;s actually good','PewDiePie','Entertainment','YouTube Rewind 2018. Celebrating the actual videos, people, music and moments that defined 2018. #YouTubeRewind SUBSCRIBE TO: FlyingKitty: ...','2019-03-22 20:30:36','vyt5c93bdfc8caf15.08753899','vyt5c94d566932475.83678504'),
	('vyt5c94d56f92fd20.89239898','CAb_bCtKuXg','https://www.youtube.com/embed/CAb_bCtKuXg','Life is Fun - Ft. Boyinaband (Official Music Video)','TheOdd1sOut','Comedy','just don\'t think about it too much Big thanks to Dave for making this song into a real thing  https://www.youtube.com/boyinaband Behind the scene video ...','2019-03-22 20:30:39','vyt5c93bdfc8caf15.08753899','vyt5c94d566932475.83678504'),
	('vyt5c94d0b234fb06.55539593','CcQ0fxjTC8M','https://www.youtube.com/embed/CcQ0fxjTC8M','Cosmo.ph Spotlight: Carlo Aquino','COSMOPOLITAN PHILIPPINES','Howto & Style','VIDEO SHOT BY: Sam Navalta, Jean Saturnino, and Dennise Salvador VIDEO EDITED BY: Sam Navalta Check out more awesome videos from Cosmopolitan ...','2019-03-22 20:10:26','vyt5c93bdfc8caf15.08753899','vyt5c94d0b04c2718.78663314'),
	('vyt5c94e9b0c44439.26077393','cPAbx5kgCJo','https://www.youtube.com/embed/cPAbx5kgCJo','Auli&#39;i Cravalho - How Far I&#39;ll Go','DisneyMusicVEVO','Music','See the film, starring Dwayne The Rock Johnson & Aulii Cravalho, available digitally now! The Moana soundtrack is available now: Download: ...','2019-03-22 21:57:04','vyt5c93bdfc8caf15.08753899','vyt5c94d566932475.83678504'),
	('vyt5c94d41d85a252.45100018','DfvfW2Sro0g','https://www.youtube.com/embed/DfvfW2Sro0g','Die Cocky Mountains (Youtube Kacke)','MediumSniff','Entertainment','\"Ich sag immer: Hab viele Freunde, vertraue deinen Nachbarn und fick deine Tiere.\" ~ Ed Pinkert Und noch ein Nationalpark. In den Cocky Mountains dreht sich ...','2019-03-22 20:25:01','vyt5c93bdfc8caf15.08753899','vyt5c94d4142f1573.53281054'),
	('vyt5c94d0b4e11cb3.61193600','DrAMsCKv_GM','https://www.youtube.com/embed/DrAMsCKv_GM','Sorry kung umasa ka: CarGel scene in Playhouse gets painfully real for fans','DTN NEWS','News & Politics','\'Sorry kung umasa ka\': CarGel scene in \'Playhouse\' gets painfully real for fans Thank for watching! If you like this video, please Subscribe my channel: ...','2019-03-22 20:10:28','vyt5c93bdfc8caf15.08753899','vyt5c94d0b04c2718.78663314'),
	('vyt5c94d41ee6c826.22291695','dSDTBUdeM4o','https://www.youtube.com/embed/dSDTBUdeM4o','JUSTIN BEIBER | a short film of his life| RISE TO FAME!!!','MUSIC GALAXY','People & Blogs','An amazing VIDEO that will surely show you a talent of JB and show his all achievements that he have been achieved till now. Now his top 5 songs 1.SORRY: ...','2019-03-22 20:25:02','vyt5c93bdfc8caf15.08753899','vyt5c94d4142f1573.53281054'),
	('vyt5c94e9d18b8eb4.82128969','EHdK5U2hf4o','https://www.youtube.com/embed/EHdK5U2hf4o','BTS () LOVE YOURSELF Highlight Reel &#39;&#39;','ibighit','Music','BTS () LOVE YOURSELF Highlight Reel \'\' Highlight Reel credits: Director : YongSeok Choi (Lumpens) Assistant Director : WonJu Lee ...','2019-03-22 21:57:37','vyt5c93bdfc8caf15.08753899','vyt5c94d566932475.83678504'),
	('vyt5c94d0b3d46b78.69264270','EJkrUM-82Us','https://www.youtube.com/embed/EJkrUM-82Us','Angelica Panganiban no longer friends with ex-BF Carlo Aquino','DTN NEWS','News & Politics','Angelica Panganiban categorically stated that she is no longer friends with her former boyfriend Carlo Aquino. Thank for watching! If you like this video, please ...','2019-03-22 20:10:27','vyt5c93bdfc8caf15.08753899','vyt5c94d0b04c2718.78663314'),
	('vyt5c94d0b97a0e58.92425994','EM08dv1FLug','https://www.youtube.com/embed/EM08dv1FLug','What if Zanjoe Marudo woos Angelica Panganiban?','PEP','Entertainment','\"Kung na-pretty-han na siya sa \'kin, e di... wow!\" reacts Angelica Panganiban. Subscribe to our YouTube channel! http://bit.ly/PEPYouTubeChannel Know the ...','2019-03-22 20:10:33','vyt5c93bdfc8caf15.08753899','vyt5c94d0b04c2718.78663314'),
	('vyt5c94d56e572ba2.31631571','ENRFQ2-y0AM','https://www.youtube.com/embed/ENRFQ2-y0AM','ABS-CBN Christmas Station ID 2015 &quot;Thank You For The Love&quot; Recording Music Video','ABS-CBN Entertainment','Entertainment','Watch the recording session of ABS-CBN\'s 2015 Christmas Station ID, \"Thank You For The Love\". Check out the full video of ABS-CBN\'s 2015 Christmas Station ...','2019-03-22 20:30:38','vyt5c93bdfc8caf15.08753899','vyt5c94d566932475.83678504'),
	('vyt5c94d41ae8e360.40349713','fCQHrsGnVlI','https://www.youtube.com/embed/fCQHrsGnVlI','a shooting star(?)','CaptainBubblez YT','Gaming','Try to be a shooting star in any game! Make sure you have the music to get that clip. Oh crap this is edited, what the fu-? MUSIC: Rick Astley - Never Gonna Give ...','2019-03-22 20:24:58','vyt5c93bdfc8caf15.08753899','vyt5c94d4142f1573.53281054'),
	('vyt5c94d569ec9d22.28187760','fNubFbeIFms','https://www.youtube.com/embed/fNubFbeIFms','ABS-CBN Christmas Station ID 2018 Family Is Love Recording Lyric Video','ABS-CBN Entertainment','Entertainment','ABSCBNChristmasStationID2018 #FamilyIsLove #JustLove Subscribe to the ABS-CBN Entertainment channel! - http://bit.ly/ABSCBNOnline Visit our official ...','2019-03-22 20:30:33','vyt5c93bdfc8caf15.08753899','vyt5c94d566932475.83678504'),
	('vyt5c94e9b3eeb4c1.12425674','G025oxyWv0E','https://www.youtube.com/embed/G025oxyWv0E','If Educational Videos Were Filmed Like Music Videos','Tom Scott','Education','There\'s a reason music videos look strange. I could just talk about framerate, cuts and continuity... or I could get an actual music video director. And a leaf blower.','2019-03-22 21:57:07','vyt5c93bdfc8caf15.08753899','vyt5c94d566932475.83678504'),
	('vyt5c94d56ac098b5.70464092','G8APgeFfkAk','https://www.youtube.com/embed/G8APgeFfkAk','[MV] (G)I-DLE(()) _ Senorita','1theK ()','Music','[MV] (G)I-DLE(()) _ Senorita *English subtitles are now available. :D (Please click on \'CC\' button or activate \'Interactive Transcript\' function) [Notice] ...','2019-03-22 20:30:34','vyt5c93bdfc8caf15.08753899','vyt5c94d566932475.83678504'),
	('vyt5c94d0b29c58a1.79953444','GChKQWIaTK4','https://www.youtube.com/embed/GChKQWIaTK4','Angelica Panganiban who to choose: Zanjoe, Carlo, JM or JC?','PEP','Entertainment','Angelica Panganiban is being linked to four men: Zanjoe Marudo, Carlo Aquino, JM de Guzman, and JC Santos. Subscribe to our YouTube channel!','2019-03-22 20:10:26','vyt5c93bdfc8caf15.08753899','vyt5c94d0b04c2718.78663314'),
	('vyt5c94d5670038d5.42610043','gocwRvLhDf8','https://www.youtube.com/embed/gocwRvLhDf8','Will YouTube Ever Run Out Of Video IDs?','Tom Scott','Education','In the URL of each YouTube video is the 11-character video ID, unique for each video. Can they ever run out? Just how many videos can YouTube handle?','2019-03-22 20:30:31','vyt5c93bdfc8caf15.08753899','vyt5c94d566932475.83678504'),
	('vyt5c94ee6673e9c4.47065237','gOsM-DYAEhY','https://www.youtube.com/embed/gOsM-DYAEhY','Imagine Dragons - Whatever It Takes','ImagineDragonsVEVO','Music','Get Imagine Dragons\' new album Evolve, out now: http://smarturl.it/EvolveID Shop Imagine Dragons: http://smarturl.it/ImagineDragonsShop Catch Imagine ...','2019-03-22 22:17:10','vyt5c93bdfc8caf15.08753899','0'),
	('vyt5c94d0b5390836.49207997','hCUDNhjJ0E0','https://www.youtube.com/embed/hCUDNhjJ0E0','G-Mik Season 2: Jun-Jun bids farewell (Finale)','G E','People & Blogs','No copyright infringement intended. Credits to ABS-CBN Corporation, Jeepney TV and to the person responsible for recording the video. This video is not mine.','2019-03-22 20:10:29','vyt5c93bdfc8caf15.08753899','vyt5c94d0b04c2718.78663314'),
	('vyt5c94d0b1e120a3.27845926','hr5Am3HREmY','https://www.youtube.com/embed/hr5Am3HREmY','Angelica Panganiban and Carlo Aquino Sweet Moments 2018','Korean Drama News','Entertainment','Carlo Aquino and Angelica Panganiban Latest News https://youtu.be/5PXHzCZOQA0 Angelica Panganiban and Carlo Aquino sweet moments Love ...','2019-03-22 20:10:25','vyt5c93bdfc8caf15.08753899','vyt5c94d0b04c2718.78663314'),
	('vyt5c94e9b5325200.65876932','HUHC9tYz8ik','https://www.youtube.com/embed/HUHC9tYz8ik','Billie Eilish - bury a friend','BillieEilishVEVO','Music','Listen to bury a friend\": http://smarturl.it/buryafriend Pre-order \"WHEN WE ALL FALL ASLEEP, WHERE DO WE GO?\": http://smarturl.it/BILLIEALBUM Featuring ...','2019-03-22 21:57:09','vyt5c93bdfc8caf15.08753899','vyt5c94d566932475.83678504'),
	('vyt5c94d56ebf3d64.64872926','i0p1bmr0EmE','https://www.youtube.com/embed/i0p1bmr0EmE','TWICE &quot;What is Love?&quot; M/V','jypentertainment','Music','TWICE() \"What is Love?\" M/V Spotify https://goo.gl/jVLYYY iTunes & Apple Music https://goo.gl/DKyKZf Google Music https://goo.gl/DxAtPd TWICE ...','2019-03-22 20:30:38','vyt5c93bdfc8caf15.08753899','vyt5c94d566932475.83678504'),
	('vyt5c94d0b6cca871.91649918','jcRF12fj5bI','https://www.youtube.com/embed/jcRF12fj5bI','G-Mik Season 2: Jun-Jun gets his revenge','G E','People & Blogs','No copyright infringement intended. Credits to ABS-CBN Corporation, Jeepney TV and to the person responsible for recording the video. This video is not mine.','2019-03-22 20:10:30','vyt5c93bdfc8caf15.08753899','vyt5c94d0b04c2718.78663314'),
	('vyt5c94d56924ad91.07448386','JePnQ1gSagc','https://www.youtube.com/embed/JePnQ1gSagc','Marshmello - Together (Official Music Video)','Marshmello','Music','Together music video is live! This is a reminder that despite our different cultures and backgrounds, we\'re all the same    NEW Mello   by Marshmello gear ...','2019-03-22 20:30:33','vyt5c93bdfc8caf15.08753899','vyt5c94d566932475.83678504'),
	('vyt5c94d41a9da7b3.51673827','JgdpLX-62U4','https://www.youtube.com/embed/JgdpLX-62U4','Best 10 chansons sur youtube','Songs & Karaoke','Music','les chansons : _10 : https://www.youtube.com/watch?v=hT_nvWreIhg _09 : https://www.youtube.com/watch?v=CctG_0544vU _08 ...','2019-03-22 20:24:58','vyt5c93bdfc8caf15.08753899','vyt5c94d4142f1573.53281054'),
	('vyt5c94d415f26fd4.10682554','JG_mizslC1U','https://www.youtube.com/embed/JG_mizslC1U','YouTubers React to Viral Videos (Chocolate Rain, Justin Bieber, Magibon)','FBE','Entertainment','EXTRA REACTIONS #2: https://goo.gl/uJbrO1 SUBSCRIBE THEN HIT THE ! New Videos 2pm PST on FBE! http://goo.gl/aFu8C Watch all main React episodes ...','2019-03-22 20:24:53','vyt5c93bdfc8caf15.08753899','vyt5c94d4142f1573.53281054'),
	('vyt5c94d41487d409.07473117','kffacxfA7G4','https://www.youtube.com/embed/kffacxfA7G4','Justin Bieber - Baby ft. Ludacris (Official Music Video)','JustinBieberVEVO','Music','Music video by Justin Bieber performing Baby feat. Ludacris. #VEVOCertified on April 25, 2010. http://www.youtube.com/vevocertified #JustinBieber #Baby ...','2019-03-22 20:24:52','vyt5c93bdfc8caf15.08753899','vyt5c94d4142f1573.53281054'),
	('vyt5c94d5681c1574.18544598','kHLHSlExFis','https://www.youtube.com/embed/kHLHSlExFis','Ariana Grande - God is a woman','ArianaGrandeVevo','Music','God is a woman (Official Video) Song available here: https://arianagrande.lnk.to/GodIsAWomanYD Connect with Ariana: https://www.arianagrande.com ...','2019-03-22 20:30:32','vyt5c93bdfc8caf15.08753899','vyt5c94d566932475.83678504'),
	('vyt5c94d41d3a18a3.46669775','ldhyaNRJW20','https://www.youtube.com/embed/ldhyaNRJW20','If Songs Were In Reality | Martin','My Name Is Martin','Entertainment','In today\'s video I\'ve decided to show you a conversation build up by popular songs. Enjoy! Inspired by Jimmy Fallon and Steve Kardynal. Instagram ...','2019-03-22 20:25:01','vyt5c93bdfc8caf15.08753899','vyt5c94d4142f1573.53281054'),
	('vyt5c98f432bd4855.33519542','LH4Y1ZUUx2g','https://www.youtube.com/embed/LH4Y1ZUUx2g','Ariana Grande - break up with your girlfriend, i&#39;m bored','ArianaGrandeVevo','Music','break up with your girlfriend, i\'m bored (Official Video) Get thank u, next The Album Here: https://arianagrande.lnk.to/tun-albumYD Connect with Ariana Grande: ...','2019-03-25 23:30:58','vyt5c93bdfc8caf15.08753899','vyt5c94d566932475.83678504'),
	('vyt5c94d0b48ef931.05775687','LLp4kgZZ4-o','https://www.youtube.com/embed/LLp4kgZZ4-o','ANGELICA PANGANIBAN Todo Suporta kay CARLO AQUINO sa Meet Me in St Gallen Premiere','Jatamari\'s World','Entertainment','ANGELICA PANGANIBAN gave her full support to CARLO AQUINO during the premiere night of Carlo and Bela Padilla\'s movie Meet Me in St Gallen. Be sure to ...','2019-03-22 20:10:28','vyt5c93bdfc8caf15.08753899','vyt5c94d0b04c2718.78663314'),
	('vyt5c94d419a7ac99.52234334','m-lyWwQUAMc','https://www.youtube.com/embed/m-lyWwQUAMc','Passion. Because skateboarding is more than sports','SchnitzelSkate','Sports','A Movieproject about Skateboarding. It\'s been a long time I wanted to do something like this and now we did it. The movie is in swissgerman but we put captions ...','2019-03-22 20:24:57','vyt5c93bdfc8caf15.08753899','vyt5c94d4142f1573.53281054'),
	('vyt5c94d41c6b8a72.17264955','M6-1dXs9en0','https://www.youtube.com/embed/M6-1dXs9en0','H Jij - Wella (Nederlandse Rap)','dj double you music','People & Blogs','nederlandse rap zelfgemaakt.. voor dislikers http://www.youtube.com/watch?v=kffacxfA7G4 door: Dj Double You Ward Lehembre E-mail: ...','2019-03-22 20:25:00','vyt5c93bdfc8caf15.08753899','vyt5c94d4142f1573.53281054'),
	('vyt5c94d41ccfba63.33192513','M6QWlPieKjs','https://www.youtube.com/embed/M6QWlPieKjs','Kdyby Byly Psniky V Realit | Martin','Jmenuju Se Martin','Entertainment','Pemleli jste nkdy nad tm, jak by to bylo, kdyby byly psniky realita? Pokud je odpov ano, tak je dnen video pesn pro Vs. A pokud je odpov ne, ...','2019-03-22 20:25:00','vyt5c93bdfc8caf15.08753899','vyt5c94d4142f1573.53281054'),
	('vyt5c94d56f2edc09.04049243','mbN8UH8FBm8','https://www.youtube.com/embed/mbN8UH8FBm8','ABS-CBN Christmas Station ID 2017 Just Love Ngayong Christmas Recording Lyric Video','ABS-CBN Entertainment','Entertainment','ABS-CBN Christmas Station ID 2017 Just Love Ngayong Christmas Recording Lyric Video Thirty eight Kapamilya singers joined their voices in this hymn of ...','2019-03-22 20:30:39','vyt5c93bdfc8caf15.08753899','vyt5c94d566932475.83678504'),
	('vyt5c94d41faf6106.62366199','MZ3r8-LyASY','https://www.youtube.com/embed/MZ3r8-LyASY','Tag of 20 songs - Alexis Rodriguez','Alexis Rodriguez','People & Blogs','Thanks for watching my video! If you like It give a thumps up and if you want to watch more videos then SUBSCRIBE to my channel! Mario Aguilar: ...','2019-03-22 20:25:03','vyt5c93bdfc8caf15.08753899','vyt5c94d4142f1573.53281054'),
	('vyt5c98f430144766.31531253','M_ThtCRAySw','https://www.youtube.com/embed/M_ThtCRAySw','EVERY SUBWAY EVER','Smosh','Comedy','Subway - whether it\'s the $5 footlongs that are really $11.50, sandwiches that are 85% lettuce, the sandwich artist that takes it a little *too* seriously, and more, ...','2019-03-25 23:30:56','vyt5c93bdfc8caf15.08753899','vyt5c94d566932475.83678504'),
	('vyt5c94d41c105133.30023234','NfzxAeqQRoo','https://www.youtube.com/embed/NfzxAeqQRoo','#TIKTOK TRENDING#  #Royal Bro','Royal Bro','Music','Dhamal mach rha h aaj kal ye video tiktok per I am from azadpur lalbagh Please like and share my video Subscribe me If you want to contact me You can ...','2019-03-22 20:25:00','vyt5c93bdfc8caf15.08753899','vyt5c94d4142f1573.53281054'),
	('vyt5c98f438184175.57311295','OKNXn2qCEws','https://www.youtube.com/embed/OKNXn2qCEws','()((G)I-DLE) - &#39;()(HANN(Alone))&#39; Official Music Video','(G)I-DLE () (Official YouTube Channel)','Music','[Digital Single] () - ()(HANN((Alone) - Apple Music: https://apple.co/2vP28RP - Spotify: https://spoti.fi/2PdpNDC - Melon ...','2019-03-25 23:31:04','vyt5c93bdfc8caf15.08753899','vyt5c94d566932475.83678504'),
	('vyt5c94d0b443fe92.99968083','oO8K1DKyc1k','https://www.youtube.com/embed/oO8K1DKyc1k','Exes Baggage - Official Teaser 2 HD','Black Sheep','People & Blogs','Exes Baggage In cinemas everywhere September 26, 2018 Directed by Dan Villegas Starring Angelica Panganiban and Carlo Aquino Follow us: FB: ...','2019-03-22 20:10:28','vyt5c93bdfc8caf15.08753899','vyt5c94d0b04c2718.78663314'),
	('vyt5c94d0b731c372.47930926','P9vYXTnuDc8','https://www.youtube.com/embed/P9vYXTnuDc8','G-Mik Season 2: Borj and Roni (#7)','G E','People & Blogs','No copyright infringement intended. Credits to ABS-CBN Corporation, Jeepney TV and to the person responsible for recording the whole episode. This video is ...','2019-03-22 20:10:31','vyt5c93bdfc8caf15.08753899','vyt5c94d0b04c2718.78663314'),
	('vyt5c94d5686a1a62.68631575','pbMwTqkKSps','https://www.youtube.com/embed/pbMwTqkKSps','Billie Eilish - when the party&#39;s over','BillieEilishVEVO','Music','Listen to when the party\'s over\": http://smarturl.it/whenthepartysover Pre-order \"WHEN WE ALL FALL ASLEEP, WHERE DO WE GO?','2019-03-22 20:30:32','vyt5c93bdfc8caf15.08753899','vyt5c94d566932475.83678504'),
	('vyt5c94d56d3c0bb4.10860627','pBuZEGYXA6E','https://www.youtube.com/embed/pBuZEGYXA6E','BTS () &#39;IDOL&#39; Official MV','ibighit','Music','BTS () \'IDOL\' Official MV Director : YongSeok Choi (Lumpens) Assistant Director : Guzza, MinJe Jeong, HyeJeong Park (Lumpens) Director of ...','2019-03-22 20:30:37','vyt5c93bdfc8caf15.08753899','vyt5c94d566932475.83678504'),
	('vyt5c94d41b47f9b7.34813840','pGVi6IM0MoA','https://www.youtube.com/embed/pGVi6IM0MoA','Portal 2 Let&#39;s Play Part 4','Chance Plays','Howto & Style','The song that I used for the Portal television show like most of you know is called Baby by Justin Bieber watch it here: ...','2019-03-22 20:24:59','vyt5c93bdfc8caf15.08753899','vyt5c94d4142f1573.53281054'),
	('vyt5c94d417804b82.16157971','po7pxXn-kuI','https://www.youtube.com/embed/po7pxXn-kuI','YOUTUBERS REACT TO 10 #1 MOST VIEWED YOUTUBE VIDEOS','FBE','Entertainment','Help support the relief efforts in Puerto Rico & Mexico : https://goo.gl/5rQXLy Many families are still w/o power or crucial supplies and need desperate aid ...','2019-03-22 20:24:55','vyt5c93bdfc8caf15.08753899','vyt5c94d4142f1573.53281054'),
	('vyt5c94d4183b4235.33869508','pQrwEEzHZag','https://www.youtube.com/embed/pQrwEEzHZag','James&#39;s Mixtape - Full Album','TheOdd2sOut','Comedy','00:07 - Take On Me (Mine Diamonds) https://youtu.be/dgha9S39Y6M 03:56 - All The Others Players https://youtu.be/9fhzbaETUG0 07:48 - The Bells Of Notre ...','2019-03-22 20:24:56','vyt5c93bdfc8caf15.08753899','vyt5c94d4142f1573.53281054'),
	('vyt5c94d56c240170.89886337','Pt2geaN96Os','https://www.youtube.com/embed/Pt2geaN96Os','Keep Your Adsense On Content ID Claim Videos','David Walsh Online','Howto & Style','Keep Your Adsense On Content ID Claim Videos -- if you get his with a Content ID Claim falsely, you can lose your Adsense Revenue if you don\'t act quickly.','2019-03-22 20:30:36','vyt5c93bdfc8caf15.08753899','vyt5c94d566932475.83678504'),
	('vyt5c94d0b57f50c3.60298833','pwZFvkGuy0Q','https://www.youtube.com/embed/pwZFvkGuy0Q','G-Mik Season 2: Borj and Roni (#3)','G E','People & Blogs','No copyright infringement intended. Credits to ABS-CBN Corporation and Jeepney TV This video is not mine and credits to the person who recorded this ...','2019-03-22 20:10:29','vyt5c93bdfc8caf15.08753899','vyt5c94d0b04c2718.78663314'),
	('vyt5c94d4194cfba2.41701784','qatjLIetYWw','https://www.youtube.com/embed/qatjLIetYWw','Top 5 Most Disliked Videos on YouTube','FlareTV','Entertainment','Here are the Top 5 Most Disliked Videos on YouTube! The 2018 YouTube rewind is about to be the most disliked video on YouTube. In this video, we are ...','2019-03-22 20:24:57','vyt5c93bdfc8caf15.08753899','vyt5c94d4142f1573.53281054'),
	('vyt5c94d0b17d5189.52537347','Rh9DY457bNM','https://www.youtube.com/embed/Rh9DY457bNM','Carlo Aquino And Angelica Panganiban On Their Past Relationship','COSMOPOLITAN PHILIPPINES','Howto & Style','VIDEO PRODUCED BY: Jacinda A. Lopez and Louise Ferrer VIDEO SHOT BY: Erika Dupali and Pam Carlota VIDEO EDITED BY: Pam Carlota Check out more ...','2019-03-22 20:10:25','vyt5c93bdfc8caf15.08753899','vyt5c94d0b04c2718.78663314'),
	('vyt5c94d56bc762a5.18195086','ShZ978fBl6Y','https://www.youtube.com/embed/ShZ978fBl6Y','Calum Scott - You Are The Reason (Official)','CalumScottVEVO','Music','Calum\'s debut album \'Only Human\' feat. You Are The Reason & Dancing On My Own out now! iTunes: https://calumscott.lnk.to/onlyhumanYD/iTunes Listen ...','2019-03-22 20:30:35','vyt5c93bdfc8caf15.08753899','vyt5c94d566932475.83678504'),
	('vyt5c94d4203822e8.15864709','tktiHL081Tg','https://www.youtube.com/embed/tktiHL081Tg','Justin Bieber BABY - Sing Along Songs by SANEETS Piano Karaoke Song Lyrics','SS M','Music','Justin Bieber BABY - Sing Along Songs by SANEETS Piano Karaoke Song Lyrics CLICK HERE - http://www.saneets.com/singing-lessons/ Having problems to ...','2019-03-22 20:25:04','vyt5c93bdfc8caf15.08753899','vyt5c94d4142f1573.53281054'),
	('vyt5c94d417e482c6.63900467','tviTCDZvYLE','https://www.youtube.com/embed/tviTCDZvYLE','Justin Bieber - Baby (A Cappella Operatic Fictional Language Version)','Artifexian','Education','So, I roped in an Opera singer friend (/u/zaphodfreek) and got him to record Justin Bieber\'s Baby using only the phonemes available in Oa. The subtitles are a ...','2019-03-22 20:24:55','vyt5c93bdfc8caf15.08753899','vyt5c94d4142f1573.53281054'),
	('vyt5c94d0b30c3418.31527835','UFyjzB_8eKY','https://www.youtube.com/embed/UFyjzB_8eKY','Angelica Panganiban: &quot;Please, ligawan niyo &#39;ko!&quot; | PEP Main Attraction','PEP','Entertainment','Angelica Panganiban and Zanjoe Marudo exchange love advice with each other. Read their PEP Main Attraction feature here: ...','2019-03-22 20:10:27','vyt5c93bdfc8caf15.08753899','vyt5c94d0b04c2718.78663314'),
	('vyt5c94d0b87474d7.84071325','UkcvHzSzadw','https://www.youtube.com/embed/UkcvHzSzadw','Ben&amp;Ben - Maybe The Night For FHM Sessions','FHM Philippines','Entertainment','Ben&Ben sings Maybe The Night for FHM Sessions Multimedia Producer: Lian Hammer Dumas and Jham Mariano For more of FHM Philippines, log on to ...','2019-03-22 20:10:32','vyt5c93bdfc8caf15.08753899','vyt5c94d0b04c2718.78663314'),
	('vyt5c94d0b7cd0333.44733242','Vtp8nOmCzII','https://www.youtube.com/embed/Vtp8nOmCzII','Angelica Panganiban asked: Na-in love ka ba talaga kay Carlo Aquino?','News One','Gaming','MANILA -- \"Playhouse\" star Angelica Panganiban admitted she almost fell in love with ex-boyfriend Carlo Aquino again. It seemed, however, that she was lying, ...','2019-03-22 20:10:31','vyt5c93bdfc8caf15.08753899','vyt5c94d0b04c2718.78663314'),
	('vyt5c94d56ce59aa3.04029337','VY1eFxgRR-k','https://www.youtube.com/embed/VY1eFxgRR-k','Selena Gomez - Back To You','SelenaGomezVEVO','Music','Get \'Back To You,\' out now: http://smarturl.it/BackToYouSG Get exclusive Selena Gomez merch, available at: http://smarturl.it/SelenaStore Sign-up to be the first ...','2019-03-22 20:30:36','vyt5c93bdfc8caf15.08753899','vyt5c94d566932475.83678504'),
	('vyt5c94d56e0ccca4.26821979','VyfCR2Fy4_w','https://www.youtube.com/embed/VyfCR2Fy4_w','How To Find Out Youtube Channel ID &amp; User ID (New Update 2018)','Solve in Web','Howto & Style','Find Out your Youtube Channel ID & User ID Blog: http://www.solveinweb.com/ Facebook: https://www.facebook.com/solveinweb Twitter: ...','2019-03-22 20:30:38','vyt5c93bdfc8caf15.08753899','vyt5c94d566932475.83678504'),
	('vyt5c94d56b1769b4.57551566','VYOjWnS4cMY','https://www.youtube.com/embed/VYOjWnS4cMY','Childish Gambino - This Is America (Official Video)','ChildishGambinoVEVO','Music','This is America by Childish Gambino http://smarturl.it/TcIgA Director: Hiro Murai Producer: Jason Cole of Doomsday with Ibra Ake and Fam Rothstein of Wolf + ...','2019-03-22 20:30:35','vyt5c93bdfc8caf15.08753899','vyt5c94d566932475.83678504'),
	('vyt5c94d0b8c32bf7.62641429','w5T5S927nVU','https://www.youtube.com/embed/w5T5S927nVU','Maybe The Night | Exes Baggage OST Cover by Franz and Joanne','Joanne Abraham','People & Blogs','Hello! Welcome to my channel! Hubby and I watched Exes Baggage movie on theater yesterday and we really loved it. Got LSS with this beautiful song by ...','2019-03-22 20:10:32','vyt5c93bdfc8caf15.08753899','vyt5c94d0b04c2718.78663314'),
	('vyt5c94d41dd594f4.73359557','WjiStgazJcg','https://www.youtube.com/embed/WjiStgazJcg','justin bieber - baby ft ludacris | (two indian girl) md saddam ! star boys','TEAM SAMURAI - Saddam','Music','Please watch: \"FREE FIRE HOLI EVENT FULL DETAILS | FREE SKULL MASK - FREE WEAPON SKIN | TEAM SAMURAI SADDAM\" ...','2019-03-22 20:25:01','vyt5c93bdfc8caf15.08753899','vyt5c94d4142f1573.53281054'),
	('vyt5c94d0b36fef27.91539149','wwKIPq4OQLw','https://www.youtube.com/embed/wwKIPq4OQLw','G-Mik Season 2: Borj, Jun-Jun, and Jelai reunites with the Salcedo&#39;s','G E','People & Blogs','No copyright infringement intended. Credits to ABS-CBN Corporation, Jeepney TV and to the person responsible for recording the video. This video is not mine.','2019-03-22 20:10:27','vyt5c93bdfc8caf15.08753899','vyt5c94d0b04c2718.78663314'),
	('vyt5c94d567650a22.40300314','YbJOTdZBX1g','https://www.youtube.com/embed/YbJOTdZBX1g','YouTube Rewind 2018: Everyone Controls Rewind | #YouTubeRewind','YouTube','Entertainment','YouTube Rewind 2018. Celebrating the videos, people, music and moments that defined 2018. #YouTubeRewind It wouldn\'t be Rewind without the creators: ...','2019-03-22 20:30:31','vyt5c93bdfc8caf15.08753899','vyt5c94d566932475.83678504'),
	('vyt5c94d41bb1b242.72736032','YIWN0rGRi44','https://www.youtube.com/embed/YIWN0rGRi44','Justin Bieber - &quot;Baby&#39;&#39; PARODY Rkshorts Sub Espaol','Frank Traductor','Comedy','Vdeo algo perturbante pero muy gracioso espero les guste Disfruten! ..... Me dicen si ven a Bart Baker en este vdeo ...','2019-03-22 20:24:59','vyt5c93bdfc8caf15.08753899','vyt5c94d4142f1573.53281054'),
	('vyt5c94d56a5c4b23.24539104','YKx5Yd2zvKk','https://www.youtube.com/embed/YKx5Yd2zvKk','Save Thumbnail from Any YouTube Video (Revised How to)','GodlessManitoban','Science & Technology','How to save a YouTube video thumbnail. No websites, add-ons or scripts and works with any web browser. https://i.ytimg.com/vi/(insert video ID ...','2019-03-22 20:30:34','vyt5c93bdfc8caf15.08753899','vyt5c94d566932475.83678504'),
	('vyt5c94d569894bf9.39418549','YrbgUtCfnC0','https://www.youtube.com/embed/YrbgUtCfnC0','Zedd, Katy Perry - 365 (Official)','KatyPerryVEVO','Music','Zedd & Katy Perry - 365 (Official Music Video) Listen to 365 from Zedd & Katy Perry: Apple Music: http://zedd.me/365/applemusic Spotify: ...','2019-03-22 20:30:33','vyt5c93bdfc8caf15.08753899','vyt5c94d566932475.83678504'),
	('vyt5c94d0b11940e7.56927518','yvX8axLtwPI','https://www.youtube.com/embed/yvX8axLtwPI','Exes Baggage - Full Trailer HD','Black Sheep','People & Blogs','Don\'t let it weigh you down. Unpacking this September 26, 2018. #ExesBaggage Directed by Dan Villegas Starring #AngelicaPanganiban and #CarloAquino ...','2019-03-22 20:10:25','vyt5c93bdfc8caf15.08753899','vyt5c94d0b04c2718.78663314'),
	('vyt5c94e9b45e7d81.60069937','ZAfAud_M_mg','https://www.youtube.com/embed/ZAfAud_M_mg','Halsey - Without Me','HalseyVEVO','Music','\"Without Me\" available now: https://halsey.lnk.to/WithoutMeYD listen on Spotify: https://halsey.lnk.to/WithoutMeYD/spotify listen on Apple Music: ...','2019-03-22 21:57:08','vyt5c93bdfc8caf15.08753899','vyt5c94d566932475.83678504'),
	('vyt5c94d0b6048ce5.14605821','zPdewquVB2w','https://www.youtube.com/embed/zPdewquVB2w','G-Mik Season 2: Sleepover','G E','People & Blogs','No copyright infringement intended. Credits to ABS-CBN Corporation, Jeepney TV and to the person responsible for recording this video. This video is not mine.','2019-03-22 20:10:30','vyt5c93bdfc8caf15.08753899','vyt5c94d0b04c2718.78663314'),
	('vyt5c94d416617119.98987323','zxtR00850C4','https://www.youtube.com/embed/zxtR00850C4','Let me love you 2017','Bharat Rohit','People & Blogs','Welcome 2017 & Happy new year  video web https://youtu.be/zxtR00850C4 https://youtu.be/l7f1ONhwjpg https://youtu.be/9w5YhtQcT4o ...','2019-03-22 20:24:54','vyt5c93bdfc8caf15.08753899','vyt5c94d4142f1573.53281054'),
	('vyt5c94d570036419.39538108','zzcuEa-An8c','https://www.youtube.com/embed/zzcuEa-An8c','Change video playback settings on YouTube','TeamYouTube [Help]','Howto & Style','To learn more, please visit the YouTube Help Center: https://www.youtube.com/help.','2019-03-22 20:30:40','vyt5c93bdfc8caf15.08753899','vyt5c94d566932475.83678504'),
	('vyt5c94d44289ab95.36439738','_kVyvmQnumc','https://www.youtube.com/embed/_kVyvmQnumc',' YouTube:    YouTube,       ','DiViDent Show','People & Blogs','      YouTube:     YouTube ( ), ,   ...','2019-03-22 20:25:38','vyt5c93bdfc8caf15.08753899','vyt5c94d4142f1573.53281054'),
	('vyt5c94d419ef5128.21147233','_NDLcS6ElHs','https://www.youtube.com/embed/_NDLcS6ElHs','8DJustin Bieber - Baby (ft.Ludacris) (Lyrics)','Bihuan Music','Music','\"\" Click \"Show more\" to know more information  ...','2019-03-22 20:24:57','vyt5c93bdfc8caf15.08753899','vyt5c94d4142f1573.53281054'),
	('vyt5c94d567c7c517.87848218','_quu68XXHEs','https://www.youtube.com/embed/_quu68XXHEs','DON&#39;T CALL ME A NOOB (Official Roblox Music Video)','Kawaii Kunicorn','Entertainment','6th Annual Bloxy Award Winner Best Original Music Video GET THE SONG    Spotify https://goo.gl/TeyajP    iTunes https://goo.gl/5TVzk4    Apple ...','2019-03-22 20:30:31','vyt5c93bdfc8caf15.08753899','vyt5c94d566932475.83678504');

/*!40000 ALTER TABLE `VIDEO` ENABLE KEYS */;
UNLOCK TABLES;



/*!40111 SET SQL_NOTES=@OLD_SQL_NOTES */;
/*!40101 SET SQL_MODE=@OLD_SQL_MODE */;
/*!40014 SET FOREIGN_KEY_CHECKS=@OLD_FOREIGN_KEY_CHECKS */;
/*!40101 SET CHARACTER_SET_CLIENT=@OLD_CHARACTER_SET_CLIENT */;
/*!40101 SET CHARACTER_SET_RESULTS=@OLD_CHARACTER_SET_RESULTS */;
/*!40101 SET COLLATION_CONNECTION=@OLD_COLLATION_CONNECTION */;
